date,PortfolioValue_copy,PortfolioValue_copy_scaled,PortfolioValue_fund
2014-06-30 00:00:00+00:00,,,1000000.0
2014-07-01 00:00:00+00:00,,,1000000.0
2014-07-02 00:00:00+00:00,,,1000000.0
2014-07-03 00:00:00+00:00,,,1000000.0
2014-07-07 00:00:00+00:00,,,1000000.0
2014-07-08 00:00:00+00:00,,,1000000.0
2014-07-09 00:00:00+00:00,,,1000000.0
2014-07-10 00:00:00+00:00,,,1000000.0
2014-07-11 00:00:00+00:00,,,1000000.0
2014-07-14 00:00:00+00:00,,,1000000.0
2014-07-15 00:00:00+00:00,,,1000000.0
2014-07-16 00:00:00+00:00,,,1000000.0
2014-07-17 00:00:00+00:00,,,1000000.0
2014-07-18 00:00:00+00:00,,,1000000.0
2014-07-21 00:00:00+00:00,,,1000000.0
2014-07-22 00:00:00+00:00,,,1000000.0
2014-07-23 00:00:00+00:00,,,1000000.0
2014-07-24 00:00:00+00:00,,,1000000.0
2014-07-25 00:00:00+00:00,,,1000000.0
2014-07-28 00:00:00+00:00,,,1000000.0
2014-07-29 00:00:00+00:00,,,1000000.0
2014-07-30 00:00:00+00:00,,,1000000.0
2014-07-31 00:00:00+00:00,,,1000000.0
2014-08-01 00:00:00+00:00,,,1000000.0
2014-08-04 00:00:00+00:00,,,1000000.0
2014-08-05 00:00:00+00:00,,,1000000.0
2014-08-06 00:00:00+00:00,,,1000000.0
2014-08-07 00:00:00+00:00,,,1000000.0
2014-08-08 00:00:00+00:00,,,1000000.0
2014-08-11 00:00:00+00:00,,,1000000.0
2014-08-12 00:00:00+00:00,,,1000000.0
2014-08-13 00:00:00+00:00,,,1000000.0
2014-08-14 00:00:00+00:00,,,1000000.0
2014-08-15 00:00:00+00:00,,,1000000.0
2014-08-18 00:00:00+00:00,,,1000000.0
2014-08-19 00:00:00+00:00,,,1000000.0
2014-08-20 00:00:00+00:00,,,1000000.0
2014-08-21 00:00:00+00:00,,,1000000.0
2014-08-22 00:00:00+00:00,,,1000000.0
2014-08-25 00:00:00+00:00,,,1000000.0
2014-08-26 00:00:00+00:00,,,1000000.0
2014-08-27 00:00:00+00:00,,,1000000.0
2014-08-28 00:00:00+00:00,,,1000000.0
2014-08-29 00:00:00+00:00,,,1000000.0
2014-09-02 00:00:00+00:00,,,1000000.0
2014-09-03 00:00:00+00:00,,,1000000.0
2014-09-04 00:00:00+00:00,,,1000000.0
2014-09-05 00:00:00+00:00,,,1000000.0
2014-09-08 00:00:00+00:00,,,1000000.0
2014-09-09 00:00:00+00:00,,,1000000.0
2014-09-10 00:00:00+00:00,,,1000000.0
2014-09-11 00:00:00+00:00,,,1000000.0
2014-09-12 00:00:00+00:00,,,1000000.0
2014-09-15 00:00:00+00:00,,,1000000.0
2014-09-16 00:00:00+00:00,,,1000000.0
2014-09-17 00:00:00+00:00,,,1000000.0
2014-09-18 00:00:00+00:00,,,1000000.0
2014-09-19 00:00:00+00:00,,,1000000.0
2014-09-22 00:00:00+00:00,,,997759.6365652034
2014-09-23 00:00:00+00:00,,,996236.1872697823
2014-09-24 00:00:00+00:00,,,998140.4966393093
2014-09-25 00:00:00+00:00,,,997216.3445851938
2014-09-26 00:00:00+00:00,,,998078.8850025353
2014-09-29 00:00:00+00:00,,,997121.130691542
2014-09-30 00:00:00+00:00,,,997177.135952838
2014-10-01 00:00:00+00:00,,,995636.8900284767
2014-10-02 00:00:00+00:00,,,996174.5801325071
2014-10-03 00:00:00+00:00,,,996757.0672463763
2014-10-06 00:00:00+00:00,,,996874.6931434438
2014-10-07 00:00:00+00:00,,,996516.2315742573
2014-10-08 00:00:00+00:00,,,996869.0957669633
2014-10-09 00:00:00+00:00,,,997143.5381954589
2014-10-10 00:00:00+00:00,,,995513.6712544276
2014-10-13 00:00:00+00:00,,,995088.0051714855
2014-10-14 00:00:00+00:00,,,994992.7867783349
2014-10-15 00:00:00+00:00,,,995356.8502235006
2014-10-16 00:00:00+00:00,,,997177.135952838
2014-10-17 00:00:00+00:00,,,996650.6541002648
2014-10-20 00:00:00+00:00,,,996846.6882630463
2014-10-21 00:00:00+00:00,,,998325.3270501324
2014-10-22 00:00:00+00:00,,,998734.1965041345
2014-10-23 00:00:00+00:00,,,1000313.6465613527
2014-10-24 00:00:00+00:00,,,1001047.3708281646
2014-10-27 00:00:00+00:00,,,1002184.349174503
2014-10-28 00:00:00+00:00,,,1003242.9192551273
2014-10-29 00:00:00+00:00,,,1002475.5972309363
2014-10-30 00:00:00+00:00,,,1002710.835526575
2014-10-31 00:00:00+00:00,,,1002638.0201378425
2014-11-03 00:00:00+00:00,,,1004430.3144852788
2014-11-04 00:00:00+00:00,,,1006821.9015745218
2014-11-05 00:00:00+00:00,,,1008278.1328576909
2014-11-06 00:00:00+00:00,,,1009902.397922743
2014-11-07 00:00:00+00:00,,,1011577.061873613
2014-11-10 00:00:00+00:00,,,1014147.8819971987
2014-11-11 00:00:00+00:00,,,1011565.8671206521
2014-11-12 00:00:00+00:00,,,1013615.7937691476
2014-11-13 00:00:00+00:00,,,1011733.8919035376
2014-11-14 00:00:00+00:00,,,1011879.5181815036
2014-11-17 00:00:00+00:00,,,1011403.4397142471
2014-11-18 00:00:00+00:00,,,1009476.7273403021
2014-11-19 00:00:00+00:00,,,1008362.1474988831
2014-11-20 00:00:00+00:00,,,1008922.2406073315
2014-11-21 00:00:00+00:00,,,1009431.9258309646
2014-11-24 00:00:00+00:00,,,1011218.609303424
2014-11-25 00:00:00+00:00,,,1010966.5653798478
2014-11-26 00:00:00+00:00,,,1010518.4962924875
2014-11-28 00:00:00+00:00,,,1009941.6020556
2014-12-01 00:00:00+00:00,,,1006777.0910661868
2014-12-02 00:00:00+00:00,,,1008961.4492396874
2014-12-03 00:00:00+00:00,,,1009381.5134466504
2014-12-04 00:00:00+00:00,,,1008558.1771621658
2014-12-05 00:00:00+00:00,,,1007846.8693982683
2014-12-08 00:00:00+00:00,,,1006261.8084660734
2014-12-09 00:00:00+00:00,,,1007611.626603131
2014-12-10 00:00:00+00:00,,,1005595.2977120145
2014-12-11 00:00:00+00:00,,,1006205.7987052785
2014-12-12 00:00:00+00:00,,,1006284.2159699902
2014-12-15 00:00:00+00:00,,,1006054.5750508321
2014-12-16 00:00:00+00:00,,,1006653.8677926388
2014-12-17 00:00:00+00:00,,,1008474.1625209737
2014-12-18 00:00:00+00:00,,,1008602.9876705009
2014-12-19 00:00:00+00:00,,,1009387.1153226296
2014-12-22 00:00:00+00:00,,,1008334.1426184857
2014-12-23 00:00:00+00:00,,,1006513.8433906521
2014-12-24 00:00:00+00:00,,,1006754.6925612674
2014-12-26 00:00:00+00:00,,,1006754.6925612674
2014-12-29 00:00:00+00:00,,,1006771.4936897063
2014-12-30 00:00:00+00:00,,,1006642.6685401791
2014-12-31 00:00:00+00:00,,,1006642.6685401791
2015-01-02 00:00:00+00:00,,,1005352.8755508703
2015-01-05 00:00:00+00:00,,,998094.4691729951
2015-01-06 00:00:00+00:00,,,1003944.052068729
2015-01-07 00:00:00+00:00,,,1001532.5529966571
2015-01-08 00:00:00+00:00,,,1009540.6970494748
2015-01-09 00:00:00+00:00,,,1004252.5638977244
2015-01-12 00:00:00+00:00,,,1000385.6297700497
2015-01-13 00:00:00+00:00,,,998463.2655484399
2015-01-14 00:00:00+00:00,,,995218.2546170587
2015-01-15 00:00:00+00:00,,,986855.5703608689
2015-01-16 00:00:00+00:00,,,988618.2052711085
2015-01-20 00:00:00+00:00,,,996692.5029379225
2015-01-21 00:00:00+00:00,,,1005763.7186414328
2015-01-22 00:00:00+00:00,,,1008212.1142236574
2015-01-23 00:00:00+00:00,,,1005669.507288577
2015-01-26 00:00:00+00:00,,,1007954.549678609
2015-01-27 00:00:00+00:00,,,1005066.1358083398
2015-01-28 00:00:00+00:00,,,993136.8489164088
2015-01-29 00:00:00+00:00,,,970867.2265876313
2015-01-30 00:00:00+00:00,,,968106.3673700045
2015-02-02 00:00:00+00:00,,,971374.240554085
2015-02-03 00:00:00+00:00,,,973213.277086558
2015-02-04 00:00:00+00:00,,,971480.6439465455
2015-02-05 00:00:00+00:00,,,963941.6875200962
2015-02-06 00:00:00+00:00,,,959989.5613368404
2015-02-09 00:00:00+00:00,,,960765.1144738725
2015-02-10 00:00:00+00:00,,,963938.8667126643
2015-02-11 00:00:00+00:00,,,960460.8036455098
2015-02-12 00:00:00+00:00,,,963968.1646497068
2015-02-13 00:00:00+00:00,1000000.0,1000000.0,969362.5412684465
2015-02-17 00:00:00+00:00,993355.8165621856,990833.946997676,963620.1460976182
2015-02-18 00:00:00+00:00,993019.4764821653,990369.9455098894,963328.7229065034
2015-02-19 00:00:00+00:00,993338.2759257937,990809.748628626,963580.4016433852
2015-02-20 00:00:00+00:00,992799.3067985631,990066.2081118645,963152.9510420568
2015-02-23 00:00:00+00:00,988989.5186237443,984810.3748458427,959811.1446405335
2015-02-24 00:00:00+00:00,987101.276155638,982205.4301290252,958262.2426839821
2015-02-25 00:00:00+00:00,991523.313643768,988305.8983617016,962064.8880029697
2015-02-26 00:00:00+00:00,989079.8185234984,984934.9490203816,959958.9031128758
2015-02-27 00:00:00+00:00,988308.1556159777,983870.39335655,959289.0384060391
2015-03-02 00:00:00+00:00,984917.4095103261,979192.6539755238,956357.0080751297
2015-03-03 00:00:00+00:00,977445.3604448873,968884.5102569172,949870.0886606139
2015-03-04 00:00:00+00:00,988795.8447647277,984543.1900407383,959598.6298878223
2015-03-05 00:00:00+00:00,990573.8374507083,986996.0385133872,961123.8755689193
2015-03-06 00:00:00+00:00,985021.325767108,979336.0127383245,956250.7079050405
2015-03-09 00:00:00+00:00,979319.1143758583,971469.4671602508,951312.6969509076
2015-03-10 00:00:00+00:00,979963.9463180944,972359.0518346424,951748.5407431321
2015-03-11 00:00:00+00:00,977254.3050724503,968620.9378124585,949451.1222855726
2015-03-12 00:00:00+00:00,977232.9696411078,968591.5042942027,949466.3929910115
2015-03-13 00:00:00+00:00,976692.8377297116,967846.3596463399,948935.8112845537
2015-03-16 00:00:00+00:00,983445.8145646574,977162.4997216268,954823.7022172001
2015-03-17 00:00:00+00:00,985282.2859171424,979696.0230524732,956468.9478274512
2015-03-18 00:00:00+00:00,986288.2460834247,981083.8059589311,957468.7838133012
2015-03-19 00:00:00+00:00,989205.6549970177,985108.548048268,959891.4895751715
2015-03-20 00:00:00+00:00,988044.8808515121,983507.189891767,958971.7521946413
2015-03-23 00:00:00+00:00,985295.8938275429,979714.7959881017,956617.2311957958
2015-03-24 00:00:00+00:00,983562.2435277813,977323.1205198013,955143.5841966006
2015-03-25 00:00:00+00:00,983426.0303413792,977135.2061887382,954937.3271489553
2015-03-26 00:00:00+00:00,984398.6833151062,978477.0398080975,955725.4094742881
2015-03-27 00:00:00+00:00,985708.9680891514,980284.6569215388,956870.6435186862
2015-03-30 00:00:00+00:00,984260.7858213799,978286.8018731858,955726.5574845965
2015-03-31 00:00:00+00:00,982215.4430256406,975465.1277503782,955726.5574845965
2015-04-01 00:00:00+00:00,979964.6651574135,972360.0435169704,955114.5158225219
2015-04-02 00:00:00+00:00,980191.7332606271,972673.2977021799,955127.9069023938
2015-04-06 00:00:00+00:00,979223.7049158018,971337.844038164,954840.8158729147
2015-04-07 00:00:00+00:00,980228.3387089918,972723.7971327003,955113.482865498
2015-04-08 00:00:00+00:00,990398.3906017137,986753.9989712783,957652.4824140398
2015-04-09 00:00:00+00:00,992962.1280997595,990290.8299469841,958277.5616569998
2015-04-10 00:00:00+00:00,988324.1651602184,983892.4794913512,957087.8715781958
2015-04-13 00:00:00+00:00,987235.0108404553,982389.9252172114,956827.8086553013
2015-04-14 00:00:00+00:00,989532.5193262973,985559.477164658,957401.8250235234
2015-04-15 00:00:00+00:00,988776.9829553561,984517.1690336367,957186.064890314
2015-04-16 00:00:00+00:00,987212.3626564266,982358.6806772078,956761.001089783
2015-04-17 00:00:00+00:00,980171.3823836464,972645.2224362281,955015.7336149917
2015-04-20 00:00:00+00:00,981042.10151349,973846.432151309,955240.3297601567
2015-04-21 00:00:00+00:00,981889.7949821329,975015.8765737917,955439.1963848774
2015-04-22 00:00:00+00:00,981136.8903203153,973977.1990447158,955212.4014754596
2015-04-23 00:00:00+00:00,982069.4794776215,975263.7622056019,955427.4716002166
2015-04-24 00:00:00+00:00,989038.057739324,984877.3374922317,957198.8247374237
2015-04-27 00:00:00+00:00,990152.7010834741,986415.0554175104,957472.0545176589
2015-04-28 00:00:00+00:00,990745.5247294276,987232.8915008605,957618.3145658857
2015-04-29 00:00:00+00:00,982462.9641168207,975806.5980698215,955539.1770675667
2015-04-30 00:00:00+00:00,978487.8622525433,970322.7045682918,954571.110825033
2015-05-01 00:00:00+00:00,978332.0888477503,970107.8057326337,954511.0950817323
2015-05-04 00:00:00+00:00,976790.0414655227,967980.4580803777,954097.9814630533
2015-05-05 00:00:00+00:00,973287.8890637179,963149.0269741167,953237.2916044747
2015-05-06 00:00:00+00:00,974256.882026938,964485.811387564,953524.3753138531
2015-05-07 00:00:00+00:00,992148.0866308472,989167.810493958,958106.883660123
2015-05-08 00:00:00+00:00,995733.9971311344,994114.7909641472,958983.790484279
2015-05-11 00:00:00+00:00,994403.1006496637,992278.7387533763,958673.5727721897
2015-05-12 00:00:00+00:00,994444.3448901477,992335.6376782563,958694.6951817983
2015-05-13 00:00:00+00:00,994444.3448901477,992335.6376782563,959285.861605535
2015-05-14 00:00:00+00:00,995153.4656898723,993425.4565436927,960002.7414411963
2015-05-15 00:00:00+00:00,995238.6222720849,993556.3302253666,960088.9924788929
2015-05-18 00:00:00+00:00,994163.7515282732,991904.4051725876,959002.4751594595
2015-05-19 00:00:00+00:00,995004.827586672,993197.0206988363,959852.5049275659
2015-05-20 00:00:00+00:00,996886.0267923668,996088.1591124977,961753.621945322
2015-05-21 00:00:00+00:00,999275.0744960906,999759.7891915437,964167.8993602367
2015-05-22 00:00:00+00:00,998830.1902288148,999076.0646870568,963718.3820777702
2015-05-26 00:00:00+00:00,998180.5922461352,998077.7240140028,963061.5045198686
2015-05-27 00:00:00+00:00,998242.3510803997,998172.6386501478,963123.9236389716
2015-05-28 00:00:00+00:00,996927.1515083318,996151.3620129229,961794.4666857743
2015-05-29 00:00:00+00:00,995645.158955805,994181.1198910796,960498.6559557695
2015-06-01 00:00:00+00:00,996731.0404150418,995849.9668637866,961595.9515043853
2015-06-02 00:00:00+00:00,996545.9374350173,995565.4896354249,961408.9800819473
2015-06-03 00:00:00+00:00,996732.5967206268,995852.3586864315,961597.4952061415
2015-06-04 00:00:00+00:00,996506.5418637487,995504.9441870332,961368.6840265056
2015-06-05 00:00:00+00:00,996575.7058360329,995611.2394780938,961438.4761917999
2015-06-08 00:00:00+00:00,994742.6722648259,992794.1248656674,959586.0119402087
2015-06-09 00:00:00+00:00,994176.3332088541,991923.7414448577,959013.5316599773
2015-06-10 00:00:00+00:00,995245.3617796359,993566.6878999344,960094.2263677462
2015-06-11 00:00:00+00:00,993942.0243260008,991563.6416692315,958776.9609158959
2015-06-12 00:00:00+00:00,993502.9883127545,990888.9051080876,958333.2723905345
2015-06-15 00:00:00+00:00,993062.7620532243,990212.3393059239,957888.1191374188
2015-06-16 00:00:00+00:00,993041.248256589,990179.2756284104,957866.3831793417
2015-06-17 00:00:00+00:00,993607.591658345,991049.6657280785,958438.8678430241
2015-06-18 00:00:00+00:00,993614.2917007646,991059.9627502939,958445.8542062627
2015-06-19 00:00:00+00:00,992807.6180247394,989820.2188438614,957630.4284404917
2015-06-22 00:00:00+00:00,992832.046393418,989857.7618083999,957655.4532048395
2015-06-23 00:00:00+00:00,992426.0469697381,989233.7978357532,957245.3841362866
2015-06-24 00:00:00+00:00,992459.2456908384,989284.819597599,957278.7659050226
2015-06-25 00:00:00+00:00,992495.3683501347,989340.3350409284,957315.189874565
2015-06-26 00:00:00+00:00,990965.6454003456,986989.3661647951,955769.0335006685
2015-06-29 00:00:00+00:00,989184.8137831357,984252.4786086064,953968.8084411046
2015-06-30 00:00:00+00:00,990163.5171295265,985756.6079064306,954958.2232456852
2015-07-01 00:00:00+00:00,990303.6992375387,985972.0480768046,955099.8732892985
2015-07-02 00:00:00+00:00,990031.5294712137,985553.7614519339,954824.9307083972
2015-07-06 00:00:00+00:00,988504.086894709,983206.2971885924,953280.6508961709
2015-07-07 00:00:00+00:00,987971.9851927459,982388.5317622286,952742.5704261379
2015-07-08 00:00:00+00:00,986541.385384855,980189.9012043113,951296.0423915972
2015-07-09 00:00:00+00:00,987460.1699037856,981601.9436974808,952224.9796215788
2015-07-10 00:00:00+00:00,988529.1698226769,983244.8461186342,953305.8647928667
2015-07-13 00:00:00+00:00,989741.5624968322,985108.1230231116,954531.2577560348
2015-07-14 00:00:00+00:00,989477.5525965084,984702.3769638414,954264.4911532854
2015-07-15 00:00:00+00:00,988841.3242611873,983724.5835570939,953621.2626811911
2015-07-16 00:00:00+00:00,989505.111579864,984744.7312425268,954292.3656332486
2015-07-17 00:00:00+00:00,990884.2726637615,986864.307721303,955686.1125193165
2015-07-20 00:00:00+00:00,990331.6417118408,986014.991727101,955127.478710623
2015-07-21 00:00:00+00:00,990234.4518911459,985865.6246514732,955029.2648206089
2015-07-22 00:00:00+00:00,991386.4245437074,987636.044486452,956193.1226083376
2015-07-23 00:00:00+00:00,991137.163402359,987252.9651939434,955941.0031024634
2015-07-24 00:00:00+00:00,990420.6790242959,986151.8295449723,955216.6094814555
2015-07-27 00:00:00+00:00,989109.4976321254,984136.7282847192,953891.122973442
2015-07-28 00:00:00+00:00,988518.5340212394,983228.5003887386,953294.113770317
2015-07-29 00:00:00+00:00,988335.1303969673,982946.6348309963,953108.9776591245
2015-07-30 00:00:00+00:00,988063.1503516973,982528.6397806852,952833.8984932491
2015-07-31 00:00:00+00:00,986885.4168855865,980718.6292009336,951643.9189648345
2015-08-03 00:00:00+00:00,986545.2730500805,980195.8759986014,951299.8071028591
2015-08-04 00:00:00+00:00,987227.1568385933,981243.8354112223,951988.9931053846
2015-08-05 00:00:00+00:00,987947.4714201981,982350.8575439628,952716.9467960433
2015-08-06 00:00:00+00:00,987257.6749484228,981290.7374508219,952019.652872003
2015-08-07 00:00:00+00:00,987149.2816168835,981124.1521558412,951910.0991611626
2015-08-10 00:00:00+00:00,988472.2506171373,983157.3693106957,953247.4454237416
2015-08-11 00:00:00+00:00,986004.7230562741,979365.1267367121,950753.294337093
2015-08-12 00:00:00+00:00,982939.2570099875,974653.9368662477,947655.0149046433
2015-08-13 00:00:00+00:00,982939.2570099875,974653.9368662477,948971.03377005
2015-08-14 00:00:00+00:00,982698.3885024022,974292.278035541,948709.4473654103
2015-08-17 00:00:00+00:00,982994.3104574382,974736.5984214299,948990.3472767366
2015-08-18 00:00:00+00:00,982092.7839947501,973382.9760254776,947941.4193882976
2015-08-19 00:00:00+00:00,981569.7651868388,972597.6746492073,947307.0742080435
2015-08-20 00:00:00+00:00,979642.8392404162,969704.437207633,945098.6233845219
2015-08-21 00:00:00+00:00,978170.1180568738,967493.1783488612,943333.4679116651
2015-08-24 00:00:00+00:00,976532.2365309794,965033.9348245428,941336.6802490886
2015-08-25 00:00:00+00:00,978438.5077596197,967896.1596561392,943504.9262309927
2015-08-26 00:00:00+00:00,978500.4497987076,967989.1642819939,943703.1209596808
2015-08-27 00:00:00+00:00,980000.6921774106,970241.745617337,945549.373818479
2015-08-28 00:00:00+00:00,979470.7903064267,969446.109471414,944906.1456400497
2015-08-31 00:00:00+00:00,976752.4558493469,965364.5893462914,941891.8919042764
2015-09-01 00:00:00+00:00,975864.6927485216,964031.6323391347,940743.7032114688
2015-09-02 00:00:00+00:00,976353.3045339175,964765.2723186711,941344.7293525677
2015-09-03 00:00:00+00:00,976993.3188283674,965726.2398759783,942072.1704295877
2015-09-04 00:00:00+00:00,975231.5587528617,963080.9954009703,939991.8836212143
2015-09-08 00:00:00+00:00,973166.9991878123,959981.1040714406,937822.6058357736
2015-09-09 00:00:00+00:00,975321.0247513927,963215.3266539063,940196.0372847229
2015-09-10 00:00:00+00:00,975176.505305411,962998.3338457881,940077.2734224338
2015-09-11 00:00:00+00:00,975727.0508370477,963824.9659996496,940705.2625394556
2015-09-14 00:00:00+00:00,974330.035054456,961727.3771555279,939146.2096162357
2015-09-15 00:00:00+00:00,975878.4533461019,964052.2935774203,940906.8172372283
2015-09-16 00:00:00+00:00,977516.3404005611,966511.5454027585,942828.4695214041
2015-09-17 00:00:00+00:00,976669.8701496061,965240.5887124983,941877.6949225134
2015-09-18 00:00:00+00:00,976497.8212156168,964982.2609762793,941607.6129797731
2015-09-21 00:00:00+00:00,975224.6784540715,963070.6647818275,940185.0219946263
2015-09-22 00:00:00+00:00,973848.3063321328,961004.0719456443,938577.4698093198
2015-09-23 00:00:00+00:00,972540.7454909426,959040.797752419,937058.724628398
2015-09-24 00:00:00+00:00,972485.6920434919,958958.1361972368,936980.2834422729
2015-09-25 00:00:00+00:00,972017.7266830313,958255.4963761488,936451.4797324415
2015-09-28 00:00:00+00:00,970744.5783929214,956343.8918806772,934951.2784035858
2015-09-29 00:00:00+00:00,971040.5003479572,956788.2122665661,935298.6966606155
2015-09-30 00:00:00+00:00,971831.9143871792,957976.5032511342,935298.6966606155
2015-10-01 00:00:00+00:00,971763.0948135834,957873.1721566465,935795.1168652934
2015-10-02 00:00:00+00:00,974742.9469674659,962347.3554214339,944674.0001335093
2015-10-05 00:00:00+00:00,975245.3221147244,963101.6607897659,945849.8183118507
2015-10-06 00:00:00+00:00,975238.4418159343,963091.330170623,945069.1222933106
2015-10-07 00:00:00+00:00,976862.5627442484,965529.9124566558,948188.9178480257
2015-10-08 00:00:00+00:00,977839.7863150401,966997.1924157285,948718.3847591146
2015-10-09 00:00:00+00:00,978534.8595855056,968040.8298292377,949906.4548161791
2015-10-12 00:00:00+00:00,979629.0731142712,969683.7676683275,952399.4341906027
2015-10-13 00:00:00+00:00,979202.3950751162,969043.1198631162,949413.4685061482
2015-10-14 00:00:00+00:00,978417.8696275315,967865.1719492206,945511.9124584604
2015-10-15 00:00:00+00:00,980647.5895349332,971213.0479442968,951504.2340600943
2015-10-16 00:00:00+00:00,980792.1117451972,971430.0449029249,952745.2541129459
2015-10-19 00:00:00+00:00,981246.3165080776,972112.0234857274,953603.3497075236
2015-10-20 00:00:00+00:00,980654.4725980057,971223.3827139495,952486.3263987792
2015-10-21 00:00:00+00:00,979064.7669850541,968836.4742761805,948464.9148510128
2015-10-22 00:00:00+00:00,980103.9215378043,970396.7422590684,952402.7286194998
2015-10-23 00:00:00+00:00,983290.2268839094,975180.9105062989,958275.1503861812
2015-10-26 00:00:00+00:00,983792.6075597326,975935.2241756506,959333.0881905601
2015-10-27 00:00:00+00:00,985919.1036353053,979128.1118300152,964190.0601025217
2015-10-28 00:00:00+00:00,987921.7266898315,982135.0068347101,967882.5187537007
2015-10-29 00:00:00+00:00,987832.2634555828,982000.679732284,967067.6726209563
2015-10-30 00:00:00+00:00,988940.2431104935,983664.2871106794,968963.9263292642
2015-11-02 00:00:00+00:00,989298.1015760526,984201.6038214031,970740.1510881226
2015-11-03 00:00:00+00:00,988671.8534077477,983261.3058034014,971677.753185661
2015-11-04 00:00:00+00:00,990020.6960416788,985286.5637114836,974414.5455816514
2015-11-05 00:00:00+00:00,990006.9354440984,985265.902473198,972750.1167148264
2015-11-06 00:00:00+00:00,988788.8488942863,983436.9719844384,972024.1185230804
2015-11-09 00:00:00+00:00,987254.185671656,981132.7084998118,968158.1757355354
2015-11-10 00:00:00+00:00,987288.595458454,981184.3740470556,965211.701373098
2015-11-11 00:00:00+00:00,986201.2594641962,979551.7626765987,962501.804492641
2015-11-12 00:00:00+00:00,985451.1382748446,978425.4720089271,961364.3787543313
2015-11-13 00:00:00+00:00,985451.1382748446,978425.4720089271,947416.1551167313
2015-11-16 00:00:00+00:00,986824.4450759689,980481.4695121077,949797.197898363
2015-11-17 00:00:00+00:00,986864.3236020425,980541.1722311002,949786.2314648789
2015-11-18 00:00:00+00:00,990597.4237205717,986130.0504894294,952416.3414196792
2015-11-19 00:00:00+00:00,990968.1807308819,986685.1161796746,952863.5276273794
2015-11-20 00:00:00+00:00,998415.6995993301,997834.9045488029,959556.2550018022
2015-11-23 00:00:00+00:00,1001430.2853241413,1002348.084501208,962521.5157888657
2015-11-24 00:00:00+00:00,1000366.6722031353,1000755.7338921903,961470.0551005504
2015-11-25 00:00:00+00:00,1000343.3435204942,1000720.8081835115,961706.1432379049
2015-11-27 00:00:00+00:00,1000998.7849289796,1001702.0790096837,962076.6621457648
2015-11-30 00:00:00+00:00,1002952.5271069618,1004627.0547226865,964743.7439120177
2015-12-01 00:00:00+00:00,1002962.6573226243,1004642.2208152829,964878.2985222804
2015-12-02 00:00:00+00:00,1003587.8048645906,1005578.1382551077,965821.055666765
2015-12-03 00:00:00+00:00,998735.5184671809,998313.710008175,961106.1593469616
2015-12-04 00:00:00+00:00,1002908.1399742924,1004560.6021034562,965303.1883005548
2015-12-07 00:00:00+00:00,1004323.2189398604,1006679.1373190607,966409.8935174419
2015-12-08 00:00:00+00:00,1003526.583701594,1005486.4831652471,965530.7384871973
2015-12-09 00:00:00+00:00,1001958.6223765607,1003139.065554912,963901.7955283076
2015-12-10 00:00:00+00:00,1003167.3356879365,1004948.6477605891,965180.1353483845
2015-12-11 00:00:00+00:00,997885.383245898,997040.9602548841,959176.3332624912
2015-12-14 00:00:00+00:00,1000271.7194459814,1000613.5787441428,961380.8160594826
2015-12-15 00:00:00+00:00,1003211.8278413449,1005015.2576078889,964511.2507711889
2015-12-16 00:00:00+00:00,1007099.8350856814,1010836.0495679665,968435.3738388633
2015-12-17 00:00:00+00:00,1003459.5768340722,1005386.1662133412,965261.5605775922
2015-12-18 00:00:00+00:00,1003230.4741616456,1005043.1732840878,964791.4762536696
2015-12-21 00:00:00+00:00,1003181.0056303774,1004969.1132294154,964808.3223227215
2015-12-22 00:00:00+00:00,1005241.9698521834,1008054.6126172496,967146.1902876938
2015-12-23 00:00:00+00:00,1005406.9367922049,1008301.587012566,967259.6617163394
2015-12-24 00:00:00+00:00,1004244.829937175,1006561.7800077405,965960.2318046931
2015-12-28 00:00:00+00:00,1001195.7902862299,1001997.0185834834,962888.6907826116
2015-12-29 00:00:00+00:00,1002299.8827242944,1003649.9713643792,964308.2910403626
2015-12-30 00:00:00+00:00,999070.2899012156,998814.9011709567,961117.2295508707
2015-12-31 00:00:00+00:00,999087.3786500802,998840.4849843985,961117.2295508707
2016-01-04 00:00:00+00:00,989808.9135052534,984949.5604251557,953543.820680606
2016-01-05 00:00:00+00:00,993011.2165660438,989743.7747201864,956103.5299383382
2016-01-06 00:00:00+00:00,991624.9931006206,987668.4394917965,955009.8877621224
2016-01-07 00:00:00+00:00,984861.849215566,977543.2388229145,949553.6758401408
2016-01-08 00:00:00+00:00,981972.2391741155,973217.1617762386,947258.3961407393
2016-01-11 00:00:00+00:00,980258.1339144614,970650.949964608,945853.3449556528
2016-01-12 00:00:00+00:00,986224.6967374214,979583.5775876079,950680.7122934406
2016-01-13 00:00:00+00:00,982360.8452445697,973798.9495529544,947548.186709115
2016-01-14 00:00:00+00:00,986967.1469263452,980695.1105192249,951291.1440244624
2016-01-15 00:00:00+00:00,981504.9375258613,972517.5577101578,946872.2772183827
2016-01-19 00:00:00+00:00,982231.174410899,973604.8174696909,947475.7118523399
2016-01-20 00:00:00+00:00,978897.0094164565,968613.1907638782,944741.6208506888
2016-01-21 00:00:00+00:00,981465.1274943643,972457.9575353882,946771.392373925
2016-01-22 00:00:00+00:00,981876.6463752568,973074.0484124843,947167.4958037497
2016-01-25 00:00:00+00:00,980610.5617137913,971178.5747276112,946146.3914623165
2016-01-26 00:00:00+00:00,979702.0843934207,969818.4801727389,945406.1609312668
2016-01-27 00:00:00+00:00,976368.7550949333,964828.1045994451,942577.0753498812
2016-01-28 00:00:00+00:00,973283.7167431901,960209.4489988117,940177.489897196
2016-01-29 00:00:00+00:00,975575.3362666382,963640.2657795865,942085.5691797137
2016-02-01 00:00:00+00:00,974243.2262648656,961645.9446014169,940969.1663169161
2016-02-02 00:00:00+00:00,971686.4718949248,957818.1906016981,938893.8872685694
2016-02-03 00:00:00+00:00,968672.2022414347,953305.4838442458,936442.1425412602
2016-02-04 00:00:00+00:00,971337.4707414684,957295.6959198643,938644.7385814135
2016-02-05 00:00:00+00:00,966020.6409912109,949335.7930908559,934310.6414452405
2016-02-08 00:00:00+00:00,963664.6068833765,945808.5403028042,932424.4918517286
2016-02-09 00:00:00+00:00,964499.8646696425,947059.016832644,933061.7556628132
2016-02-10 00:00:00+00:00,965233.4920843248,948157.3410611534,933671.7713422795
2016-02-11 00:00:00+00:00,962055.6775421894,943399.7888820971,931115.1776380742
2016-02-12 00:00:00+00:00,963248.1808518616,945185.1028594354,932088.406902186
2016-02-16 00:00:00+00:00,963248.1808518616,945185.1028594354,939809.6514889073
2016-02-17 00:00:00+00:00,964526.3428637437,947374.1349980686,940814.1398410486
2016-02-18 00:00:00+00:00,963335.4617608374,945334.5836866394,939867.9132511587
2016-02-19 00:00:00+00:00,965112.0433237813,948377.2293779015,941298.4712388627
2016-02-22 00:00:00+00:00,968186.4567777218,953642.5946411146,943759.3842831904
2016-02-23 00:00:00+00:00,964542.2511329505,947401.3801455852,940834.8516031465
2016-02-24 00:00:00+00:00,965533.0492340261,949098.2611872599,941632.9020645793
2016-02-25 00:00:00+00:00,961042.5750155679,941407.692784718,938032.0452153892
2016-02-26 00:00:00+00:00,961642.6709834691,942435.4414955922,938499.6124327423
2016-02-29 00:00:00+00:00,963064.3775456485,944870.3138571435,939645.729122035
2016-03-01 00:00:00+00:00,966038.1289905641,949963.2812781064,942027.3711624616
2016-03-02 00:00:00+00:00,965738.87030158,949450.7587012644,941782.2516129839
2016-03-03 00:00:00+00:00,964298.1161678494,946983.2646955856,940657.5926814119
2016-03-04 00:00:00+00:00,967611.2693450629,952657.5052986655,943305.3523024189
2016-03-07 00:00:00+00:00,968031.4406427066,953377.1077166084,943660.9725225178
2016-03-08 00:00:00+00:00,967159.9149918193,951884.4975140675,942950.8170539963
2016-03-09 00:00:00+00:00,968312.748878771,953858.8876192208,943878.2716105835
2016-03-10 00:00:00+00:00,967814.3846899983,953005.3688822957,943471.6025379301
2016-03-11 00:00:00+00:00,973146.8141109198,962137.9039372243,947733.3442186054
2016-03-14 00:00:00+00:00,972125.0678669456,960388.0198499213,946908.331879384
2016-03-15 00:00:00+00:00,970065.7580255427,956861.1622338067,945261.7855065423
2016-03-16 00:00:00+00:00,972518.0967243977,961061.1370231553,947222.6777439166
2016-03-17 00:00:00+00:00,971613.1374057659,959511.2669642543,946526.4051777339
2016-03-18 00:00:00+00:00,973221.6829252496,962266.1273073648,947833.4555423801
2016-03-21 00:00:00+00:00,975910.8798591712,966871.7551235135,950019.0837400756
2016-03-22 00:00:00+00:00,975808.9356367623,966697.1613105802,949935.9485938597
2016-03-23 00:00:00+00:00,973381.5440517918,962539.911961005,947977.0690128475
2016-03-24 00:00:00+00:00,972819.6925119266,961577.6622098217,947534.3593232491
2016-03-28 00:00:00+00:00,971654.7982665973,959582.617045414,946617.2070303321
2016-03-29 00:00:00+00:00,973663.866164305,963023.4282695737,948224.7727941216
2016-03-30 00:00:00+00:00,976166.3453707328,967309.2757272572,950218.4069218176
2016-03-31 00:00:00+00:00,976184.4444305637,967340.2729117146,950218.4069218176
2016-04-01 00:00:00+00:00,976704.620528267,968231.1476091598,949949.0752998065
2016-04-04 00:00:00+00:00,976423.4331732943,967749.5747324114,947945.462695399
2016-04-05 00:00:00+00:00,974880.7551301005,965107.5217025747,946929.6807938197
2016-04-06 00:00:00+00:00,976121.5941668437,967232.6329991482,951364.8652118237
2016-04-07 00:00:00+00:00,975217.2882756854,965683.8820266591,950951.3071089615
2016-04-08 00:00:00+00:00,975510.7885667707,966186.5425375423,949411.3352282087
2016-04-11 00:00:00+00:00,977176.3913889882,969039.1215331139,945846.4762290067
2016-04-12 00:00:00+00:00,980344.1226569151,974464.3066720738,946042.4161640219
2016-04-13 00:00:00+00:00,984162.8167010597,981004.3570823744,954410.6206412206
2016-04-14 00:00:00+00:00,984051.1438156697,980813.1015663601,952948.2105595483
2016-04-15 00:00:00+00:00,984054.9920239544,980819.6921640566,949566.0550625266
2016-04-18 00:00:00+00:00,983262.7160097499,979462.8081058236,949858.466301946
2016-04-19 00:00:00+00:00,981685.9162272641,976762.3168003677,947527.1260985064
2016-04-20 00:00:00+00:00,983214.0281862654,979379.4233632189,946566.7090424151
2016-04-21 00:00:00+00:00,981404.9989727602,976281.2065086447,945600.3474836478
2016-04-22 00:00:00+00:00,979814.6837462912,973557.5681052686,941300.7429467296
2016-04-25 00:00:00+00:00,977685.3099504412,969910.7161170645,939951.175433261
2016-04-26 00:00:00+00:00,975366.9969729404,965940.2792178427,939072.4731167326
2016-04-27 00:00:00+00:00,975211.2752297652,965673.5838401632,938468.0718638385
2016-04-28 00:00:00+00:00,975225.9987149846,965698.7998785357,940321.2741017893
2016-04-29 00:00:00+00:00,975317.0717151731,965854.7751950612,946600.3202240235
2016-05-02 00:00:00+00:00,973790.8429901998,963240.8939352419,944206.5417494702
2016-05-03 00:00:00+00:00,971844.7338820624,959907.9084894243,941173.2188007251
2016-05-04 00:00:00+00:00,971269.8151979817,958923.2794166978,942716.5180368803
2016-05-05 00:00:00+00:00,974352.7573721621,964203.2513123513,945768.3678869426
2016-05-06 00:00:00+00:00,974242.1249157053,964013.7776771558,945505.6602919737
2016-05-09 00:00:00+00:00,972556.1036368166,961126.22920396,943024.2895715917
2016-05-10 00:00:00+00:00,972861.6812178852,961649.5737718525,947954.8464163874
2016-05-11 00:00:00+00:00,971660.2349535745,959591.9281361913,949084.7248823452
2016-05-12 00:00:00+00:00,971660.2349535744,959591.9281361913,948600.0955917621
2016-05-13 00:00:00+00:00,978933.5644089207,971946.3782490445,955779.0695095873
2016-05-16 00:00:00+00:00,990232.8699167898,991139.3361734577,966827.1407822659
2016-05-17 00:00:00+00:00,992480.4382374551,994957.0472868293,968998.9208981162
2016-05-18 00:00:00+00:00,989654.6778285648,990157.2212626073,966408.7083278256
2016-05-19 00:00:00+00:00,985886.1624369257,983756.0351632615,962776.5807071449
2016-05-20 00:00:00+00:00,992365.4971610531,994761.8088058771,969161.2050272572
2016-05-23 00:00:00+00:00,989749.1305159087,990317.6582428074,966659.6629627465
2016-05-24 00:00:00+00:00,1003079.1927090455,1012960.0518504949,979689.1948891985
2016-05-25 00:00:00+00:00,998814.4535656794,1005715.9819490111,975584.5017834313
2016-05-26 00:00:00+00:00,1004262.9571253816,1014970.7896448958,980968.3820257395
2016-05-27 00:00:00+00:00,1006014.1012709609,1017945.2765177642,982489.0652293279
2016-05-31 00:00:00+00:00,1009685.6975598021,1024181.8361928775,986032.5043313291
2016-06-01 00:00:00+00:00,1003877.2686042665,1014315.6605705881,980458.0381099219
2016-06-02 00:00:00+00:00,1001076.2552650212,1009557.8698259785,977708.443485443
2016-06-03 00:00:00+00:00,1002089.0448362827,1011278.1903902796,978831.311657202
2016-06-06 00:00:00+00:00,1003089.5880175666,1012977.7092825305,979690.0396055535
2016-06-07 00:00:00+00:00,1002603.6218118782,1012152.2489095926,979373.2956284365
2016-06-08 00:00:00+00:00,1001422.0500488009,1010145.235547787,978345.2241364621
2016-06-09 00:00:00+00:00,998211.1195436097,1004691.1610437011,975084.8667737062
2016-06-10 00:00:00+00:00,986231.7026744718,984342.9685137931,963317.4288633412
2016-06-13 00:00:00+00:00,987271.2432842746,986108.728291752,964362.1989579203
2016-06-14 00:00:00+00:00,989536.334047571,989956.2029604076,966624.327050519
2016-06-15 00:00:00+00:00,989103.2995745369,989220.65222988,966295.670866993
2016-06-16 00:00:00+00:00,989696.681744107,990228.5689558883,966890.278984348
2016-06-17 00:00:00+00:00,986135.3025495025,984179.2236233522,963427.3454549145
2016-06-20 00:00:00+00:00,990037.2930961964,990807.1301200835,967119.8290079198
2016-06-21 00:00:00+00:00,991589.4605724188,993443.6359692288,968623.4458067011
2016-06-22 00:00:00+00:00,993472.9562454501,996642.9346498537,970492.0265433735
2016-06-23 00:00:00+00:00,999764.8598819661,1007330.3385505638,976695.763721674
2016-06-24 00:00:00+00:00,996098.5843460866,1001102.8166864603,973236.803092926
2016-06-27 00:00:00+00:00,987816.8944494606,987035.5693128688,965154.9586632566
2016-06-28 00:00:00+00:00,996311.383168113,1001464.2759668267,973529.595914877
2016-06-29 00:00:00+00:00,1006589.286771751,1018922.2844504828,983704.1076344931
2016-06-30 00:00:00+00:00,1021366.2680261859,1044022.4093447691,983704.1076344931
2016-07-01 00:00:00+00:00,1012236.4466022586,1028514.5289423134,976762.6671393808
2016-07-05 00:00:00+00:00,1014140.9919703869,1031749.5825560214,980535.7994282204
2016-07-06 00:00:00+00:00,1013009.1288055244,1029827.0040325652,982816.6759465775
2016-07-07 00:00:00+00:00,1016629.8258169389,1035977.1063860888,994444.6853262387
2016-07-08 00:00:00+00:00,1013722.6609073395,1031039.0069825092,998843.4518146585
2016-07-11 00:00:00+00:00,1029111.6064231778,1057178.6120742445,1019377.8178637489
2016-07-12 00:00:00+00:00,1030398.1591119943,1059363.9456424713,1021234.0162101886
2016-07-13 00:00:00+00:00,1025080.0880973649,1050330.6901780765,1011727.3640996884
2016-07-14 00:00:00+00:00,1028216.7670367259,1055658.6412511424,1019614.2601629307
2016-07-15 00:00:00+00:00,1026988.4066212567,1053572.1528600021,1011009.7217556911
2016-07-18 00:00:00+00:00,1033354.8278577384,1064386.1320763165,1020523.1331542324
2016-07-19 00:00:00+00:00,1033447.7045607547,1064543.892095453,1024468.2717267899
2016-07-20 00:00:00+00:00,1035524.4334352051,1068071.4159667196,1034488.7974552764
2016-07-21 00:00:00+00:00,1033129.3480714158,1064003.1329575938,1033339.8260883113
2016-07-22 00:00:00+00:00,1031476.740967717,1061196.020734211,1029905.5464431645
2016-07-25 00:00:00+00:00,1036041.8162016419,1068950.2403918244,1034709.2736573296
2016-07-26 00:00:00+00:00,1041447.1388486212,1078131.701151435,1051384.5523891754
2016-07-27 00:00:00+00:00,1044000.9036168188,1082469.516401295,1058315.6907479805
2016-07-28 00:00:00+00:00,1042981.7001724793,1080738.301256258,1060692.6357679782
2016-07-29 00:00:00+00:00,1040304.8021575114,1076191.3323356067,1053701.3610969721
2016-08-01 00:00:00+00:00,1039924.1585320306,1075544.7725020878,1056938.898177146
2016-08-02 00:00:00+00:00,1036346.490638217,1069467.7592462138,1046294.8377554676
2016-08-03 00:00:00+00:00,1034324.107961977,1066032.5476232427,1045502.3337016196
2016-08-04 00:00:00+00:00,1034351.1847993322,1066078.5402375427,1045866.2125627338
2016-08-05 00:00:00+00:00,1038737.7856802866,1073529.6040290934,1057745.5157594434
2016-08-08 00:00:00+00:00,1037722.2176240052,1071804.5639405665,1052595.3696850361
2016-08-09 00:00:00+00:00,1036952.3743884594,1070496.911110228,1060948.7523221807
2016-08-10 00:00:00+00:00,1039617.7707389465,1075024.3433467632,1067017.6982573518
2016-08-11 00:00:00+00:00,1043426.1762672113,1081493.2866824558,1079223.9404235815
2016-08-12 00:00:00+00:00,1043426.1762672113,1081493.2866824558,1101290.6121954052
2016-08-15 00:00:00+00:00,1058311.1348707075,1102992.8271444854,1118481.6242917648
2016-08-16 00:00:00+00:00,1059837.6436570575,1105197.686310843,1120003.9264992115
2016-08-17 00:00:00+00:00,1059538.4780742172,1104765.5774468244,1119869.2584034686
2016-08-18 00:00:00+00:00,1048474.1947626328,1088784.5449779206,1107454.567607157
2016-08-19 00:00:00+00:00,1051905.7118622144,1093740.960557825,1111206.3402253515
2016-08-22 00:00:00+00:00,1048309.3071748213,1088546.3846000335,1105600.179328731
2016-08-23 00:00:00+00:00,1047686.8543373096,1087647.3260052283,1104630.1544752705
2016-08-24 00:00:00+00:00,1032623.496383471,1065890.1090421584,1086171.8961025106
2016-08-25 00:00:00+00:00,1030061.715759382,1062189.9236637787,1083804.8939774658
2016-08-26 00:00:00+00:00,1043157.8980838048,1081105.7909686367,1097277.0214105472
2016-08-29 00:00:00+00:00,1036009.6131555535,1070780.9492849684,1089056.1455248897
2016-08-30 00:00:00+00:00,1037878.9703154982,1073481.0118762595,1092200.8138188587
2016-08-31 00:00:00+00:00,1031994.6867199083,1064981.8687732532,1084139.9742525984
2016-09-01 00:00:00+00:00,1037532.901214922,1072981.156496833,1089901.8972551473
2016-09-02 00:00:00+00:00,1036583.4926846476,1071609.8495516572,1088830.8331435653
2016-09-06 00:00:00+00:00,1050338.9005011183,1091477.8891478484,1103628.7567971763
2016-09-07 00:00:00+00:00,1039102.1934508889,1075247.8112335145,1090521.7247503004
2016-09-08 00:00:00+00:00,1041175.7144109468,1078242.7639886509,1092180.909058055
2016-09-09 00:00:00+00:00,1022683.0686740516,1051532.3514264706,1071651.8284351341
2016-09-12 00:00:00+00:00,1045638.2636932707,1084688.3821065668,1095257.620210535
2016-09-13 00:00:00+00:00,1047579.9467062133,1087492.9107326248,1097509.3309429646
2016-09-14 00:00:00+00:00,1050877.2201706609,1092255.4274551515,1100300.816483122
2016-09-15 00:00:00+00:00,1066588.3760930635,1114948.3110201487,1119369.7381549554
2016-09-16 00:00:00+00:00,1061617.343509419,1107768.2496563885,1112593.7930249316
2016-09-19 00:00:00+00:00,1071556.6663368326,1122124.4114023116,1121633.9045113628
2016-09-20 00:00:00+00:00,1068460.0844309358,1117651.7696064396,1119487.0117479635
2016-09-21 00:00:00+00:00,1083780.2266117777,1139779.880639526,1136740.93050256
2016-09-22 00:00:00+00:00,1106484.083780416,1172572.8838882297,1165168.9063726284
2016-09-23 00:00:00+00:00,1097362.6238572048,1159398.0271811513,1155251.8632755144
2016-09-26 00:00:00+00:00,1082315.897909956,1137664.8331601778,1138204.3661143403
2016-09-27 00:00:00+00:00,1092823.5896219097,1152841.9357065442,1150480.8990783927
2016-09-28 00:00:00+00:00,1090156.5638151574,1148989.73626327,1147110.2896442534
2016-09-29 00:00:00+00:00,1083868.9166187583,1139907.98273537,1139867.6244844338
2016-09-30 00:00:00+00:00,1079849.3773153313,1134102.239488462,1139867.6244844338
2016-10-03 00:00:00+00:00,1091944.2850301485,1151571.8855067017,1150752.652547136
2016-10-04 00:00:00+00:00,1110636.5836969935,1178570.672820882,1168044.1609763699
2016-10-05 00:00:00+00:00,1109353.3982435493,1176717.2650747471,1165155.6069080732
2016-10-06 00:00:00+00:00,1115092.4919256559,1185006.6987319458,1167553.5442457641
2016-10-07 00:00:00+00:00,1106492.6274939934,1172585.2242595167,1160967.0076945415
2016-10-10 00:00:00+00:00,1127447.1009523575,1202851.452200037,1181475.869415671
2016-10-11 00:00:00+00:00,1101584.3562815222,1165495.8141817246,1155136.0213236706
2016-10-12 00:00:00+00:00,1111356.9730835813,1179611.1890344587,1162735.9208676647
2016-10-13 00:00:00+00:00,1102576.697734437,1166929.1325931097,1150167.9182506325
2016-10-14 00:00:00+00:00,1101345.4577132089,1165150.7538041591,1149646.9366094107
2016-10-17 00:00:00+00:00,1098670.3323878532,1161286.8555760528,1147633.0036464094
2016-10-18 00:00:00+00:00,1106402.7363549452,1172455.3872722178,1153659.6266154
2016-10-19 00:00:00+00:00,1106553.291075917,1172672.845540091,1154512.0242165762
2016-10-20 00:00:00+00:00,1102327.493816726,1166569.1873722428,1146201.7846901903
2016-10-21 00:00:00+00:00,1096864.9225910632,1158679.1572941435,1141144.7257239842
2016-10-24 00:00:00+00:00,1099371.8009095038,1162300.0428657057,1144597.0335052244
2016-10-25 00:00:00+00:00,1102198.1815074175,1166382.411224571,1147445.1778977201
2016-10-26 00:00:00+00:00,1099803.2063599369,1162923.1563848085,1147355.5519582173
2016-10-27 00:00:00+00:00,1097208.4274763013,1159175.3089715387,1144136.7024396388
2016-10-28 00:00:00+00:00,1092426.2311260062,1152267.9989366694,1140399.785722624
2016-10-31 00:00:00+00:00,1082372.0593515267,1137745.9516380737,1134208.9381730356
2016-11-01 00:00:00+00:00,1070499.9385091465,1120598.0945818296,1122330.3524373858
2016-11-02 00:00:00+00:00,1052359.3932260391,1094396.2489666296,1103927.7211479892
2016-11-03 00:00:00+00:00,1051596.7325297804,1093294.6769075608,1103480.2107994177
2016-11-04 00:00:00+00:00,1051415.8309732722,1093033.3862693133,1103147.8087743055
2016-11-07 00:00:00+00:00,1067971.391234874,1116945.9107980868,1118219.139937908
2016-11-08 00:00:00+00:00,1066218.7426317995,1114414.4197431724,1116446.66967049
2016-11-09 00:00:00+00:00,1063889.233243722,1111049.7223543678,1111885.745925601
2016-11-10 00:00:00+00:00,1033614.7128708032,1067321.802575456,1087515.8130718167
2016-11-11 00:00:00+00:00,1045146.9503115612,1083978.7387537719,1102640.692463087
2016-11-14 00:00:00+00:00,1045146.9503115612,1083978.7387537719,1079864.1540999757
2016-11-15 00:00:00+00:00,1057645.3665680615,1101980.1989318973,1092124.8330904208
2016-11-16 00:00:00+00:00,1067494.7008581448,1116166.18820968,1101738.349667608
2016-11-17 00:00:00+00:00,1075970.8245680705,1128374.343250902,1110028.955772028
2016-11-18 00:00:00+00:00,1067490.821639139,1116160.6009732634,1101698.6466115962
2016-11-21 00:00:00+00:00,1079258.110833466,1133109.0193559516,1113327.029446145
2016-11-22 00:00:00+00:00,1041598.5598017375,1078867.9943883964,1076105.8080710054
2016-11-23 00:00:00+00:00,1046492.5080007525,1085916.7445508465,1080957.0318206057
2016-11-25 00:00:00+00:00,1036881.5921129468,1072074.1491308333,1071462.7317820536
2016-11-28 00:00:00+00:00,1032368.0820023464,1065573.3436806004,1066942.9306827267
2016-11-29 00:00:00+00:00,1031297.7022603026,1064031.676488019,1065806.8186840992
2016-11-30 00:00:00+00:00,1020519.3757080475,1048507.6603058616,1055222.8893846178
2016-12-01 00:00:00+00:00,1014505.4677283808,1039845.8328559573,1049559.5889618213
2016-12-02 00:00:00+00:00,1017274.7431013728,1043834.4182355853,1052252.5485846782
2016-12-05 00:00:00+00:00,1029288.6803667924,1061138.083662272,1064088.9745412278
2016-12-06 00:00:00+00:00,1021553.7350577195,1049997.447352545,1056485.3479098398
2016-12-07 00:00:00+00:00,1024960.2246495398,1054903.811925133,1059808.841645365
2016-12-08 00:00:00+00:00,1031624.0528165172,1064501.7189655008,1066313.1996445297
2016-12-09 00:00:00+00:00,1032073.3326412379,1065148.8163822906,1066696.6045035077
2016-12-12 00:00:00+00:00,1021700.5503018125,1050208.9052457565,1056501.5700508323
2016-12-13 00:00:00+00:00,1027796.1773443767,1058988.432604701,1062545.9926580533
2016-12-14 00:00:00+00:00,1019678.3312119746,1047296.3045073848,1054587.761515059
2016-12-15 00:00:00+00:00,1004554.4709715573,1025513.4191985514,1039793.9224851936
2016-12-16 00:00:00+00:00,1003416.0658501675,1023873.7750997551,1038680.5564266045
2016-12-19 00:00:00+00:00,1007060.874190673,1029123.3899991135,1042261.2479104928
2016-12-20 00:00:00+00:00,1007613.3984626997,1029919.1903210275,1042747.7025588221
2016-12-21 00:00:00+00:00,1017214.4963298937,1043747.6448528315,1052269.413186613
2016-12-22 00:00:00+00:00,1006197.5081575207,1027879.8845064193,1041546.6514611846
2016-12-23 00:00:00+00:00,1010738.6822927444,1034420.5344319363,1046026.6224676054
2016-12-27 00:00:00+00:00,1015588.234990552,1041405.3417850999,1050772.0555712327
2016-12-28 00:00:00+00:00,1011577.7145586205,1035628.9920166704,1046817.8023349114
2016-12-29 00:00:00+00:00,1009974.077599422,1033319.2748278091,1045236.3104538565
2016-12-30 00:00:00+00:00,1002140.0396476581,1022035.9154542363,1037471.4279020604
2017-01-03 00:00:00+00:00,1009414.6273056474,1032513.4989616241,1037471.4279020604
2017-01-04 00:00:00+00:00,1011736.1123809365,1035857.1322891822,1039675.2552747413
2017-01-05 00:00:00+00:00,1028836.7378194965,1060487.151128023,1056485.6075876136
2017-01-06 00:00:00+00:00,1031160.9809186131,1063834.7568353675,1058820.3448996097
2017-01-09 00:00:00+00:00,1038734.5959381253,1074743.0292420648,1066319.3275932858
2017-01-10 00:00:00+00:00,1044310.238234037,1082773.6229346956,1071760.1360152904
2017-01-11 00:00:00+00:00,1037835.8366014535,1073448.5467991072,1065309.1766505148
2017-01-12 00:00:00+00:00,1029501.0976059003,1061444.0280629443,1057071.268185807
2017-01-13 00:00:00+00:00,1032885.8713473213,1066319.1153114159,1060420.7046675503
2017-01-17 00:00:00+00:00,1035995.3265206679,1070797.6614191718,1063530.088470161
2017-01-18 00:00:00+00:00,1026341.8570114328,1056893.7760480265,1053924.15392419
2017-01-19 00:00:00+00:00,1031795.3824084402,1064748.484856718,1059343.709107696
2017-01-20 00:00:00+00:00,1029062.1957856104,1060811.8780786658,1056636.7035171818
2017-01-23 00:00:00+00:00,1040366.2674714564,1077093.124608409,1067758.980678008
2017-01-24 00:00:00+00:00,1051992.2996059344,1093838.0905467586,1079163.7066920544
2017-01-25 00:00:00+00:00,1055585.24161821,1099013.0024099033,1082586.8429710688
2017-01-26 00:00:00+00:00,1050452.2039944204,1091619.891916451,1077554.822599058
2017-01-27 00:00:00+00:00,1050996.27829904,1092403.5217562285,1078135.1472874514
2017-01-30 00:00:00+00:00,1050189.672899671,1091241.7685646072,1077387.3806444467
2017-01-31 00:00:00+00:00,1058193.9989268286,1102770.39373387,1085337.5849534587
2017-02-01 00:00:00+00:00,1061298.4487635195,1107241.7306587473,1088410.664185233
2017-02-02 00:00:00+00:00,1062611.5604359475,1109133.0044806087,1089760.5432656282
2017-02-03 00:00:00+00:00,1061886.6132118618,1108088.8635016396,1089062.9285141975
2017-02-06 00:00:00+00:00,1065400.2078435645,1113149.4913881351,1092534.949130759
2017-02-07 00:00:00+00:00,1064717.5293852356,1112166.230082873,1091858.8498867685
2017-02-08 00:00:00+00:00,1080861.6442638466,1135418.587432329,1107775.2527212908
2017-02-09 00:00:00+00:00,1077144.268717317,1130064.454036973,1104078.303856716
2017-02-10 00:00:00+00:00,1077144.268717317,1130064.454036973,1109463.0560796983
2017-02-13 00:00:00+00:00,1077576.8562798875,1130695.1402807462,1110139.227177185
2017-02-14 00:00:00+00:00,1074587.7210959836,1126337.163759036,1106626.1628279542
2017-02-15 00:00:00+00:00,1081728.735811441,1136748.3270408874,1114584.9248048244
2017-02-16 00:00:00+00:00,1107297.9831196608,1174026.7278462665,1143964.699448632
2017-02-17 00:00:00+00:00,1103729.6160499586,1168824.2666145544,1140052.2777755866
2017-02-21 00:00:00+00:00,1115791.0818445785,1186409.1470286003,1152811.4236606206
2017-02-22 00:00:00+00:00,1132543.9943053129,1210833.8701282088,1171408.0059480781
2017-02-23 00:00:00+00:00,1126137.9685656822,1201494.2758799747,1164205.8309518367
2017-02-24 00:00:00+00:00,1122101.1994640492,1195608.9130957103,1159955.088340072
2017-02-27 00:00:00+00:00,1124836.4939569582,1199596.8053945436,1163008.1443962497
2017-02-28 00:00:00+00:00,1125867.6218464167,1201100.1268760671,1164268.2345467526
2017-03-01 00:00:00+00:00,1125314.9626824444,1200294.3835714252,1163637.475802755
2017-03-02 00:00:00+00:00,1116047.8895885013,1186783.5570334187,1152954.7664489774
2017-03-03 00:00:00+00:00,1115922.504575014,1186600.7533422727,1153051.782863953
2017-03-06 00:00:00+00:00,1115322.0037485848,1185725.2598159385,1152305.932010021
2017-03-07 00:00:00+00:00,1115593.6564784106,1186121.3129034713,1152597.488322304
2017-03-08 00:00:00+00:00,1118438.0601912478,1190268.2797805672,1155628.4823484723
2017-03-09 00:00:00+00:00,1111629.3862595619,1180341.649062074,1148331.944667872
2017-03-10 00:00:00+00:00,1114171.0308368732,1184047.2116121054,1150954.3473595316
2017-03-13 00:00:00+00:00,1121526.4446554442,1194770.9556907967,1158918.7937487941
2017-03-14 00:00:00+00:00,1121959.5476848579,1195402.3934537424,1159325.1328025046
2017-03-15 00:00:00+00:00,1123124.9545700906,1197101.4855093416,1160408.7274190742
2017-03-16 00:00:00+00:00,1132634.5677923593,1210965.9207400924,1170460.5433573155
2017-03-17 00:00:00+00:00,1135062.5042044278,1214505.7037304963,1173514.9334360985
2017-03-20 00:00:00+00:00,1141401.0123607563,1223746.8614662508,1180505.6645371257
2017-03-21 00:00:00+00:00,1118291.2621881925,1190054.2572585365,1155054.4793019095
2017-03-22 00:00:00+00:00,1125778.8066332848,1200970.6397201554,1163301.2650591815
2017-03-23 00:00:00+00:00,1128214.7947530965,1204522.1616086503,1165993.2810277306
2017-03-24 00:00:00+00:00,1130303.36573045,1207567.1705236852,1168371.3087569294
2017-03-27 00:00:00+00:00,1131678.7339790836,1209572.3734226802,1169859.9273178983
2017-03-28 00:00:00+00:00,1133267.82976628,1211889.1780184181,1171556.0124539288
2017-03-29 00:00:00+00:00,1126685.3466141433,1202292.3196407717,1164239.3836043486
2017-03-30 00:00:00+00:00,1119405.9736995394,1191679.4385554849,1156369.4258516422
2017-03-31 00:00:00+00:00,1118623.326465916,1190538.3866929668,1156369.4258516422
2017-04-03 00:00:00+00:00,1120351.4637204562,1193057.9052554371,1157528.099967877
2017-04-04 00:00:00+00:00,1101564.7258337978,1165667.9889109188,1145995.0649680863
2017-04-05 00:00:00+00:00,1102251.8565947583,1166669.783590442,1146460.982839018
2017-04-06 00:00:00+00:00,1114494.1433008625,1184518.2898488876,1153823.510556434
2017-04-07 00:00:00+00:00,1113317.1958849179,1182802.372404406,1153610.750448639
2017-04-10 00:00:00+00:00,1112067.264887959,1180980.049356644,1153969.8994399612
2017-04-11 00:00:00+00:00,1107014.6673216848,1173613.6707177507,1150331.026715755
2017-04-12 00:00:00+00:00,1104707.7382081035,1170250.3089774137,1149000.0450378065
2017-04-13 00:00:00+00:00,1102321.7077927776,1166771.6223706417,1147431.983107638
2017-04-17 00:00:00+00:00,1109860.6286592765,1177762.9085165986,1152528.950879173
2017-04-18 00:00:00+00:00,1106270.4400603091,1172528.6328280773,1150142.2703553122
2017-04-19 00:00:00+00:00,1104751.9857136174,1170314.8191378145,1149006.4929411903
2017-04-20 00:00:00+00:00,1110207.8958011083,1178269.202798307,1153274.7614269648
2017-04-21 00:00:00+00:00,1117963.7283401554,1189576.732913871,1157930.122300651
2017-04-24 00:00:00+00:00,1126377.71222777,1201843.8074957521,1163768.3926862055
2017-04-25 00:00:00+00:00,1132670.073585687,1211017.68601807,1167819.2694208326
2017-04-26 00:00:00+00:00,1116599.0008790996,1187587.0436332251,1157875.9794679305
2017-04-27 00:00:00+00:00,1118995.4526217263,1191080.923898667,1159484.9250941712
2017-04-28 00:00:00+00:00,1118168.633858936,1189875.4726446206,1159027.870687087
2017-05-01 00:00:00+00:00,1124817.993773302,1199569.833256764,1163559.5069024405
2017-05-02 00:00:00+00:00,1120445.3157715378,1193194.7358134296,1161535.1032454732
2017-05-03 00:00:00+00:00,1121286.2777616032,1194420.8070289737,1161415.9725618202
2017-05-04 00:00:00+00:00,1117009.806295497,1188185.972838332,1158518.0169249694
2017-05-05 00:00:00+00:00,1116463.0948036658,1187388.9008763877,1158256.9911485869
2017-05-08 00:00:00+00:00,1119003.047306511,1191091.9964851998,1160241.2284702496
2017-05-09 00:00:00+00:00,1133297.102275323,1211931.8555486375,1170056.1656847708
2017-05-10 00:00:00+00:00,1143253.596734961,1226447.8163279602,1176043.8201310718
2017-05-11 00:00:00+00:00,1141172.7255413379,1223414.0332273012,1174848.0555880778
2017-05-12 00:00:00+00:00,1141172.7255413379,1223414.0332273012,1176346.7346273374
2017-05-15 00:00:00+00:00,1147942.3564996195,1233253.6290533803,1182872.2288649492
2017-05-16 00:00:00+00:00,1144772.4333659306,1228646.1751718535,1178798.8374285412
2017-05-17 00:00:00+00:00,1138879.3917099019,1220080.6937683756,1172716.9311854476
2017-05-18 00:00:00+00:00,1133981.0622905383,1212961.0173773654,1167193.0412593714
2017-05-19 00:00:00+00:00,1139416.302074797,1220861.0880052191,1172993.2830970143
2017-05-22 00:00:00+00:00,1145728.0696002194,1230035.1835772018,1179529.988253868
2017-05-23 00:00:00+00:00,1140494.0581749284,1222427.596503206,1173727.871810542
2017-05-24 00:00:00+00:00,1137942.7331267542,1218719.2692029895,1171067.1631185445
2017-05-25 00:00:00+00:00,1142026.0975631312,1224654.4015480378,1175267.7596103835
2017-05-26 00:00:00+00:00,1139487.102109957,1220963.995199827,1172484.340353219
2017-05-30 00:00:00+00:00,1134234.4942220855,1213329.378339907,1166878.9526526264
2017-05-31 00:00:00+00:00,1130046.56830195,1207242.2668477686,1162462.8406867003
2017-06-01 00:00:00+00:00,1139806.5774138519,1221428.349591685,1173179.9603075117
2017-06-02 00:00:00+00:00,1143806.8624260458,1227242.726764042,1177436.6365095112
2017-06-05 00:00:00+00:00,1142355.8532618198,1225133.6983984034,1175627.2361793728
2017-06-06 00:00:00+00:00,1144367.910055961,1228058.2042917782,1177081.5615301067
2017-06-07 00:00:00+00:00,1156691.8100546054,1245970.8786657527,1189997.7090151678
2017-06-08 00:00:00+00:00,1166871.0750618647,1260766.3459659982,1201592.3969421117
2017-06-09 00:00:00+00:00,1156579.3369138255,1245807.399998543,1190825.1419907932
2017-06-12 00:00:00+00:00,1155105.6499970588,1243665.4097298672,1188905.848225339
2017-06-13 00:00:00+00:00,1148966.1925007545,1234741.7651874532,1182377.2046112148
2017-06-14 00:00:00+00:00,1144335.7100730932,1228011.401915256,1177743.7367556838
2017-06-15 00:00:00+00:00,1140305.355018015,1222153.3182143932,1173366.7762167118
2017-06-16 00:00:00+00:00,1142432.906936997,1225245.6952007893,1175397.0220363482
2017-06-19 00:00:00+00:00,1155729.1604185968,1244571.6763460375,1189040.1839791967
2017-06-20 00:00:00+00:00,1154188.033772401,1242331.6630559755,1186981.1004240555
2017-06-21 00:00:00+00:00,1163473.380000966,1255827.8277003001,1196851.972297057
2017-06-22 00:00:00+00:00,1163190.9519430357,1255417.3211369284,1196396.723915112
2017-06-23 00:00:00+00:00,1169648.870041471,1264803.8452115962,1202978.6353739013
2017-06-26 00:00:00+00:00,1161664.7318776036,1253198.9744237843,1195077.1878262232
2017-06-27 00:00:00+00:00,1154108.9451492198,1242216.708475535,1187328.450226852
2017-06-28 00:00:00+00:00,1159841.282808885,1250548.6081104353,1193293.6598598338
2017-06-29 00:00:00+00:00,1148127.1531651048,1233522.229293126,1181384.6381998323
2017-06-30 00:00:00+00:00,1139426.1936978046,1220875.4653875404,1181384.6381998323
2017-07-03 00:00:00+00:00,1134855.8674486792,1214232.5385630429,1180339.8789006968
2017-07-05 00:00:00+00:00,1137458.5673494951,1218015.5387351979,1182111.7549026548
2017-07-06 00:00:00+00:00,1134403.5739614267,1213575.1341732382,1181126.537929962
2017-07-07 00:00:00+00:00,1134057.80225484,1213072.558203902,1180984.3024495996
2017-07-10 00:00:00+00:00,1138110.0236459528,1218962.424421434,1183404.9539489443
2017-07-11 00:00:00+00:00,1145542.9761499749,1229766.1519635608,1186939.0603293548
2017-07-12 00:00:00+00:00,1154236.5865737232,1242402.2341024885,1190726.6529926746
2017-07-13 00:00:00+00:00,1156735.541294834,1246034.441617925,1189002.9940978577
2017-07-14 00:00:00+00:00,1159661.1752440762,1250286.8234350437,1191392.9412283855
2017-07-17 00:00:00+00:00,1153035.1355099063,1240655.936121753,1188569.9401422418
2017-07-18 00:00:00+00:00,1162642.3904101658,1254619.9920354697,1192323.800273962
2017-07-19 00:00:00+00:00,1164511.165350528,1257336.2390829655,1191275.7874586037
2017-07-20 00:00:00+00:00,1164612.8804507335,1257484.081037955,1191083.1098160872
2017-07-21 00:00:00+00:00,1164299.8432301355,1257029.0843404713,1190517.2944049633
2017-07-24 00:00:00+00:00,1164883.5828225946,1257877.5444253525,1192009.6458001973
2017-07-25 00:00:00+00:00,1163229.408217707,1255473.2169755753,1191369.7672483292
2017-07-26 00:00:00+00:00,1170115.5899586752,1265482.2182835657,1194518.8703232938
2017-07-27 00:00:00+00:00,1168781.078910565,1263542.518849466,1192856.9230592519
2017-07-28 00:00:00+00:00,1175030.8339525377,1272626.4798517693,1196158.747532801
2017-07-31 00:00:00+00:00,1171378.6777518427,1267318.1046788823,1193713.9496208841
2017-08-01 00:00:00+00:00,1169238.7493265858,1264207.7385553776,1192732.683961264
2017-08-02 00:00:00+00:00,1159361.7104755125,1249851.55417074,1188244.1623250046
2017-08-03 00:00:00+00:00,1159967.1491424285,1250731.5536591383,1189996.0454525945
2017-08-04 00:00:00+00:00,1162513.7293061346,1254432.9843137776,1190670.7716038548
2017-08-07 00:00:00+00:00,1172180.3562267611,1268483.3369085675,1195262.9459171817
2017-08-08 00:00:00+00:00,1170897.926856456,1266619.3377102274,1194791.7137741132
2017-08-09 00:00:00+00:00,1170918.7755767528,1266649.6411318579,1196478.7729809727
2017-08-10 00:00:00+00:00,1170918.7755767528,1266649.6411318579,1183771.3518025877
2017-08-11 00:00:00+00:00,1169874.5956535493,1265427.5595391202,1182769.6179941993
2017-08-14 00:00:00+00:00,1170979.9299115448,1266721.2146080423,1184057.8236938226
2017-08-15 00:00:00+00:00,1172044.7441650187,1267967.4460954883,1185325.8528365514
2017-08-16 00:00:00+00:00,1173861.4940647099,1270093.723915703,1187199.5453550147
2017-08-17 00:00:00+00:00,1175024.463757983,1271454.834030424,1188664.0304851923
2017-08-18 00:00:00+00:00,1176197.03758472,1272827.184578388,1190070.2002339852
2017-08-21 00:00:00+00:00,1178595.4378442934,1275634.2111684515,1192498.7685003476
2017-08-22 00:00:00+00:00,1182434.8740080171,1280127.789485667,1196579.970300545
2017-08-23 00:00:00+00:00,1183211.7839368777,1281037.0650828867,1197428.756589955
2017-08-24 00:00:00+00:00,1181054.0984993465,1278511.7649908913,1195306.1351289619
2017-08-25 00:00:00+00:00,1178095.7668638667,1275049.4089767647,1192222.1182359909
2017-08-28 00:00:00+00:00,1175856.249771562,1272428.3351998136,1189809.36406379
2017-08-29 00:00:00+00:00,1174804.8169343658,1271197.7649812296,1188734.841971083
2017-08-30 00:00:00+00:00,1180310.0596241788,1277640.9608378732,1194295.1154153938
2017-08-31 00:00:00+00:00,1180688.926735806,1278084.377257711,1194695.9036503274
2017-09-01 00:00:00+00:00,1178448.198227401,1275461.885670204,1192502.094914881
2017-09-05 00:00:00+00:00,1177523.3342479,1274379.4484196708,1191529.838318917
2017-09-06 00:00:00+00:00,1177054.5424676123,1273830.7864575074,1190939.641898826
2017-09-07 00:00:00+00:00,1179700.7742315119,1276927.8687293618,1193652.0240230584
2017-09-08 00:00:00+00:00,1178176.418178567,1275143.8012217553,1192078.9544422256
2017-09-11 00:00:00+00:00,1180861.2573248523,1278286.0685908415,1195046.663499569
2017-09-12 00:00:00+00:00,1181476.783194188,1279006.464394336,1195734.2634690576
2017-09-13 00:00:00+00:00,1183360.6560779565,1281211.3012458708,1197825.4167698645
2017-09-14 00:00:00+00:00,1181688.9803578632,1279254.8145512356,1196080.4815122983
2017-09-15 00:00:00+00:00,1182231.9941080818,1279890.3440169904,1196566.364834005
2017-09-18 00:00:00+00:00,1191005.7489494989,1290158.9232652823,1205199.703782962
2017-09-19 00:00:00+00:00,1189221.4426034125,1288070.6165540523,1203504.7657304578
2017-09-20 00:00:00+00:00,1186802.9665985154,1285240.0938228786,1201027.3275483164
2017-09-21 00:00:00+00:00,1184649.9443692756,1282720.2514311217,1198928.4342521853
2017-09-22 00:00:00+00:00,1183267.9059111509,1281102.7488124655,1197670.2629735735
2017-09-25 00:00:00+00:00,1175677.448444331,1272219.070679485,1189742.4181731965
2017-09-26 00:00:00+00:00,1172443.0972872335,1268433.668445919,1186450.5148023807
2017-09-27 00:00:00+00:00,1174712.9771252724,1271090.2780073092,1188934.805848418
2017-09-28 00:00:00+00:00,1174134.1143127366,1270412.7917118915,1188322.3446932938
2017-09-29 00:00:00+00:00,1177601.2069137944,1274470.5886048556,1191828.2437333486
2017-10-02 00:00:00+00:00,1178994.6693739211,1276101.46158455,1191828.2437333486
2017-10-03 00:00:00+00:00,1183692.9948490248,1281600.262080733,1191828.2437333486
2017-10-04 00:00:00+00:00,1183404.9826998732,1281263.1799954125,1191828.2437333486
2017-10-05 00:00:00+00:00,1184176.6267464727,1282166.2925381265,1191828.2437333486
2017-10-06 00:00:00+00:00,1185460.6613899365,1283669.0939877084,1191828.2437333486
2017-10-09 00:00:00+00:00,1186884.9070332588,1285335.994821141,1191828.2437333486
2017-10-10 00:00:00+00:00,1185583.6347330802,1283813.0188570858,1191828.2437333486
2017-10-11 00:00:00+00:00,1186371.3575487484,1284734.9495816818,1191828.2437333486
2017-10-12 00:00:00+00:00,1184759.3223512983,1282848.2646360404,1191828.2437333486
2017-10-13 00:00:00+00:00,1185911.1272825534,1284196.3077975991,1191828.2437333486
2017-10-16 00:00:00+00:00,1187477.4295137294,1286029.4680440747,1191828.2437333486
2017-10-17 00:00:00+00:00,1184079.074302,1282052.1196412267,1191828.2437333486
2017-10-18 00:00:00+00:00,1186026.3070726325,1284331.1112909273,1191828.2437333486
2017-10-19 00:00:00+00:00,1184698.6050193396,1282777.202616844,1191828.2437333486
2017-10-20 00:00:00+00:00,1184305.2358027892,1282316.813302691,1191828.2437333486
2017-10-23 00:00:00+00:00,1181300.5960836234,1278800.2594866243,1191828.2437333486
2017-10-24 00:00:00+00:00,1183309.9675759487,1281151.9767138711,1191828.2437333486
2017-10-25 00:00:00+00:00,1179577.1475621073,1276783.1792235654,1191828.2437333486
2017-10-26 00:00:00+00:00,1179897.2419166954,1277157.8095051756,1191828.2437333486
2017-10-27 00:00:00+00:00,1185705.0743707328,1283955.1487166109,1191828.2437333486
2017-10-30 00:00:00+00:00,1186845.2159197754,1285289.5413526292,1191828.2437333486
2017-10-31 00:00:00+00:00,1190499.6599373976,1289566.609572755,1191828.2437333486
2017-11-01 00:00:00+00:00,1189402.0572340915,1288282.003318562,1191828.2437333486
2017-11-02 00:00:00+00:00,1188673.6389141446,1287429.4810656067,1191828.2437333486
2017-11-03 00:00:00+00:00,1189055.9139831872,1287876.886072022,1191828.2437333486
2017-11-06 00:00:00+00:00,1200765.9479705465,1301582.0116622385,1191828.2437333486
2017-11-07 00:00:00+00:00,1200224.32407487,1300948.1088468477,1191828.2437333486
2017-11-08 00:00:00+00:00,1200963.9405389542,1301813.7371225478,1191828.2437333486
2017-11-09 00:00:00+00:00,1200095.0623014655,1300796.824158824,1191828.2437333486
2017-11-10 00:00:00+00:00,1197817.9208916707,1298131.7158387622,1191828.2437333486
2017-11-13 00:00:00+00:00,1197817.9208916707,1298131.7158387622,1191828.2437333486
2017-11-14 00:00:00+00:00,1197817.9208916707,1298131.7158387622,1191828.2437333486
2017-11-15 00:00:00+00:00,1197817.9208916707,1298131.7158387622,1191828.2437333486
2017-11-16 00:00:00+00:00,1197817.9208916707,1298131.7158387622,1191828.2437333486
2017-11-17 00:00:00+00:00,1197817.9208916707,1298131.7158387622,1191828.2437333486
2017-11-20 00:00:00+00:00,1197817.9208916707,1298131.7158387622,1191828.2437333486
2017-11-21 00:00:00+00:00,1197817.9208916707,1298131.7158387622,1191828.2437333486
2017-11-22 00:00:00+00:00,1197817.9208916707,1298131.7158387622,1191828.2437333486
2017-11-24 00:00:00+00:00,1197817.9208916707,1298131.7158387622,1191828.2437333486
2017-11-27 00:00:00+00:00,1197817.9208916707,1298131.7158387622,1191828.2437333486
2017-11-28 00:00:00+00:00,1197817.9208916707,1298131.7158387622,1191828.2437333486
2017-11-29 00:00:00+00:00,1197817.9208916707,1298131.7158387622,1191828.2437333486
2017-11-30 00:00:00+00:00,1197817.9208916707,1298131.7158387622,1191828.2437333486
2017-12-01 00:00:00+00:00,1197817.9208916707,1298131.7158387622,1191828.2437333486
2017-12-04 00:00:00+00:00,1197817.9208916707,1298131.7158387622,1191828.2437333486
2017-12-05 00:00:00+00:00,1197817.9208916707,1298131.7158387622,1191828.2437333486
2017-12-06 00:00:00+00:00,1197817.9208916707,1298131.7158387622,1191828.2437333486
2017-12-07 00:00:00+00:00,1197817.9208916707,1298131.7158387622,1191828.2437333486
2017-12-08 00:00:00+00:00,1197817.9208916707,1298131.7158387622,1191828.2437333486
2017-12-11 00:00:00+00:00,1197817.9208916707,1298131.7158387622,1191828.2437333486
2017-12-12 00:00:00+00:00,1197817.9208916707,1298131.7158387622,1191828.2437333486
2017-12-13 00:00:00+00:00,1197817.9208916707,1298131.7158387622,1191828.2437333486
2017-12-14 00:00:00+00:00,1197817.9208916707,1298131.7158387622,1191828.2437333486
2017-12-15 00:00:00+00:00,1197817.9208916707,1298131.7158387622,1191828.2437333486
2017-12-18 00:00:00+00:00,1197817.9208916707,1298131.7158387622,1191828.2437333486
2017-12-19 00:00:00+00:00,1197817.9208916707,1298131.7158387622,1191828.2437333486
2017-12-20 00:00:00+00:00,1197817.9208916707,1298131.7158387622,1191828.2437333486
2017-12-21 00:00:00+00:00,1197817.9208916707,1298131.7158387622,1191828.2437333486
2017-12-22 00:00:00+00:00,1197817.9208916707,1298131.7158387622,1191828.2437333486
2017-12-26 00:00:00+00:00,1197817.9208916707,1298131.7158387622,1191828.2437333486
2017-12-27 00:00:00+00:00,1197817.9208916707,1298131.7158387622,1191828.2437333486
2017-12-28 00:00:00+00:00,1197817.9208916707,1298131.7158387622,1191828.2437333486
2017-12-29 00:00:00+00:00,1197817.9208916707,1298131.7158387622,1191828.2437333486
2018-01-02 00:00:00+00:00,1197817.9208916707,1298131.7158387622,1191828.2437333486
2018-01-03 00:00:00+00:00,1197817.9208916707,1298131.7158387622,1187321.094224248
2018-01-04 00:00:00+00:00,1197817.9208916707,1298131.7158387622,1161968.364803194
2018-01-05 00:00:00+00:00,1197817.9208916707,1298131.7158387622,1215490.805520855
2018-01-08 00:00:00+00:00,1197817.9208916707,1298131.7158387622,1205913.099381652
2018-01-09 00:00:00+00:00,1197817.9208916707,1298131.7158387622,1174363.05281795
2018-01-10 00:00:00+00:00,1197817.9208916707,1298131.7158387622,1158024.5686856362
2018-01-11 00:00:00+00:00,1197817.9208916707,1298131.7158387622,1169292.496187847
2018-01-12 00:00:00+00:00,1197817.9208916707,1298131.7158387622,1159151.3829276413
2018-01-16 00:00:00+00:00,1197817.9208916707,1298131.7158387622,1176616.6275725001
2018-01-17 00:00:00+00:00,1197817.9208916707,1298131.7158387622,1169855.8495793894
2018-01-18 00:00:00+00:00,1197817.9208916707,1298131.7158387622,1178870.2023270503
2018-01-19 00:00:00+00:00,1197817.9208916707,1298131.7158387622,1181687.1304731425
2018-01-22 00:00:00+00:00,1197817.9208916707,1298131.7158387622,1195208.6327299038
2018-01-23 00:00:00+00:00,1197817.9208916707,1298131.7158387622,1218307.7873964077
2018-01-24 00:00:00+00:00,1197817.9208916707,1298131.7158387622,1269576.6533595184
2018-01-25 00:00:00+00:00,1197817.9208916707,1298131.7158387622,1298309.7717771279
2018-01-26 00:00:00+00:00,1197817.9208916707,1298131.7158387622,1234646.2177992612
2018-01-29 00:00:00+00:00,1197817.9208916707,1298131.7158387622,1258872.1867077705
2018-01-30 00:00:00+00:00,1197817.9208916707,1298131.7158387622,1267323.0786049683
2018-01-31 00:00:00+00:00,1197817.9208916707,1298131.7158387622,1271266.8209930658
2018-02-01 00:00:00+00:00,1197817.9208916707,1298131.7158387622,1283661.5090078218
2018-02-02 00:00:00+00:00,1197817.9208916707,1298131.7158387622,1259435.5400993126
2018-02-05 00:00:00+00:00,1175590.5162886097,1274042.830230393,1235209.624920264
2018-02-06 00:00:00+00:00,1170938.2539097872,1269000.9542999868,1230139.068290161
2018-02-07 00:00:00+00:00,1159566.0624612286,1256676.3746284996,1217744.380275405
2018-02-08 00:00:00+00:00,1157498.3957703144,1254435.5468178247,1215490.805520855
2018-02-09 00:00:00+00:00,1159566.0624612286,1256676.3746284996,1217744.380275405
2018-02-12 00:00:00+00:00,1172488.9916037072,1270681.5618016059,1231829.2359237084
2018-02-13 00:00:00+00:00,1206088.5876553273,1307095.0270814623,1268449.839117513
2018-02-14 00:00:00+00:00,1238137.4953100896,1341827.9382852488,1303380.3284072306
2018-02-15 00:00:00+00:00,1209190.1123402296,1310456.2955102494,1271830.2281140685
2018-02-16 00:00:00+00:00,1214876.1834159777,1316618.5586332185,1278027.5452567162
2018-02-20 00:00:00+00:00,1210223.970334218,1311576.7361283614,1272957.0423560739
2018-02-21 00:00:00+00:00,1208156.2543462412,1309335.8548921375,1270703.4138720632
2018-02-22 00:00:00+00:00,1208156.2543462412,1309335.8548921375,1270703.4138720632
2018-02-23 00:00:00+00:00,1216943.8501068917,1318859.3864438934,1280281.1200112663
2018-02-26 00:00:00+00:00,1220562.3037887884,1322780.8751817367,1284224.9161288245
2018-02-27 00:00:00+00:00,1202470.183270493,1303173.5917691682,1264506.0967294155
2018-02-28 00:00:00+00:00,1191097.991821934,1290849.012097681,1252111.4087146595
2018-03-01 00:00:00+00:00,1205571.7079553953,1306534.8601979553,1267886.4857259707
2018-03-02 00:00:00+00:00,1225731.4458675426,1328382.9179956499,1289858.8261504695
2018-03-05 00:00:00+00:00,1253128.0911434824,1358073.9532690302,1319718.7588100843
2018-03-06 00:00:00+00:00,1275872.4247435378,1382723.0591864553,1344508.0811101357
2018-03-07 00:00:00+00:00,1308438.2120982315,1418016.1372737489,1380001.923791395
2018-03-08 00:00:00+00:00,1357028.453280307,1470675.6709629358,1432961.0111175138
2018-03-09 00:00:00+00:00,1304819.8077133978,1414094.701961455,1376058.1814032977
2018-03-12 00:00:00+00:00,1338936.3327620118,1451068.3875503675,1413242.1917181048
2018-03-13 00:00:00+00:00,1272770.9000586353,1379361.7907576682,1341127.6921135802
2018-03-14 00:00:00+00:00,1219528.4457948,1321660.4345636247,1283098.1018868191
2018-03-15 00:00:00+00:00,1231934.4459402848,1335105.4014276746,1296619.5504141198
2018-03-16 00:00:00+00:00,1257780.3042252422,1363115.775773887,1324789.2617107267
2018-03-19 00:00:00+00:00,1241755.8996949238,1345749.3735975428,1307324.0707953284
2018-03-20 00:00:00+00:00,1210740.8500341494,1312136.9030118682,1273520.395747616
2018-03-21 00:00:00+00:00,1198334.8498886647,1298691.9361478183,1259998.9472203152
2018-03-22 00:00:00+00:00,1161116.8001551484,1258356.9821301186,1219434.5479089527
2018-03-23 00:00:00+00:00,1145092.3956248297,1240990.5799537746,1201969.3569935542
2018-03-26 00:00:00+00:00,1120280.3460367979,1214100.592800125,1174926.4062094924
2018-03-27 00:00:00+00:00,1093400.6790549145,1184969.8312613498,1145629.9344003405
2018-03-28 00:00:00+00:00,1079960.8209154415,1170404.4237791877,1130981.6716310347
2018-03-29 00:00:00+00:00,1090299.1543700122,1181608.5628325627,1142249.5454037853
2018-04-02 00:00:00+00:00,1100120.608124651,1192252.535002431,1142249.5454037853
2018-04-03 00:00:00+00:00,1101154.4168215767,1193372.9221949938,1142980.6957252584
2018-04-04 00:00:00+00:00,1090299.1543700122,1181608.5628325627,1138779.121873027
2018-04-05 00:00:00+00:00,1080477.7499124357,1170964.6440882436,1140200.4652429512
2018-04-06 00:00:00+00:00,1051013.4379455815,1139032.7810041881,1128599.272945321
2018-04-09 00:00:00+00:00,1002423.2460605687,1086373.3007405505,1122261.840462461
2018-04-10 00:00:00+00:00,1015346.1752030476,1100378.4879136565,1128553.0038474975
2018-04-11 00:00:00+00:00,1019998.4375818699,1105420.3638440627,1135061.7696822525
2018-04-12 00:00:00+00:00,1019481.5085848758,1104860.1435350068,1135504.555551896
2018-04-13 00:00:00+00:00,1026201.4376546122,1112142.8472760879,1138873.5130176772
2018-04-16 00:00:00+00:00,1013795.4375091275,1098697.8804120377,1136423.0064919116
2018-04-17 00:00:00+00:00,1032404.4377273547,1118865.330708113,1144736.3784895944
2018-04-18 00:00:00+00:00,1045327.3668698334,1132870.5178812193,1156074.7937930385
2018-04-19 00:00:00+00:00,1064453.2960850545,1153598.1884863502,1160786.028284378
2018-04-20 00:00:00+00:00,1041708.9624849993,1128949.082568925,1155287.2906020351
2018-04-23 00:00:00+00:00,1014829.2462060534,1099818.2676046006,1153153.689968429
2018-04-24 00:00:00+00:00,1012761.5795151393,1097577.4397939257,1147663.8682647997
2018-04-25 00:00:00+00:00,1002423.2460605687,1086373.3007405505,1140271.7661134815
2018-04-26 00:00:00+00:00,992601.8416029923,1075729.3819962314,1140855.2541026208
2018-04-27 00:00:00+00:00,997770.9836817464,1081331.4248101444,1146774.6333039831
2018-04-30 00:00:00+00:00,997254.0546847521,1080771.2045010882,1148414.9060659693
2018-05-01 00:00:00+00:00,996220.2459878265,1079650.8173085256,1150059.6576457107
2018-05-02 00:00:00+00:00,992084.9126059982,1075169.1616871753,1149491.5206539384
2018-05-03 00:00:00+00:00,986915.7212301816,1069567.0654477132,1148009.0554635215
2018-05-04 00:00:00+00:00,1006041.6504454028,1090294.7360528447,1155196.7656616513
2018-05-07 00:00:00+00:00,1027752.1753485322,1113823.4547777069,1162725.4203846513
2018-05-08 00:00:00+00:00,1042225.8914819935,1129509.3028779812,1170247.265552762
2018-05-09 00:00:00+00:00,1052564.224936564,1140713.4419313562,1167991.202604802
2018-05-10 00:00:00+00:00,1052047.2959395698,1140153.2216223003,1169840.7284950912
2018-05-11 00:00:00+00:00,1044293.5581729076,1131750.1306886561,1167838.498308341
2018-05-14 00:00:00+00:00,1044293.5581729076,1131750.1306886561,1177712.4901901125
2018-05-15 00:00:00+00:00,1047700.8470586925,1135442.770187963,1181705.6354133391
2018-05-16 00:00:00+00:00,1053196.599336377,1141398.775862636,1187842.3486442792
2018-05-17 00:00:00+00:00,1050869.9049977981,1138877.227586147,1185283.7970104031
2018-05-18 00:00:00+00:00,1050615.754731867,1138601.7929687146,1186080.6553036305
2018-05-21 00:00:00+00:00,1030796.3652386736,1117122.5867880932,1164811.098007689
2018-05-22 00:00:00+00:00,1027324.7143014517,1113360.1951012379,1161268.4512196656
2018-05-23 00:00:00+00:00,1025248.0815938101,1111109.6503958032,1159007.7949876285
2018-05-24 00:00:00+00:00,1026118.9854734475,1112053.4899626402,1160020.5805182157
2018-05-25 00:00:00+00:00,1032345.6511192888,1118801.6208912316,1168432.9167825244
2018-05-29 00:00:00+00:00,1036784.7763075995,1123612.5100063614,1175668.8386536182
2018-05-30 00:00:00+00:00,1035186.9662393456,1121880.8879548707,1173365.2799652934
2018-05-31 00:00:00+00:00,1039179.8089881638,1126208.1197638079,1178400.8611639102
2018-06-01 00:00:00+00:00,1043987.4311908155,1131418.3664550472,1183602.8045715438
2018-06-04 00:00:00+00:00,1050081.3388217774,1138022.6212680447,1190307.5896380588
2018-06-05 00:00:00+00:00,1052484.8931380515,1140627.4663236053,1192460.4791367305
2018-06-06 00:00:00+00:00,1059744.8310181336,1148495.4030548723,1201328.0911427452
2018-06-07 00:00:00+00:00,1053927.465583547,1142190.850049321,1194023.062755184
2018-06-08 00:00:00+00:00,1054953.8330312283,1143303.1728094844,1196321.342687388
2018-06-11 00:00:00+00:00,1056371.8062765202,1144839.8972229534,1198336.7559010922
2018-06-12 00:00:00+00:00,1062273.6339103424,1151235.985893237,1205024.8703590774
2018-06-13 00:00:00+00:00,1058141.536221147,1146757.8369444422,1200345.903778043
2018-06-14 00:00:00+00:00,1058860.9123424897,1147537.4587404132,1201094.9408982103
2018-06-15 00:00:00+00:00,1059503.590566469,1148233.9594114046,1201693.3959769756
2018-06-18 00:00:00+00:00,1066430.317159622,1155740.7793718392,1209674.3514224337
2018-06-19 00:00:00+00:00,1052024.643840379,1140128.6724751578,1191649.981910588
2018-06-20 00:00:00+00:00,1055185.8392176172,1143554.6088446027,1194808.0651314226
2018-06-21 00:00:00+00:00,1050222.995370254,1138176.1411437504,1188027.5090002457
2018-06-22 00:00:00+00:00,1046099.1209553893,1133706.9041447863,1183105.8378848848
2018-06-25 00:00:00+00:00,1036485.5747598368,1123288.2511922256,1172130.1388451657
2018-06-26 00:00:00+00:00,1046380.6172806458,1134011.9749751135,1183916.4330234854
2018-06-27 00:00:00+00:00,1034947.6081406577,1121621.4843060102,1170558.52490439
2018-06-28 00:00:00+00:00,1033223.6852382179,1119753.1878343294,1168568.6553478148
2018-06-29 00:00:00+00:00,1031671.8895021251,1118071.4336825581,1167144.509814154
2018-07-02 00:00:00+00:00,1037012.0789682455,1123858.848609026,1167144.509814154
2018-07-03 00:00:00+00:00,1032772.1652718748,1119263.8543735242,1161758.5237543718
2018-07-05 00:00:00+00:00,1024860.0164852095,1110689.0859539972,1154916.6888846802
2018-07-06 00:00:00+00:00,1027323.4834508544,1113358.8611704544,1159404.0397979738
2018-07-09 00:00:00+00:00,1029693.3295609155,1115927.175054786,1164641.5299601806
2018-07-10 00:00:00+00:00,1026337.6894883434,1112290.509807782,1160182.7140497107
2018-07-11 00:00:00+00:00,1022458.9155250085,1108086.8997160024,1156041.2952740048
2018-07-12 00:00:00+00:00,1034883.6879461779,1121552.2109796642,1169993.8627963788
2018-07-13 00:00:00+00:00,1031088.4581634577,1117439.1416525855,1167268.490387739
2018-07-16 00:00:00+00:00,1048193.0568936325,1135976.2011764622,1185405.6601643562
2018-07-17 00:00:00+00:00,1041530.4041036449,1128755.5704383063,1177829.390691436
2018-07-18 00:00:00+00:00,1042243.036396178,1129527.8836292622,1177110.8042193213
2018-07-19 00:00:00+00:00,1028385.4049767491,1114509.7155603014,1162255.8033607332
2018-07-20 00:00:00+00:00,1025941.5165571135,1111861.1585365941,1159428.7276220198
2018-07-23 00:00:00+00:00,1030732.7770891335,1117053.6733144927,1164356.1174924048
2018-07-24 00:00:00+00:00,1031500.2064907007,1117885.3727142648,1166122.2537117328
2018-07-25 00:00:00+00:00,1037423.2891647466,1124304.496473066,1175082.8270011554
2018-07-26 00:00:00+00:00,1033862.5009552627,1120445.5025245745,1170350.6288444442
2018-07-27 00:00:00+00:00,1028969.4660664767,1115142.690081169,1165012.089251054
2018-07-30 00:00:00+00:00,1011607.6972345018,1096326.9232014497,1143821.6223163249
2018-07-31 00:00:00+00:00,1020136.3686761607,1105569.8462695433,1153077.816431774
2018-08-01 00:00:00+00:00,1016673.8614239511,1101817.364024939,1148894.9067150368
2018-08-02 00:00:00+00:00,1011616.8862706828,1096336.8817928988,1141795.0515110006
2018-08-03 00:00:00+00:00,1010451.1361882441,1095073.5035044616,1142130.9889380974
2018-08-06 00:00:00+00:00,1003161.8648975317,1087173.7767740563,1133678.999509409
2018-08-07 00:00:00+00:00,1010848.8823447931,1095504.55975405,1143236.364227619
2018-08-08 00:00:00+00:00,1010848.8823447931,1095504.55975405,1136724.3666738
2018-08-09 00:00:00+00:00,1017109.288072495,1102289.2563990117,1142861.4713957557
2018-08-10 00:00:00+00:00,1017760.6648709613,1102995.1841250062,1143656.6987002036
2018-08-13 00:00:00+00:00,1009965.0768523627,1094546.7381015723,1135085.9389963842
2018-08-14 00:00:00+00:00,991743.4081297203,1074799.057196313,1115141.234626107
2018-08-15 00:00:00+00:00,986278.9135138524,1068876.9269224503,1107967.9199298944
2018-08-16 00:00:00+00:00,991432.2644930563,1074461.856177786,1113930.1408479412
2018-08-17 00:00:00+00:00,1001075.7215153037,1084912.9249024787,1123850.8095155393
2018-08-20 00:00:00+00:00,1011851.4684329157,1096591.1095344056,1135007.191005832
2018-08-21 00:00:00+00:00,1008616.4232052852,1093085.1386026687,1132338.2186431948
2018-08-22 00:00:00+00:00,1006496.2598608624,1090787.4176952161,1128687.1845547766
2018-08-23 00:00:00+00:00,995697.8709565774,1079084.6948755584,1119528.884583775
2018-08-24 00:00:00+00:00,987601.1028189124,1070309.8457670468,1113196.277251547
2018-08-27 00:00:00+00:00,991860.4590854255,1074925.910831845,1117729.7128596338
2018-08-28 00:00:00+00:00,991346.431668804,1074368.8351021463,1116617.458559069
2018-08-29 00:00:00+00:00,988444.6699384485,1071224.059198996,1113112.65970982
2018-08-30 00:00:00+00:00,971697.5554851543,1053074.4222287796,1095164.4185020686
2018-08-31 00:00:00+00:00,974252.4961198678,1055843.3317701714,1098372.4854813504
2018-09-04 00:00:00+00:00,965236.8337546702,1046072.633693752,1088708.6717404507
2018-09-05 00:00:00+00:00,954186.822067284,1034097.2154088871,1076992.2641800353
2018-09-06 00:00:00+00:00,955134.6987731768,1035124.4740540977,1078116.426737857
2018-09-07 00:00:00+00:00,952934.1912640505,1032739.6803899559,1076781.4014001868
2018-09-10 00:00:00+00:00,945124.6417377456,1024276.1036228264,1068800.533951228
2018-09-11 00:00:00+00:00,945097.887318259,1024247.1085978991,1068972.48668274
2018-09-12 00:00:00+00:00,950256.5670425432,1029837.8128653413,1073777.7806644836
2018-09-13 00:00:00+00:00,956384.388518533,1036478.82171004,1081014.61293558
2018-09-14 00:00:00+00:00,957194.1283455908,1037356.3749113638,1081248.8667289587
2018-09-17 00:00:00+00:00,948752.3036990549,1028207.5718069155,1072102.1890031109
2018-09-18 00:00:00+00:00,950913.1067498417,1030549.3358788869,1074191.3136687852
2018-09-19 00:00:00+00:00,962527.0758480929,1043135.9413806547,1086808.3285742945
2018-09-20 00:00:00+00:00,966179.9877059443,1047094.7740672708,1090960.4472824992
2018-09-21 00:00:00+00:00,967011.3634221914,1047995.7751010797,1092194.2846191202
2018-09-24 00:00:00+00:00,949932.6834143068,1029486.8049177048,1074653.5801557011
2018-09-25 00:00:00+00:00,951379.7207564773,1031055.02746231,1076253.5779473481
2018-09-26 00:00:00+00:00,955175.2939259706,1035168.4689338135,1080608.44910023
2018-09-27 00:00:00+00:00,952467.5403853204,1032233.9488465067,1077683.227180636
2018-09-28 00:00:00+00:00,953831.4969053528,1033712.1327898233,1078498.9298270363
2018-10-01 00:00:00+00:00,949180.2222605129,1028671.3273132709,1078498.9298270363
2018-10-02 00:00:00+00:00,943396.3300774898,1022403.0508475248,1074827.604972834
2018-10-03 00:00:00+00:00,945517.5623776563,1024701.9302326804,1074784.1765039272
2018-10-04 00:00:00+00:00,938279.3165149527,1016857.5021626615,1070745.485737515
2018-10-05 00:00:00+00:00,935927.0109456843,1014308.1977888062,1066843.006178533
2018-10-08 00:00:00+00:00,934669.4492096363,1012945.3188856638,1064099.031250348
2018-10-09 00:00:00+00:00,932845.1444469424,1010968.233862553,1063329.7573578437
2018-10-10 00:00:00+00:00,917756.5771155087,994616.0425504361,1054944.8170891204
2018-10-11 00:00:00+00:00,923459.0210835892,1000796.0497482313,1061814.456235534
2018-10-12 00:00:00+00:00,936058.9873816246,1014451.22687048,1072352.1282188273
2018-10-15 00:00:00+00:00,935399.0682263343,1013736.0413899235,1071919.8473005842
2018-10-16 00:00:00+00:00,941346.9800090875,1020182.0736236501,1079527.0644783783
2018-10-17 00:00:00+00:00,936553.375721305,1014987.0188072063,1073435.5925768889
2018-10-18 00:00:00+00:00,925161.2025454119,1002640.7839963716,1064673.1422581063
2018-10-19 00:00:00+00:00,926706.354402255,1004315.3378631747,1066068.5045786593
2018-10-22 00:00:00+00:00,935934.6667328718,1014316.4947260822,1072267.2621221035
2018-10-23 00:00:00+00:00,927642.7476231983,1005330.1513147032,1065846.2691738748
2018-10-24 00:00:00+00:00,917569.9670087863,994413.8043856805,1060569.2207110068
2018-10-25 00:00:00+00:00,927672.9824941629,1005362.9182688778,1067904.3787411633
2018-10-26 00:00:00+00:00,926715.703890787,1004325.470344396,1065171.525596688
2018-10-29 00:00:00+00:00,916981.3346474319,993775.8757623765,1060361.2702121264
2018-10-30 00:00:00+00:00,917146.796568424,993955.1946418633,1063236.6392720928
2018-10-31 00:00:00+00:00,928201.329022802,1005935.5122949124,1073265.744960938
2018-11-01 00:00:00+00:00,946054.8457576567,1025284.2095455932,1082885.602765723
2018-11-02 00:00:00+00:00,948780.4127754718,1028238.0349373824,1088797.6675053188
2018-11-05 00:00:00+00:00,946368.8113712576,1025624.4688734841,1083575.21759843
2018-11-06 00:00:00+00:00,949499.6314611402,1029017.4861128959,1089323.7803666326
2018-11-07 00:00:00+00:00,954693.7387888713,1034646.5849433582,1096168.0627422654
2018-11-08 00:00:00+00:00,951467.9440631536,1031150.6392163796,1097513.1642309856
2018-11-09 00:00:00+00:00,938810.2676983059,1017432.9189757275,1086752.52413459
2018-11-12 00:00:00+00:00,934305.5167866743,1012550.9081722915,1081849.604273305
2018-11-13 00:00:00+00:00,934305.5167866743,1012550.9081722915,1084034.8499750763
2018-11-14 00:00:00+00:00,937870.3647801161,1016414.3018999344,1087915.2351435213
2018-11-15 00:00:00+00:00,948027.2470943682,1027421.7938035097,1099234.8222880983
2018-11-16 00:00:00+00:00,948843.439722535,1028306.3402094179,1100345.3303186377
2018-11-19 00:00:00+00:00,939013.5802121186,1017653.2583259777,1089469.4591884986
2018-11-20 00:00:00+00:00,936775.0835002486,1015227.2939729681,1086826.7042419515
2018-11-21 00:00:00+00:00,939318.5959861404,1017983.8182910467,1089451.8858477068
2018-11-23 00:00:00+00:00,940303.8408528398,1019051.5745727173,1090190.4939606725
2018-11-26 00:00:00+00:00,943172.3449304833,1022160.3075906954,1093260.4703841936
2018-11-27 00:00:00+00:00,943724.5712582362,1022758.781280122,1093985.8306782052
2018-11-28 00:00:00+00:00,950255.6031243386,1029836.7682217683,1101394.509671397
2018-11-29 00:00:00+00:00,947741.7782335205,1027112.4177491968,1098685.871061184
2018-11-30 00:00:00+00:00,951190.9936481011,1030850.4950031203,1102371.2202344278
2018-12-03 00:00:00+00:00,954158.5056488344,1034066.5275720906,1105848.473419796
2018-12-04 00:00:00+00:00,946361.6112117786,1025616.6657214226,1097049.4141749516
2018-12-06 00:00:00+00:00,938774.0428078995,1017393.6603552654,1088665.3659577556
2018-12-07 00:00:00+00:00,934544.3739797615,1012809.7689661524,1083695.21136272
2018-12-10 00:00:00+00:00,933100.4866441248,1011244.9602320397,1082132.6139635015
2018-12-11 00:00:00+00:00,935824.6891156049,1014197.3068006752,1085275.2626466434
2018-12-12 00:00:00+00:00,940823.1892014999,1019614.4168471611,1090879.1250116797
2018-12-13 00:00:00+00:00,941943.1299030577,1020828.1493512371,1092363.4576326103
2018-12-14 00:00:00+00:00,939128.9311149261,1017778.2695340867,1088801.1142383786
2018-12-17 00:00:00+00:00,933764.2388128533,1011964.2997298507,1082680.847217959
2018-12-18 00:00:00+00:00,932221.925519357,1010292.8221478849,1081171.4598816982
2018-12-19 00:00:00+00:00,925029.5038066909,1002498.055868258,1073007.492033244
2018-12-20 00:00:00+00:00,922084.8648362339,999306.8118798565,1069186.1780921128
2018-12-21 00:00:00+00:00,924820.0576474415,1002271.0691974626,1072030.8275307086
2018-12-24 00:00:00+00:00,924484.7380331862,1001907.6675329729,1071401.5435502082
2018-12-26 00:00:00+00:00,933305.4008162079,1011467.0353748193,1081844.381312151
2018-12-27 00:00:00+00:00,929378.0184074913,1007210.7460206017,1077527.2662761454
2018-12-28 00:00:00+00:00,929773.7072191803,1007639.5726286338,1078013.2981509014
2018-12-31 00:00:00+00:00,928588.1868404573,1006354.7683386395,1078013.2981509014
2019-01-02 00:00:00+00:00,930730.5157370367,1008676.51109929,1078209.6211365247
2019-01-03 00:00:00+00:00,918700.3047554044,995638.8046573433,1061908.4822168818
2019-01-04 00:00:00+00:00,931724.2146016657,1009753.4293768257,1085195.4622249426
2019-01-07 00:00:00+00:00,937313.4141251659,1015810.7082345384,1094412.35277932
2019-01-08 00:00:00+00:00,937600.2705517511,1016121.5880592159,1102036.5545729198
2019-01-09 00:00:00+00:00,944977.7671077584,1024116.9286663384,1115527.8678625808
2019-01-10 00:00:00+00:00,946896.8218043016,1026196.6986568873,1115736.5839823475
2019-01-11 00:00:00+00:00,947073.5530432764,1026388.2306272237,1115267.3723350973
2019-01-14 00:00:00+00:00,945389.5544021525,1024563.2019585551,1110532.4912706786
2019-01-15 00:00:00+00:00,949654.4098080507,1029185.2266997958,1115312.0642893463
2019-01-16 00:00:00+00:00,951392.1591109326,1031068.507493064,1124270.3308398696
2019-01-17 00:00:00+00:00,954421.5935037506,1034351.6482757987,1127635.038966579
2019-01-18 00:00:00+00:00,955966.1740641563,1036025.5830017359,1130243.8684630468
2019-01-22 00:00:00+00:00,946953.1428679139,1026257.7364470804,1116151.2568476247
2019-01-23 00:00:00+00:00,947151.2815279086,1026472.4686481827,1115516.7120309551
2019-01-24 00:00:00+00:00,948837.1376876761,1028299.510397322,1124817.2992379887
2019-01-25 00:00:00+00:00,953721.4211035434,1033592.8384572016,1132661.3371274974
2019-01-28 00:00:00+00:00,951676.6816568532,1031376.857981305,1131283.859074418
2019-01-29 00:00:00+00:00,950627.4833969614,1030239.7923942793,1126612.2725365437
2019-01-30 00:00:00+00:00,955585.254188585,1035612.7621856102,1148491.5238935328
2019-01-31 00:00:00+00:00,954615.2066977601,1034561.4760161963,1151487.4996899287
2019-02-01 00:00:00+00:00,956863.2718088124,1036997.810094213,1151400.3373599618
2019-02-04 00:00:00+00:00,956694.370161058,1036814.763420772,1148980.2631057748
2019-02-05 00:00:00+00:00,961678.7575086945,1042216.5788278881,1160765.9255544525
2019-02-06 00:00:00+00:00,963687.5690581322,1044393.622548796,1161050.8074571728
2019-02-07 00:00:00+00:00,962139.3056832582,1042715.6965833043,1150958.304122339
2019-02-08 00:00:00+00:00,964084.634867767,1044823.941474379,1152324.60047992
2019-02-11 00:00:00+00:00,966708.7707283219,1047667.841142135,1153518.111417737
2019-02-12 00:00:00+00:00,966708.7707283219,1047667.841142135,1158953.4587970437
2019-02-13 00:00:00+00:00,969212.0753821884,1050968.7838854142,1162321.2406537274
2019-02-14 00:00:00+00:00,967381.2961673716,1048554.6560826468,1159819.008987054
2019-02-15 00:00:00+00:00,962697.1853267674,1042378.0280545221,1153445.8602284219
2019-02-19 00:00:00+00:00,970443.8833529798,1052593.0878134305,1164011.9534624466
2019-02-20 00:00:00+00:00,971218.1262403035,1053614.0308442756,1165077.6653168292
2019-02-21 00:00:00+00:00,973409.5166856337,1056503.6728928494,1168052.1465052443
2019-02-22 00:00:00+00:00,982219.2137076327,1068120.4393181182,1180119.6395363447
2019-02-25 00:00:00+00:00,992498.8237169,1081675.483052575,1194215.2510127483
2019-02-26 00:00:00+00:00,992297.13409014,1081409.5282440702,1193970.2112179028
2019-02-27 00:00:00+00:00,994096.6661886798,1083782.4525354854,1196432.58284896
2019-02-28 00:00:00+00:00,992716.8194025534,1081962.9395854874,1194487.2133855098
2019-03-01 00:00:00+00:00,993148.2671795534,1082531.8613131691,1195123.2929604137
2019-03-04 00:00:00+00:00,1003370.8373072955,1096011.690317886,1208918.0983927918
2019-03-05 00:00:00+00:00,999157.8054383906,1090456.243060044,1203167.306828951
2019-03-06 00:00:00+00:00,997595.6425574946,1088396.3219004085,1201035.2770772735
2019-03-07 00:00:00+00:00,985520.9921411853,1072474.276771868,1184522.815665828
2019-03-08 00:00:00+00:00,980993.4390870449,1066504.0911710896,1178352.4396709795
2019-03-11 00:00:00+00:00,989364.4028683315,1077542.3290081865,1189848.0256690362
2019-03-12 00:00:00+00:00,989334.8886673606,1077503.4105779554,1189825.6802057815
2019-03-13 00:00:00+00:00,987183.7101152106,1074666.7933007698,1186982.0765811405
2019-03-14 00:00:00+00:00,986112.7338375302,1073254.5675189127,1185537.8462603372
2019-03-15 00:00:00+00:00,986887.6296315433,1074276.3714947468,1186610.5084248222
2019-03-18 00:00:00+00:00,987680.3905955572,1075321.7330919758,1187725.8564593182
2019-03-19 00:00:00+00:00,987416.0870797758,1074973.2134776753,1187399.4170239395
2019-03-20 00:00:00+00:00,985084.0567164398,1071898.1188450383,1184245.5244529862
2019-03-21 00:00:00+00:00,985211.6301535412,1072066.3415225237,1184431.220438838
2019-03-22 00:00:00+00:00,975145.6071283274,1058792.9408569522,1170701.4246893586
2019-03-25 00:00:00+00:00,979580.8329137177,1064641.380577813,1176766.2694724088
2019-03-26 00:00:00+00:00,978679.5971900194,1063452.9804693682,1175520.1999729846
2019-03-27 00:00:00+00:00,976801.4318357643,1060976.3676898445,1172952.928009175
2019-03-28 00:00:00+00:00,978378.1340322954,1063055.4608860773,1175094.3185205967
2019-03-29 00:00:00+00:00,987551.6341169731,1075151.950415714,1187602.5203101481
2019-04-01 00:00:00+00:00,985629.1638637133,1072616.9156879727,1187602.5203101481
2019-04-02 00:00:00+00:00,986334.8157527344,1073547.4122932293,1165758.1871716203
2019-04-03 00:00:00+00:00,981315.7228541211,1066929.0655187238,1166954.0941695005
2019-04-04 00:00:00+00:00,985977.1246189466,1073075.7485863813,1166325.878816994
2019-04-05 00:00:00+00:00,994105.5317972765,1083794.1430288167,1190073.9603653124
2019-04-08 00:00:00+00:00,996049.0645596848,1086356.9514982086,1180794.264296213
2019-04-09 00:00:00+00:00,997234.2915978625,1087919.8322226012,1183318.5357990041
2019-04-10 00:00:00+00:00,996100.7350032541,1086425.085904254,1168748.064431926
2019-04-11 00:00:00+00:00,994539.977411647,1084367.0178069188,1170091.549681439
2019-04-12 00:00:00+00:00,1001701.7334726565,1093810.753175768,1179863.3066220684
2019-04-15 00:00:00+00:00,991810.0757460647,1080767.2765293436,1159226.1978109428
2019-04-16 00:00:00+00:00,996121.809350029,1086452.8752554015,1164588.9033943452
2019-04-17 00:00:00+00:00,999553.903918889,1090978.5520018684,1164604.0960428768
2019-04-18 00:00:00+00:00,998845.2629434548,1090044.1138855023,1168509.6801027567
2019-04-22 00:00:00+00:00,995458.2522294223,1085577.886244921,1159014.28227368
2019-04-23 00:00:00+00:00,1000034.7472118976,1091612.608338663,1164922.0276510464
2019-04-24 00:00:00+00:00,998113.0449532769,1089078.5863147997,1163665.5625613034
2019-04-25 00:00:00+00:00,1000552.6346738574,1092295.5123778302,1152429.2009004913
2019-04-26 00:00:00+00:00,1000260.1065124052,1091909.774784821,1152240.0366268242
2019-04-29 00:00:00+00:00,999864.0728159314,1091387.5512694174,1167495.4970115027
2019-04-30 00:00:00+00:00,997732.2670094753,1088576.4795542615,1176143.227533583
2019-05-01 00:00:00+00:00,1003193.106180705,1095777.328003388,1173758.865864227
2019-05-02 00:00:00+00:00,1005503.6328374704,1098824.0671164328,1170530.7310427204
2019-05-03 00:00:00+00:00,1013115.8483156783,1108861.7936089938,1171802.3133625917
2019-05-06 00:00:00+00:00,999624.8112547931,1091072.0528290793,1138172.8028624647
2019-05-07 00:00:00+00:00,987596.3411029333,1075210.9025694802,1102325.617945829
2019-05-08 00:00:00+00:00,985581.8823985282,1072554.56873825,1099040.6872613914
2019-05-09 00:00:00+00:00,984394.8853679784,1070989.354041655,1111537.272726405
2019-05-10 00:00:00+00:00,982847.9253627488,1068949.4799114654,1125717.9097081455
2019-05-13 00:00:00+00:00,967841.5331596279,1049161.5402497142,1121104.4875983545
2019-05-14 00:00:00+00:00,976201.79845974,1060185.6707052973,1154162.4037783165
2019-05-15 00:00:00+00:00,981611.3329386133,1067318.8670403794,1172604.53457249
2019-05-16 00:00:00+00:00,980697.6692646897,1066114.0790136494,1177660.6363456103
2019-05-17 00:00:00+00:00,966096.0274950742,1046859.8570535191,1142929.814509854
2019-05-20 00:00:00+00:00,952295.2750558264,1028661.7150312274,1123375.154615189
2019-05-21 00:00:00+00:00,952295.2750558264,1028661.7150312274,1139864.3888479993
2019-05-22 00:00:00+00:00,935792.2752735161,1010835.3070841377,1120619.9407937415
2019-05-23 00:00:00+00:00,907969.0612723556,980780.8945696611,1088387.0966519334
2019-05-24 00:00:00+00:00,900500.1192689503,972713.0033473287,1079690.2128203353
2019-05-28 00:00:00+00:00,902030.9480032723,974366.5922629875,1081627.9887895703
2019-05-29 00:00:00+00:00,895298.9959572821,967094.7916791505,1073699.3055623174
2019-05-30 00:00:00+00:00,901568.6084720985,973867.1768111613,1080969.429173674
2019-05-31 00:00:00+00:00,890727.2055180182,962156.3803300647,1068400.9271011278
2019-06-03 00:00:00+00:00,890727.2055180182,962156.3803300647,1068400.9271011278
2019-06-04 00:00:00+00:00,909277.875421487,982194.6651118112,1089863.0050237472
2019-06-05 00:00:00+00:00,895263.6012606852,967056.5586118887,1073396.4363202371
2019-06-06 00:00:00+00:00,895502.19737088,967314.2882156592,1073619.7651222625
2019-06-07 00:00:00+00:00,907250.4585538936,980004.6656791462,1087353.8095649364
2019-06-10 00:00:00+00:00,917637.973572834,991225.1760546382,1099547.6699006772
2019-06-11 00:00:00+00:00,932781.9560268598,1007583.58438828,1117225.297064451
2019-06-12 00:00:00+00:00,919195.7290719682,992907.851045591,1101504.3800405369
2019-06-13 00:00:00+00:00,925825.452468206,1000069.2250622335,1109277.7654008684
2019-06-14 00:00:00+00:00,917280.6883727022,990839.2394482624,1099407.7258349857
2019-06-17 00:00:00+00:00,922401.1198032523,996370.288393917,1105341.9400042584
2019-06-18 00:00:00+00:00,940551.7605852917,1015976.4649284731,1126467.2480457956
2019-06-19 00:00:00+00:00,948594.3490718591,1024664.0044790584,1135845.312474443
2019-06-20 00:00:00+00:00,958046.1032910341,1034873.7135470575,1146881.0485717324
2019-06-21 00:00:00+00:00,956221.1129003484,1032902.3735705063,1144708.7360840812
2019-06-24 00:00:00+00:00,953530.0376800925,1029995.495710397,1141594.0628584686
2019-06-25 00:00:00+00:00,945564.4306652553,1021391.1109278864,1132325.670441
2019-06-26 00:00:00+00:00,975555.2544793328,1053786.9581696778,1167082.892374259
2019-06-27 00:00:00+00:00,979597.9372607627,1058153.8316722573,1171870.3580131154
2019-06-28 00:00:00+00:00,979182.0520602742,1057704.5958156944,1171355.645290176
2019-07-01 00:00:00+00:00,998655.5460631434,1078739.707785002,1171355.645290176
2019-07-02 00:00:00+00:00,1002734.3708486983,1083145.6215904388,1174995.364635998
2019-07-03 00:00:00+00:00,1004220.5675437811,1084750.9993354324,1174044.3337003344
2019-07-05 00:00:00+00:00,996613.3481004091,1076533.741931967,1165557.0223980728
2019-07-08 00:00:00+00:00,988565.1884739276,1067840.1844807486,1147478.0703811292
2019-07-09 00:00:00+00:00,990921.1088138933,1070385.0307284044,1149785.2363209687
2019-07-10 00:00:00+00:00,989981.7034312353,1069370.2925717146,1144188.0564659946
2019-07-11 00:00:00+00:00,986740.1870315769,1065868.8325662776,1141107.6688217125
2019-07-12 00:00:00+00:00,997267.7522911851,1077240.6240879954,1154791.5361992496
2019-07-15 00:00:00+00:00,996561.36106889,1076477.5859576566,1166039.1479372727
2019-07-16 00:00:00+00:00,990528.4673562448,1069960.9025763525,1163762.2912957382
2019-07-17 00:00:00+00:00,989149.9330302584,1068471.8208585887,1164265.3317532912
2019-07-18 00:00:00+00:00,986512.7166237128,1065623.1208568937,1157130.2247556567
2019-07-19 00:00:00+00:00,994790.1963369199,1074564.3880257607,1163306.4390463508
2019-07-22 00:00:00+00:00,988963.4010714899,1068270.3305334332,1162124.5319493604
2019-07-23 00:00:00+00:00,1010413.0611662967,1091440.0812587715,1187147.4661415957
2019-07-24 00:00:00+00:00,1017853.2709326874,1099476.9361492244,1193845.1992475437
2019-07-25 00:00:00+00:00,1010411.2114874353,1091438.083250507,1185109.972268778
2019-07-26 00:00:00+00:00,1005238.8535677759,1085850.9437279673,1185472.5339469898
2019-07-29 00:00:00+00:00,1003560.5811614261,1084038.0873408513,1180068.161435784
2019-07-30 00:00:00+00:00,986030.0964515586,1065101.7984194094,1160722.1457745312
2019-07-31 00:00:00+00:00,974988.171474263,1053174.3996577961,1150407.1473378022
2019-08-01 00:00:00+00:00,949447.491433485,1025585.5620125917,1113358.3065798902
2019-08-02 00:00:00+00:00,937383.5647387209,1012554.2051961677,1092838.5273059614
2019-08-05 00:00:00+00:00,899264.6862153166,971378.4984757355,1047205.5601116007
2019-08-06 00:00:00+00:00,906493.1495164179,979186.6265334068,1062248.0231377985
2019-08-07 00:00:00+00:00,909074.7511277964,981975.2518796074,1068742.769939931
2019-08-08 00:00:00+00:00,928372.7396509909,1002820.7842380019,1089962.452280128
2019-08-09 00:00:00+00:00,920534.3778294474,994353.8486922893,1076605.2679251241
2019-08-12 00:00:00+00:00,920955.77362744,994809.03705206,1077252.4747849656
2019-08-13 00:00:00+00:00,920955.77362744,994809.03705206,1132827.0700588124
2019-08-14 00:00:00+00:00,906515.5942714224,979210.8711776693,1115028.3181691794
2019-08-15 00:00:00+00:00,922837.7953028885,996841.9817648007,1134794.4564535215
2019-08-16 00:00:00+00:00,951761.1859404012,1028084.7962542016,1169948.0547449775
2019-08-19 00:00:00+00:00,965697.5109596812,1043138.7027169053,1186832.3016781476
2019-08-20 00:00:00+00:00,960267.7276729401,1037273.494378389,1180214.4245866872
2019-08-21 00:00:00+00:00,950450.8514097366,1026669.3834081185,1168169.9094353414
2019-08-22 00:00:00+00:00,930453.7736893625,1005068.7005083249,1143608.048185268
2019-08-23 00:00:00+00:00,905518.1006023017,978133.3865200345,1113419.2851269194
2019-08-26 00:00:00+00:00,920919.2244002927,994769.5568701614,1132435.684852108
2019-08-27 00:00:00+00:00,923485.0160585117,997541.1044318163,1135601.6787610236
2019-08-28 00:00:00+00:00,930132.3802080046,1004721.5338485783,1143744.8645373415
2019-08-29 00:00:00+00:00,946322.4385928947,1022209.905009173,1163295.451039066
2019-08-30 00:00:00+00:00,949148.0926480143,1025262.1538468602,1166535.728945184
2019-09-03 00:00:00+00:00,933734.9280236403,1008612.9770926883,1147590.2335035452
2019-09-04 00:00:00+00:00,942945.1719745721,1018561.8087067758,1158840.7091075676
2019-09-05 00:00:00+00:00,962981.3207031111,1040204.6957960889,1183285.1354763415
2019-09-06 00:00:00+00:00,960858.947050296,1037912.1248059473,1180911.3760199836
2019-09-09 00:00:00+00:00,965961.8263284195,1043424.2140573869,1187176.6471857324
2019-09-10 00:00:00+00:00,954391.0806523295,1030925.5874201191,1173058.811918552
2019-09-11 00:00:00+00:00,959214.5133209504,1036135.8206862145,1178937.7083313335
2019-09-12 00:00:00+00:00,970484.6346378603,1048309.7153028634,1192704.514854859
2019-09-13 00:00:00+00:00,968136.9029967977,1045773.7144220581,1189683.0696520018
2019-09-16 00:00:00+00:00,958576.4551511472,1035446.5953708827,1178027.5309276325
2019-09-17 00:00:00+00:00,965929.6276411486,1043389.4332937545,1186972.309333664
2019-09-18 00:00:00+00:00,971161.3415221004,1049040.6886494183,1193291.3082144046
2019-09-19 00:00:00+00:00,972606.134506194,1050601.3424380196,1195031.0871882087
2019-09-20 00:00:00+00:00,974564.5432613895,1052716.7998613836,1197247.1252578092
2019-09-23 00:00:00+00:00,953708.5424102088,1030188.3150875717,1171944.1953851692
2019-09-24 00:00:00+00:00,932798.7739283793,1007601.750950557,1146501.6173195909
2019-09-25 00:00:00+00:00,949208.0269561658,1025326.8944056211,1166368.9836779137
2019-09-26 00:00:00+00:00,941390.903335793,1016882.9001944008,1156813.1961300734
2019-09-27 00:00:00+00:00,903248.3711609591,975681.6429894879,1110312.815395495
2019-09-30 00:00:00+00:00,912565.721184707,985746.169724027,1110312.815395495
2019-10-01 00:00:00+00:00,906670.7751885161,979378.4963591637,1103843.029270716
2019-10-02 00:00:00+00:00,906664.1357945519,979371.3245390772,1103692.4328396064
2019-10-03 00:00:00+00:00,921904.1334125085,995833.4476823849,1118240.7823643656
2019-10-04 00:00:00+00:00,924816.4814138642,998979.3426251762,1120382.5965650766
2019-10-07 00:00:00+00:00,918360.2671456314,992005.3917763913,1113721.007857447
2019-10-08 00:00:00+00:00,891324.0565121813,962801.0939849108,1086114.0237948892
2019-10-09 00:00:00+00:00,904800.9610171613,977358.7380943934,1099049.8188309595
2019-10-10 00:00:00+00:00,909504.3556103556,982439.3071945818,1104231.4015021343
2019-10-11 00:00:00+00:00,937443.1242128848,1012618.5408622628,1132485.4152218292
2019-10-14 00:00:00+00:00,933943.723555703,1008838.5163510763,1128634.769610349
2019-10-15 00:00:00+00:00,955296.3472196326,1031903.4491023876,1149941.1717287563
2019-10-16 00:00:00+00:00,962124.5410891238,1039279.2093317397,1156846.5408806
2019-10-17 00:00:00+00:00,956687.0829315251,1033405.7106593051,1151533.174736776
2019-10-18 00:00:00+00:00,931748.8076096987,1006467.5857579011,1127680.686180103
2019-10-21 00:00:00+00:00,954276.4083718485,1030801.719342858,1151112.798987486
2019-10-22 00:00:00+00:00,938981.636978239,1014280.4300065871,1136474.4478357756
2019-10-23 00:00:00+00:00,944413.7526818664,1020148.1578031089,1142286.60396436
2019-10-24 00:00:00+00:00,951123.1229107748,1027395.5656893277,1149649.3792807627
2019-10-25 00:00:00+00:00,959930.4425996331,1036909.1617485312,1158656.581322011
2019-10-28 00:00:00+00:00,975521.7271356124,1053750.7422020098,1173913.3189533968
2019-10-29 00:00:00+00:00,970621.2253701895,1048457.2595159408,1168142.7752631963
2019-10-30 00:00:00+00:00,971708.5692884917,1049631.7996917954,1169579.6427964163
2019-10-31 00:00:00+00:00,964576.0612978709,1041927.3217905731,1162649.3357306086
2019-11-01 00:00:00+00:00,966475.0566324522,1043978.6013137148,1163807.9779050103
2019-11-04 00:00:00+00:00,992156.4034894725,1071719.3861251334,1190888.4138751745
2019-11-05 00:00:00+00:00,994947.0440404128,1074733.8136565494,1192686.8848581475
2019-11-06 00:00:00+00:00,998541.4361368541,1078616.4471582263,1195944.062716077
2019-11-07 00:00:00+00:00,1009315.8826615461,1090254.9178415467,1207303.6659475248
2019-11-08 00:00:00+00:00,1009714.1736989745,1090685.1486243454,1207479.308108441
2019-11-11 00:00:00+00:00,1008377.216267894,1089240.9779348513,1206089.272563938
2019-11-12 00:00:00+00:00,1012793.4470745053,1094011.3550169347,1210678.5629125806
2019-11-13 00:00:00+00:00,1012793.4470745053,1094011.3550169347,1197508.4672655533
2019-11-14 00:00:00+00:00,1014497.9605251362,1095852.556769529,1199715.3777498524
2019-11-15 00:00:00+00:00,1020287.0921046194,1102105.930250504,1206557.7167171142
2019-11-18 00:00:00+00:00,1013521.7667697736,1094798.0801078281,1197886.1571087372
2019-11-19 00:00:00+00:00,1004057.6046311039,1084574.9681047504,1186728.7274715467
2019-11-20 00:00:00+00:00,990755.129540087,1070205.7412486332,1170390.3722906043
2019-11-21 00:00:00+00:00,1000637.9456320337,1080881.0798928202,1182476.5526488759
2019-11-22 00:00:00+00:00,1001451.7457387341,1081760.1402382595,1183335.3054421078
2019-11-25 00:00:00+00:00,1014335.6419459425,1095677.2215427053,1199188.7044545114
2019-11-26 00:00:00+00:00,1024911.8552435978,1107101.5622847765,1211921.3563871034
2019-11-27 00:00:00+00:00,1039271.4825631942,1122612.7164957635,1229232.2103666111
2019-11-29 00:00:00+00:00,1032772.3601235094,1115592.4165844652,1221158.5102749798
2019-12-02 00:00:00+00:00,1021569.2346827377,1103490.8903756551,1207602.312470844
2019-12-03 00:00:00+00:00,1016274.1274579712,1097771.158038662,1201123.3587191617
2019-12-04 00:00:00+00:00,1010477.6247171895,1091509.8222883968,1193853.8129533126
2019-12-05 00:00:00+00:00,1029300.715342077,1111842.3737475541,1217068.7392979977
2019-12-06 00:00:00+00:00,1036116.2767705411,1119204.4885154697,1225479.0632187002
2019-12-09 00:00:00+00:00,1032542.4682084245,1115344.0891824113,1221467.4972795579
2019-12-10 00:00:00+00:00,1035883.5784384729,1118953.1296443082,1225456.3381230338
2019-12-11 00:00:00+00:00,1044234.2578322953,1127973.466520832,1235366.0528423758
2019-12-12 00:00:00+00:00,1047731.2635888888,1131750.9040796193,1240013.308002633
2019-12-13 00:00:00+00:00,1053003.064674732,1137445.4613123527,1246277.8674221116
2019-12-16 00:00:00+00:00,1064456.9315726152,1149817.8364312202,1260287.3884674867
2019-12-17 00:00:00+00:00,1068917.029003499,1154635.5978888632,1265551.9186748252
2019-12-18 00:00:00+00:00,1071423.6678450652,1157343.2490526037,1268298.9318031664
2019-12-19 00:00:00+00:00,1074457.32818969,1160620.1846152009,1272166.346521122
2019-12-20 00:00:00+00:00,1083109.2469097683,1169965.9177948441,1282856.3135173265
2019-12-23 00:00:00+00:00,1095625.679470315,1183486.0678166426,1298485.8767931305
2019-12-24 00:00:00+00:00,1094271.0128737804,1182022.767828721,1296908.1106205583
2019-12-26 00:00:00+00:00,1098860.3055458819,1186980.0849492825,1302303.295141527
2019-12-27 00:00:00+00:00,1096778.0976898747,1184730.9007305682,1299482.040343415
2019-12-30 00:00:00+00:00,1087188.8904361883,1174372.715997594,1287680.1232740246
2019-12-31 00:00:00+00:00,1084738.8953490076,1171726.2509628392,1284609.9999686657
2020-01-02 00:00:00+00:00,1118776.8420630065,1208493.7678875776,1327080.2235221686
2020-01-03 00:00:00+00:00,1113500.159265228,1202793.937468782,1321091.9243765892
2020-01-06 00:00:00+00:00,1113285.0136373409,1202561.5388878367,1320823.4628327328
2020-01-07 00:00:00+00:00,1115355.1732557782,1204797.7086970014,1323650.1374564804
2020-01-08 00:00:00+00:00,1117547.0684417475,1207165.3762894252,1326164.514212454
2020-01-09 00:00:00+00:00,1128090.6859897918,1218554.5073643103,1339253.1915095018
2020-01-10 00:00:00+00:00,1132041.4840843866,1222822.1277654404,1344201.0870683384
2020-01-13 00:00:00+00:00,1155946.495999745,1248644.129825939,1373508.028764379
2020-01-14 00:00:00+00:00,1149399.135690053,1241571.7237545128,1365629.830614786
2020-01-15 00:00:00+00:00,1142438.922458841,1234053.3572699348,1356959.965127578
2020-01-16 00:00:00+00:00,1139246.2285436885,1230604.6349205165,1352954.7853648388
2020-01-17 00:00:00+00:00,1154196.5851720045,1246753.8901908533,1371265.1859189929
2020-01-21 00:00:00+00:00,1141495.042826661,1233033.7860648122,1355937.8332057816
2020-01-22 00:00:00+00:00,1146692.1915719025,1238647.7044382275,1362930.2073895622
2020-01-23 00:00:00+00:00,1136784.5848626615,1227945.5871681562,1351080.348558831
2020-01-24 00:00:00+00:00,1115512.4798922206,1204967.63006348,1324877.1907454766
2020-01-27 00:00:00+00:00,1084695.1639776083,1171679.012686348,1286716.8991578398
2020-01-28 00:00:00+00:00,1102696.647728776,1191124.070992972,1309173.4636437618
2020-01-29 00:00:00+00:00,1108375.7431521346,1197258.5843010168,1316092.4637344945
2020-01-30 00:00:00+00:00,1095173.4551410172,1182997.57872472,1299943.7125577303
2020-01-31 00:00:00+00:00,1084178.9504616791,1171121.4029884664,1286280.759561066
2020-02-03 00:00:00+00:00,1109350.4475325928,1198311.452151896,1317377.4732901403
2020-02-04 00:00:00+00:00,1140889.0627788324,1232379.211279447,1355639.7055009454
2020-02-05 00:00:00+00:00,1130773.4624606976,1221452.4209819594,1343365.696359049
2020-02-06 00:00:00+00:00,1139972.063767943,1231388.676305756,1354438.346572616
2020-02-07 00:00:00+00:00,1130127.3530421255,1220754.4987723096,1342333.2471090858
2020-02-10 00:00:00+00:00,1128148.9412040673,1218617.434179339,1340129.0734609733
2020-02-11 00:00:00+00:00,1138139.8627929052,1229409.5475138444,1352455.501514673
2020-02-12 00:00:00+00:00,1160983.7765752198,1254085.3598851324,1380202.1559053804
2020-02-13 00:00:00+00:00,1155198.6906575332,1247836.356495567,1373647.5941878306
2020-02-14 00:00:00+00:00,1151707.0972223864,1244064.7652829788,1369546.0218802325
2020-02-18 00:00:00+00:00,1158005.5705746347,1250868.3256600085,1377224.420606208
2020-02-19 00:00:00+00:00,1167769.9195404346,1261415.6970650952,1389251.7625333625
2020-02-20 00:00:00+00:00,1151790.1008896723,1244154.4251783714,1368923.8731907336
2020-02-21 00:00:00+00:00,1131866.2103055106,1222632.7984358708,1344437.5263882433
2020-02-24 00:00:00+00:00,1109345.827500845,1198306.4616306724,1316905.1284026704
2020-02-25 00:00:00+00:00,1102699.7737811303,1191127.447729642,1308654.9031561813
2020-02-26 00:00:00+00:00,1116011.6241168068,1205506.8016498147,1325394.9036098071
2020-02-27 00:00:00+00:00,1095822.298470642,1183698.454083152,1300241.420412993
2020-02-28 00:00:00+00:00,1102556.8944492454,1190973.1106217839,1308339.6706949244
2020-03-02 00:00:00+00:00,1150382.3178498582,1242633.7492346182,1368740.7937024795
2020-03-03 00:00:00+00:00,1129360.7082900314,1219926.375262548,1342281.6578513791
2020-03-04 00:00:00+00:00,1163795.7473212483,1257122.8281221322,1384849.4169563123
2020-03-05 00:00:00+00:00,1170510.5297801439,1264376.082255756,1393285.3131535095
2020-03-06 00:00:00+00:00,1141529.4318325873,1233070.9327930813,1356714.906761253
2020-03-09 00:00:00+00:00,1115183.9572848948,1204612.7625790662,1323379.947827729
2020-03-10 00:00:00+00:00,1148124.6411433679,1240195.0249715496,1363995.566069231
2020-03-11 00:00:00+00:00,1131935.2377018766,1222707.361275559,1344489.1056905119
2020-03-12 00:00:00+00:00,1074459.7100570248,1160622.757489184,1273790.0442687077
2020-03-13 00:00:00+00:00,1099120.393522547,1187261.0298947666,1304462.8276270793
2020-03-16 00:00:00+00:00,1036779.8949923695,1119921.323593909,1226698.690933719
2020-03-17 00:00:00+00:00,1075243.1332243558,1161469.0049084572,1274760.3993509582
2020-03-18 00:00:00+00:00,1057503.2277008682,1142306.5013045063,1253300.9870040352
2020-03-19 00:00:00+00:00,1051277.4576698146,1135581.47447167,1245713.274017925
2020-03-20 00:00:00+00:00,1056594.2361477953,1141324.6159224983,1252341.4454680542
2020-03-23 00:00:00+00:00,1048946.560372825,1133063.6579142555,1244232.9566012293
2020-03-24 00:00:00+00:00,1088272.6812562163,1175543.418145202,1292790.6547276014
2020-03-25 00:00:00+00:00,1096322.7201899602,1184239.0056090457,1302640.4081834056
2020-03-26 00:00:00+00:00,1119743.312797098,1209537.7418197172,1330782.262115668
2020-03-27 00:00:00+00:00,1092436.589282389,1180041.2381844583,1296823.5784857213
2020-03-30 00:00:00+00:00,1100421.1256779614,1188666.0703321528,1306470.8402329106
2020-03-31 00:00:00+00:00,1110794.4876950663,1199871.2927486235,1306470.8402329106
2020-04-01 00:00:00+00:00,1100857.099875675,1189137.0061623268,1293784.1024115817
2020-04-02 00:00:00+00:00,1102851.7598288115,1191291.6218388325,1306255.3753106634
2020-04-03 00:00:00+00:00,1095888.029070105,1183769.4557492791,1307990.885028603
2020-04-06 00:00:00+00:00,1129333.1787895926,1219896.6381170668,1351477.7728193337
2020-04-07 00:00:00+00:00,1135288.070839567,1226329.0647282284,1357664.3073369
2020-04-08 00:00:00+00:00,1126074.1651494037,1216376.277732804,1339221.4143069186
2020-04-09 00:00:00+00:00,1131763.843985629,1222522.2231585076,1340809.9970709619
2020-04-13 00:00:00+00:00,1142124.817035683,1233714.063112178,1348011.15742442
2020-04-14 00:00:00+00:00,1158835.1497554127,1251764.4304346573,1367739.3447240451
2020-04-15 00:00:00+00:00,1167219.2835049224,1260820.9044377613,1374370.320886936
2020-04-16 00:00:00+00:00,1210634.7698103117,1307717.964385054,1428763.3945209098
2020-04-17 00:00:00+00:00,1210634.7698103117,1307717.964385054,1418259.9774179356
2020-04-20 00:00:00+00:00,1208329.405264238,1305227.7281003078,1415179.3763759078
2020-04-21 00:00:00+00:00,1181726.597199366,1276491.5882858438,1382911.512062396
2020-04-22 00:00:00+00:00,1202504.7365879633,1298935.9677325226,1408000.7934955664
2020-04-23 00:00:00+00:00,1192088.9276880075,1287684.894533784,1395678.4939504715
2020-04-24 00:00:00+00:00,1189106.1245476606,1284462.8945151763,1391992.0973453962
2020-04-27 00:00:00+00:00,1191412.1941583152,1286953.8924050254,1394780.1119898767
2020-04-28 00:00:00+00:00,1172791.6547719105,1266840.1351684346,1371968.0099285953
2020-04-29 00:00:00+00:00,1187778.7975066104,1283029.1264957204,1389741.7116366976
2020-04-30 00:00:00+00:00,1189370.4698648024,1284748.4382056831,1392432.7531958665
2020-05-01 00:00:00+00:00,1135719.2198187076,1226794.7883960167,1326866.0843137102
2020-05-04 00:00:00+00:00,1129635.8793647087,1220223.61284948,1319975.811893302
2020-05-05 00:00:00+00:00,1141484.913946137,1233022.844929343,1333760.7345858226
2020-05-06 00:00:00+00:00,1148419.928314505,1240513.991804469,1342300.2709802007
2020-05-07 00:00:00+00:00,1164993.866400919,1258417.0267384523,1362369.6547601237
2020-05-08 00:00:00+00:00,1190525.85276851,1285996.4735476372,1393013.5606449586
2020-05-11 00:00:00+00:00,1199249.12711978,1295419.2845075456,1402779.94662666
2020-05-12 00:00:00+00:00,1198491.7237559087,1294601.1434711907,1402658.3902446
2020-05-13 00:00:00+00:00,1195900.2136618926,1291801.8150615492,1399192.5807232722
2020-05-14 00:00:00+00:00,1205907.5801451523,1302611.6920390574,1411224.536208362
2020-05-15 00:00:00+00:00,1223641.113984473,1321767.313000897,1432878.5429708643
2020-05-18 00:00:00+00:00,1283132.3963781865,1386029.3188928582,1505054.2269119204
2020-05-19 00:00:00+00:00,1294124.5383892888,1397902.942493841,1518658.9212816302
2020-05-20 00:00:00+00:00,1300158.3033009958,1404420.566937381,1526489.8845615545
2020-05-21 00:00:00+00:00,1267108.8866821807,1368720.852289633,1486580.829979557
2020-05-22 00:00:00+00:00,1200741.5403830153,1297031.3773395773,1405941.303173872
2020-05-26 00:00:00+00:00,1246506.8898207578,1346466.7405874648,1462330.7135916853
2020-05-27 00:00:00+00:00,1229483.409760249,1328078.114020126,1441853.701440689
2020-05-28 00:00:00+00:00,1221912.6184416227,1319900.2059847163,1432315.366108157
2020-05-29 00:00:00+00:00,1259782.822559738,1360807.296607884,1477773.0423278993
2020-06-01 00:00:00+00:00,1271681.7134608673,1373660.3830842478,1492762.401260616
2020-06-02 00:00:00+00:00,1310260.658945228,1415333.0504443925,1539781.1460787097
2020-06-03 00:00:00+00:00,1338640.7499979306,1445988.997081641,1574334.0954347013
2020-06-04 00:00:00+00:00,1324304.6553281364,1430503.262650147,1557006.1328054173
2020-06-05 00:00:00+00:00,1356421.3378809253,1465195.4454439017,1596293.2194436446
2020-06-08 00:00:00+00:00,1359085.5180938086,1468073.271532849,1599771.4553574715
2020-06-09 00:00:00+00:00,1346448.6503806072,1454423.0284255077,1583784.9307040547
2020-06-10 00:00:00+00:00,1364800.3741640495,1474246.4132047174,1605708.8950382683
2020-06-11 00:00:00+00:00,1335891.3516278695,1443019.1190230888,1571323.9769806862
2020-06-12 00:00:00+00:00,1352300.5362995495,1460744.1886404352,1591371.1458105622
2020-06-15 00:00:00+00:00,1383767.7038886677,1494734.7705820496,1630107.6545978272
2020-06-16 00:00:00+00:00,1397993.8843169082,1510101.7765317531,1647252.1439045956
2020-06-17 00:00:00+00:00,1449532.1620304408,1565773.0105819805,1711362.8731925187
2020-06-18 00:00:00+00:00,1449711.948877038,1565967.2148910896,1711935.5861398464
2020-06-19 00:00:00+00:00,1455263.915670239,1571964.4048729003,1718957.4763228789
2020-06-22 00:00:00+00:00,1449626.6270866394,1565875.050977711,1712296.7422352189
2020-06-23 00:00:00+00:00,1464935.7447608113,1582411.8370511336,1730293.8127402016
2020-06-24 00:00:00+00:00,1449074.4680810464,1565278.6132503166,1710721.403368696
2020-06-25 00:00:00+00:00,1445968.3069813512,1561923.3629538277,1707489.1736735394
2020-06-26 00:00:00+00:00,1426865.0024351361,1541288.1266652495,1684556.0577678324
2020-06-29 00:00:00+00:00,1412940.4845044971,1526246.9741249578,1667032.4246911712
2020-06-30 00:00:00+00:00,1413032.4186356105,1526346.2806357197,1667032.4246911712
2020-07-01 00:00:00+00:00,1416170.164537094,1529735.6485816683,1668526.09513006
2020-07-02 00:00:00+00:00,1435653.7947185915,1550781.7095697983,1691864.85801448
2020-07-06 00:00:00+00:00,1469831.0620957701,1587699.7195570143,1757790.1104432726
2020-07-07 00:00:00+00:00,1446079.7125638607,1562043.7023701519,1708813.7740045928
2020-07-08 00:00:00+00:00,1482900.5767767187,1601817.3044474176,1749682.129290898
2020-07-09 00:00:00+00:00,1507698.7884519948,1628604.1337216687,1764998.5380318246
2020-07-10 00:00:00+00:00,1491773.3437938844,1611401.596185518,1757150.4526709656
2020-07-13 00:00:00+00:00,1457721.6339559597,1574619.2124447483,1725147.2032740873
2020-07-14 00:00:00+00:00,1449425.4479929148,1565657.738934903,1711761.2121329866
2020-07-15 00:00:00+00:00,1448541.614916415,1564703.0295374212,1724538.9225023224
2020-07-16 00:00:00+00:00,1427985.7544193412,1542498.753965831,1687375.9388166398
2020-07-17 00:00:00+00:00,1427985.7544193412,1542498.753965831,1701569.9619344785
2020-07-20 00:00:00+00:00,1442443.6142573033,1558116.0181549524,1720643.7040879535
2020-07-21 00:00:00+00:00,1470017.4581143612,1587901.0630406805,1751824.352619825
2020-07-22 00:00:00+00:00,1439744.5531222096,1555200.5139737132,1716528.903710366
2020-07-23 00:00:00+00:00,1424474.499010885,1538705.9240474384,1700144.3586375255
2020-07-24 00:00:00+00:00,1415230.5246393445,1528720.657103658,1689192.5626392015
2020-07-27 00:00:00+00:00,1418221.2908125205,1531951.2587264332,1694079.1823235769
2020-07-28 00:00:00+00:00,1407849.914695188,1520748.181462962,1682105.0530438733
2020-07-29 00:00:00+00:00,1425120.8313881333,1539404.0870952618,1702263.2816741664
2020-07-30 00:00:00+00:00,1417661.9612447126,1531347.0754152692,1694092.4801441648
2020-07-31 00:00:00+00:00,1437090.315339288,1552333.427617834,1713302.0641244703
2020-08-03 00:00:00+00:00,1461726.147354217,1578944.8556858907,1743521.8229979363
2020-08-04 00:00:00+00:00,1473862.9914155148,1592054.9772565654,1758403.2651414892
2020-08-05 00:00:00+00:00,1495161.6818977732,1615061.6518177877,1782442.2874913
2020-08-06 00:00:00+00:00,1497755.8989851298,1617863.9042999153,1785531.8650486546
2020-08-07 00:00:00+00:00,1408114.952925938,1521034.4736331883,1684101.711069261
2020-08-10 00:00:00+00:00,1426673.962523911,1541081.7668860217,1702060.244841268
2020-08-11 00:00:00+00:00,1428922.151199812,1543510.2422545787,1704837.271983145
2020-08-12 00:00:00+00:00,1469527.7610280782,1587372.0961773384,1751744.3787695125
2020-08-13 00:00:00+00:00,1468009.3216392961,1585731.8901333215,1748700.8787615087
2020-08-14 00:00:00+00:00,1454652.7310890942,1571304.2081924074,1734656.0058486864
2020-08-17 00:00:00+00:00,1464327.199165236,1581754.4909816773,1746138.1455820685
2020-08-18 00:00:00+00:00,1508443.2809918986,1629408.3285895688,1793391.9765005196
2020-08-19 00:00:00+00:00,1500837.274718273,1621192.3816423286,1785883.735768346
2020-08-20 00:00:00+00:00,1497861.467664799,1617977.9387406255,1781565.5062407183
2020-08-21 00:00:00+00:00,1508180.440390928,1629124.4102813967,1796665.8778977166
2020-08-24 00:00:00+00:00,1545959.5380102994,1669933.088395647,1842192.1592469108
2020-08-25 00:00:00+00:00,1589578.1226959215,1717049.5335836338,1893423.6608674696
2020-08-26 00:00:00+00:00,1587326.460133762,1714617.3057510147,1894068.1375546863
2020-08-27 00:00:00+00:00,1556438.25613659,1681252.1156358973,1857965.283457537
2020-08-28 00:00:00+00:00,1587783.2694761965,1715110.7475373384,1895041.92691329
2020-08-31 00:00:00+00:00,1552077.4942118155,1676541.6555949,1856135.869940066
2020-09-01 00:00:00+00:00,1580746.3955014986,1707509.572732762,1892449.8146363904
2020-09-02 00:00:00+00:00,1566489.626921285,1692109.525706732,1876416.5340720376
2020-09-03 00:00:00+00:00,1527015.4945267858,1649469.8846291106,1827305.2419100374
2020-09-04 00:00:00+00:00,1520707.8349860006,1642656.401404932,1820657.4306074982
2020-09-08 00:00:00+00:00,1458814.984668384,1575800.2411114157,1749209.2974307125
2020-09-09 00:00:00+00:00,1479394.3490462366,1598029.905386431,1771902.9476127585
2020-09-10 00:00:00+00:00,1451493.4923881586,1567891.6238969464,1738896.062394527
2020-09-11 00:00:00+00:00,1459004.29119568,1576004.7285032317,1748797.128083443
2020-09-14 00:00:00+00:00,1500499.6592136512,1620827.692083216,1794318.0962010124
2020-09-15 00:00:00+00:00,1515996.7095637808,1637567.4815252614,1812238.7703539461
2020-09-16 00:00:00+00:00,1517038.8027813716,1638693.142257293,1813763.1510450032
2020-09-17 00:00:00+00:00,1512583.476076654,1633880.5340997751,1808130.6429276841
2020-09-18 00:00:00+00:00,1498058.3367190443,1618190.5951133717,1790880.8877959235
2020-09-21 00:00:00+00:00,1498632.4304563317,1618810.7265619417,1791010.8465189824
2020-09-22 00:00:00+00:00,1488456.8022049374,1607819.0945726035,1780838.613853451
2020-09-23 00:00:00+00:00,1471697.4253136897,1589715.7501295733,1761707.9065542258
2020-09-24 00:00:00+00:00,1465328.442420737,1582836.0259124336,1753409.5370991377
2020-09-25 00:00:00+00:00,1478266.4454944814,1596811.5530199655,1770145.8751169366
2020-09-28 00:00:00+00:00,1503330.337633256,1623885.3681991054,1800933.7456985165
2020-09-29 00:00:00+00:00,1500119.239999286,1620416.766300289,1797310.0320326828
2020-09-30 00:00:00+00:00,1545848.7472312266,1669813.4130850618,1797310.0320326828
2020-10-01 00:00:00+00:00,1552917.9941510204,1677449.5568851752,1818862.763447287
2020-10-02 00:00:00+00:00,1539212.3417774132,1662644.821163442,1803186.1257493657
2020-10-05 00:00:00+00:00,1543165.3523695704,1666914.8314866864,1809121.2427067542
2020-10-06 00:00:00+00:00,1556713.801547618,1681549.7575779522,1819203.3095208048
2020-10-07 00:00:00+00:00,1569960.265436888,1695858.4815833683,1828343.227703454
2020-10-08 00:00:00+00:00,1571014.7319528044,1696997.5078529695,1819232.310843698
2020-10-09 00:00:00+00:00,1573526.5815962076,1699710.7876830434,1824329.6282044959
2020-10-12 00:00:00+00:00,1592973.3630816534,1720717.0450053674,1835666.1014010783
2020-10-13 00:00:00+00:00,1568355.975156979,1694125.5400956115,1788964.3212479448
2020-10-14 00:00:00+00:00,1539916.1651182494,1663405.085488833,1767159.8522925472
2020-10-15 00:00:00+00:00,1539916.1651182494,1663405.085488833,1778548.3052978131
2020-10-16 00:00:00+00:00,1540561.8589394498,1664102.558773537,1779230.7605014993
2020-10-19 00:00:00+00:00,1545211.0327352972,1669124.559003491,1784505.5103919008
2020-10-20 00:00:00+00:00,1545594.1501799985,1669538.3993931764,1784995.2499754587
2020-10-21 00:00:00+00:00,1539520.2155906192,1662977.3839861308,1777969.1975597325
2020-10-22 00:00:00+00:00,1554556.988629218,1679219.9855694615,1795114.3505421937
2020-10-23 00:00:00+00:00,1588730.6172028622,1716134.0649502964,1834539.345095138
2020-10-26 00:00:00+00:00,1608522.8682613347,1737513.4957334048,1857843.9581225931
2020-10-27 00:00:00+00:00,1606894.8849375257,1735754.9612097368,1856316.3793458522
2020-10-28 00:00:00+00:00,1584992.7396589925,1712096.4396196152,1830987.4958404487
2020-10-29 00:00:00+00:00,1610298.260440807,1739431.2601201725,1860270.8013453698
2020-10-30 00:00:00+00:00,1609808.7414831487,1738902.4856699414,1859997.034505073
2020-11-02 00:00:00+00:00,1638041.004945176,1769398.7501298904,1892500.0293340846
2020-11-03 00:00:00+00:00,1619705.7892809692,1749593.1972886203,1871311.0676118825
2020-11-04 00:00:00+00:00,1668549.4753410444,1802353.7550558085,1927369.110109728
2020-11-05 00:00:00+00:00,1701907.4242153987,1838386.7437703707,1965331.049513343
2020-11-06 00:00:00+00:00,1707619.374289576,1844556.7464086085,1972016.0156994807
2020-11-09 00:00:00+00:00,1741043.8785615433,1880661.627729641,2008929.497587033
2020-11-10 00:00:00+00:00,1714562.7693541723,1852056.946044555,1978407.2719116502
2020-11-11 00:00:00+00:00,1707920.604945927,1844882.1333465662,1970966.5308412525
2020-11-12 00:00:00+00:00,1676381.901167033,1810814.2785867525,1935051.8960114333
2020-11-13 00:00:00+00:00,1683955.6699506124,1818995.4028559136,1943531.428101381
2020-11-16 00:00:00+00:00,1693207.3059497694,1828988.9458283698,1954304.0363989123
2020-11-17 00:00:00+00:00,1730032.8904688433,1868767.6467425346,1996808.0599803005
2020-11-18 00:00:00+00:00,1531004.4133214313,1653778.68270456,1766584.806515208
2020-11-19 00:00:00+00:00,1618541.8124365734,1748335.8788408912,1868086.7955204963
2020-11-20 00:00:00+00:00,1612649.888506933,1741971.469888067,1861238.6750989358
2020-11-23 00:00:00+00:00,1635177.6558307153,1766305.7833915628,1887383.998423299
2020-11-24 00:00:00+00:00,1638473.1400529805,1769865.5390059492,1891130.5556251442
2020-11-25 00:00:00+00:00,1648996.3917930084,1781232.6710984276,1903543.10924547
2020-11-27 00:00:00+00:00,1660430.7550514082,1793583.9785424196,1916436.8502092462
2020-11-30 00:00:00+00:00,1638537.532344091,1769935.095042132,1891308.6753822935
2020-12-01 00:00:00+00:00,1641037.1942714164,1772635.2097990913,1893867.6406991305
2020-12-02 00:00:00+00:00,1610719.135455671,1739885.8859341862,1859235.8915643527
2020-12-03 00:00:00+00:00,1625002.302259278,1755314.4481093101,1874940.3010014833
2020-12-04 00:00:00+00:00,1624356.7550300518,1754617.1331720804,1874258.01497508
2020-12-07 00:00:00+00:00,1624045.0730497667,1754280.456797869,1874132.5101642106
2020-12-08 00:00:00+00:00,1625995.1328412509,1756386.8957376233,1876410.1200654649
2020-12-09 00:00:00+00:00,1614885.3014979498,1744386.1450643223,1863731.2719728216
2020-12-10 00:00:00+00:00,1621674.7740986496,1751720.0788898196,1871500.0705688375
2020-12-11 00:00:00+00:00,1606633.050663925,1735472.129928315,1854576.7876277561
2020-12-14 00:00:00+00:00,1616007.2659961,1745598.0821127375,1865073.551131246
2020-12-15 00:00:00+00:00,1585308.6571082731,1712437.6911134506,1829354.9820333384
2020-12-16 00:00:00+00:00,1607748.8872721833,1736677.4476792386,1854968.420181558
2020-12-17 00:00:00+00:00,1609005.3924476192,1738034.7144877228,1856520.4949967945
2020-12-18 00:00:00+00:00,1603732.9260015995,1732339.4385382654,1850531.3264509062
2020-12-21 00:00:00+00:00,1582995.811150037,1709939.3734673166,1826905.0307573993
2020-12-22 00:00:00+00:00,1560088.9660136157,1685195.5831522753,1800613.995670037
2020-12-23 00:00:00+00:00,1553426.1269452374,1677998.4378523016,1793020.993891377
2020-12-24 00:00:00+00:00,1544420.2689604172,1668270.3823188436,1782843.7372087506
2020-12-28 00:00:00+00:00,1537988.0480100983,1661322.3488595502,1775422.9509265625
2020-12-29 00:00:00+00:00,1548333.3189972134,1672497.2275708248,1787364.2866976943
2020-12-30 00:00:00+00:00,1576832.6894061747,1703282.0188116233,1819903.8556945769
2020-12-31 00:00:00+00:00,1579250.1109585832,1705893.2981754825,1822508.1683473976
2021-01-04 00:00:00+00:00,1567619.3826453905,1693329.8787749088,1809117.7538049715
2021-01-05 00:00:00+00:00,1591316.053614692,1718926.8326171753,1836283.1921326567
2021-01-06 00:00:00+00:00,1572847.7084994037,1698977.4744110585,1815142.6471678575
2021-01-07 00:00:00+00:00,1576508.5835390321,1702931.922254516,1819548.753422517
2021-01-08 00:00:00+00:00,1597492.725757584,1725598.824305174,1843651.8355114097
2021-01-11 00:00:00+00:00,1592168.9165581588,1719848.0883254549,1837743.839471586
2021-01-12 00:00:00+00:00,1612902.5551774213,1742244.3983981663,1861970.3004485609
2021-01-13 00:00:00+00:00,1639745.7895158306,1771240.2447441588,1892962.0642508457
2021-01-14 00:00:00+00:00,1643472.766098728,1775266.0949442657,1897275.1411466862
2021-01-15 00:00:00+00:00,1645179.2087031747,1777109.3805533322,1899199.9285405194
2021-01-19 00:00:00+00:00,1662175.583262564,1795468.7279758528,1918683.414609072
2021-01-20 00:00:00+00:00,1664349.6662446416,1797817.154968555,1920827.6293181994
2021-01-21 00:00:00+00:00,1658538.2404982615,1791539.6995073827,1914457.7114877047
2021-01-22 00:00:00+00:00,1655885.1230028141,1788673.823277044,1911426.9962003704
2021-01-25 00:00:00+00:00,1665357.1747748074,1798905.4575987328,1922740.71606086
2021-01-26 00:00:00+00:00,1636994.630736483,1768268.4651056207,1890190.1225117482
2021-01-27 00:00:00+00:00,1661252.8858020494,1794472.0375826003,1918375.0172341738
2021-01-28 00:00:00+00:00,1666300.651113799,1799924.5931697893,1923909.1482867827
2021-01-29 00:00:00+00:00,1646949.3468836138,1779021.4696125016,1901790.3518314525
2021-02-01 00:00:00+00:00,1665469.8808926945,1799027.2018429362,1923545.9449309069
2021-02-02 00:00:00+00:00,1708035.209568928,1845005.9283407605,1972543.6901604484
2021-02-03 00:00:00+00:00,1763356.5273341006,1904763.5719001847,2036749.7186055428
2021-02-04 00:00:00+00:00,1790783.4378083532,1934389.9005247795,2068165.8041324178
2021-02-05 00:00:00+00:00,1836751.4107346646,1984044.1360391965,2120583.2808670746
2021-02-08 00:00:00+00:00,1873157.5747582652,2023369.7822995223,2162596.8529471187
2021-02-09 00:00:00+00:00,1912326.2661176038,2065679.4884217794,2207970.779669841
2021-02-10 00:00:00+00:00,1959027.9964172498,2116126.322763306,2261706.6629380947
2021-02-11 00:00:00+00:00,2008032.5907988357,2169060.692408284,2318079.5626649265
2021-02-12 00:00:00+00:00,2001236.3635401241,2161719.4622554015,2310435.3597434172
2021-02-16 00:00:00+00:00,2104934.7040224806,2273733.5775834643,2430009.36471018
2021-02-17 00:00:00+00:00,2051459.5939559946,2215970.192766449,2368192.2756310552
2021-02-18 00:00:00+00:00,2012276.1438067928,2173644.5443178043,2322830.205761087
2021-02-19 00:00:00+00:00,1963739.1099291353,2121215.229777529,2266138.6594081665
2021-02-22 00:00:00+00:00,1940644.9232743902,2096269.0746575962,2238943.4434608733
2021-02-23 00:00:00+00:00,1951386.7809240504,2107872.343099596,2251021.8235746617
2021-02-24 00:00:00+00:00,1933901.1184198281,2088984.4707650454,2230838.593593072
2021-02-25 00:00:00+00:00,1901752.9629344088,2054258.291161998,2194022.808348148
2021-02-26 00:00:00+00:00,1901037.819020126,2053485.7984440043,2193247.4118277393
2021-03-01 00:00:00+00:00,1981886.612099335,2140818.01600876,2286861.6724042553
2021-03-02 00:00:00+00:00,1952899.1870257528,2109506.03203532,2253243.059218583
2021-03-03 00:00:00+00:00,1946783.497462227,2102899.913240237,2246143.764466402
2021-03-04 00:00:00+00:00,1897334.3460462792,2049485.336653804,2189114.703240902
2021-03-05 00:00:00+00:00,1894533.4919415824,2046459.876523572,2185585.7625062037
2021-03-08 00:00:00+00:00,1837179.38652963,1984506.4320589001,2119320.7193342885
2021-03-09 00:00:00+00:00,1896246.6177965023,2048310.3813261744,2187385.874602567
2021-03-10 00:00:00+00:00,1876265.2344321543,2026726.6513438306,2164482.7164195133
2021-03-11 00:00:00+00:00,1987908.1756484832,2147322.4606383657,2293160.7290882254
2021-03-12 00:00:00+00:00,1936226.6244667738,2091496.4637374207,2232421.7584143206
2021-03-15 00:00:00+00:00,1926677.204097606,2081181.2564778589,2221150.758787548
2021-03-16 00:00:00+00:00,1933502.6844183712,2088554.0855536503,2228770.9444732727
2021-03-17 00:00:00+00:00,1938870.4495658334,2094352.302395742,2235180.986107205
2021-03-18 00:00:00+00:00,1897583.0370908699,2049753.9707247086,2188136.728118257
2021-03-19 00:00:00+00:00,1906155.3699825364,2059013.735931087,2198167.217586158
2021-03-22 00:00:00+00:00,1883300.6982362494,2034326.302893437,2171953.231327839
2021-03-23 00:00:00+00:00,1858845.5804348805,2007910.0808688425,2144206.3476190437
2021-03-24 00:00:00+00:00,1819167.4844873487,1965050.1199978103,2098965.9870489147
2021-03-25 00:00:00+00:00,1795114.5306302053,1939068.312238861,2071072.9326013734
2021-03-26 00:00:00+00:00,1726673.1686013145,1865138.5021391683,1991973.1289712458
2021-03-29 00:00:00+00:00,1726134.0751816276,1864556.1777528329,1990975.6105616356
2021-03-30 00:00:00+00:00,1745219.002587703,1885171.5632020875,2012533.1086554497
2021-03-31 00:00:00+00:00,1731567.4501990383,1870425.2658499987,1996675.440721408
2021-04-01 00:00:00+00:00,1772855.4187173669,1915024.1981546134,2044336.9554614676
2021-04-05 00:00:00+00:00,1773833.1825121585,1916080.3707603074,2045656.877324573
2021-04-06 00:00:00+00:00,1806083.845897912,1950917.2785747866,2082848.0929556664
2021-04-07 00:00:00+00:00,1778877.972650649,1921529.7125892143,2051870.381363312
2021-04-08 00:00:00+00:00,1789060.455793403,1932528.749177197,2063784.3640500966
2021-04-09 00:00:00+00:00,1753495.411489701,1894111.6736892785,2023101.9473741523
2021-04-12 00:00:00+00:00,1723444.0401384667,1861650.4234836753,1989089.7915613062
2021-04-13 00:00:00+00:00,1734073.2334919467,1873131.9928569437,2001438.9563348203
2021-04-14 00:00:00+00:00,1724352.0765347052,1862631.2771129352,1989948.1396360828
2021-04-15 00:00:00+00:00,1728003.3404146484,1866575.3430588192,1994003.759582395
2021-04-16 00:00:00+00:00,1732605.1484257749,1871546.1791481744,1999169.790555661
2021-04-19 00:00:00+00:00,1730144.2371198765,1868887.922501551,1996109.4970579746
2021-04-20 00:00:00+00:00,1711541.6658939053,1848793.574327686,1974705.7227197993
2021-04-21 00:00:00+00:00,1718619.1372131798,1856438.6020581266,1982315.989735703
2021-04-22 00:00:00+00:00,1729341.7713293748,1868021.105393524,1994632.7937973873
2021-04-23 00:00:00+00:00,1763115.364814562,1904503.0700816335,2033705.6905348257
2021-04-26 00:00:00+00:00,1771546.079584291,1913609.8605290188,2043220.2213267917
2021-04-27 00:00:00+00:00,1766569.314952345,1908233.999306454,2037408.3790219373
2021-04-28 00:00:00+00:00,1772623.0604369743,1914773.2066045436,2043823.379126451
2021-04-29 00:00:00+00:00,1754336.4649704753,1895020.1729107152,2022914.2595896043
2021-04-30 00:00:00+00:00,1739388.2593351214,1878873.241125717,2005971.119798017
2021-05-03 00:00:00+00:00,1726430.3766717687,1864876.2402450014,1991161.9079454707
2021-05-04 00:00:00+00:00,1694737.5041939258,1830641.853693611,1954485.0136639338
2021-05-05 00:00:00+00:00,1679729.7393310366,1814430.586508924,1937054.8446706596
2021-05-06 00:00:00+00:00,1688101.2801292837,1823473.4577071182,1946417.995025053
2021-05-07 00:00:00+00:00,1688659.3217019609,1824076.2497362765,1947094.0007796611
2021-05-10 00:00:00+00:00,1650338.6023452263,1782682.5161672235,1903659.2365002725
2021-05-11 00:00:00+00:00,1664346.8590047867,1797814.122610589,1919756.6859653953
2021-05-12 00:00:00+00:00,1659308.8102851617,1792372.062808248,1914341.4187993049
2021-05-13 00:00:00+00:00,1631071.231468207,1761870.056744556,1881650.17441014
2021-05-14 00:00:00+00:00,1671450.6202135428,1805487.548468701,1927848.5135498638
2021-05-17 00:00:00+00:00,1682590.5620978,1817520.82430674,1940181.5479350016
2021-05-18 00:00:00+00:00,1682095.5273186825,1816986.0917104273,1939392.3712743232
2021-05-19 00:00:00+00:00,1695673.1862327051,1831652.569924119,1954481.5361931107
2021-05-20 00:00:00+00:00,1706609.3644538298,1843465.7418882134,1967045.9419314966
2021-05-21 00:00:00+00:00,1681752.5314984934,1816615.5903776095,1938858.109839793
2021-05-24 00:00:00+00:00,1666145.175494458,1799756.6496532918,1920939.6417876452
2021-05-25 00:00:00+00:00,1667587.7743966808,1801314.9334122608,1922434.359159351
2021-05-26 00:00:00+00:00,1682234.1825457267,1817135.86597413,1939044.125675244
2021-05-27 00:00:00+00:00,1685344.3136557646,1820495.4046439363,1942654.397203129
2021-05-28 00:00:00+00:00,1636280.6358246263,1767497.2135308285,1885273.5902611203
2021-06-01 00:00:00+00:00,1611236.8355183844,1740445.1013879762,1856931.0475709385
2021-06-02 00:00:00+00:00,1593860.4550909195,1721675.2746758745,1836986.2603933448
2021-06-03 00:00:00+00:00,1577195.742841445,1703674.1862193123,1817866.641312752
2021-06-04 00:00:00+00:00,1568763.945547537,1694566.2264379947,1808069.450152206
2021-06-07 00:00:00+00:00,1555941.9741327353,1680716.0357974311,1793848.212257711
2021-06-08 00:00:00+00:00,1560178.7311861827,1685292.546771419,1798847.551707284
2021-06-09 00:00:00+00:00,1569773.012416253,1695656.2123729705,1809880.883978705
2021-06-10 00:00:00+00:00,1571512.274236648,1697534.9490357677,1812025.81031265
2021-06-11 00:00:00+00:00,1567121.8156516023,1692792.4109006268,1806877.2264041242
2021-06-14 00:00:00+00:00,1572874.5630744342,1699006.4825075292,1813683.9874936885
2021-06-15 00:00:00+00:00,1556190.2598389138,1680984.2320250352,1794384.3932443368
2021-06-16 00:00:00+00:00,1555864.0596128637,1680631.873158241,1793853.0527157953
2021-06-17 00:00:00+00:00,1543913.9508160127,1667723.461521884,1780075.7712717056
2021-06-18 00:00:00+00:00,1527828.2923667217,1650347.862334033,1761582.030794601
2021-06-21 00:00:00+00:00,1512371.4557009845,1633651.5113911987,1743668.4157037064
2021-06-22 00:00:00+00:00,1520896.7297438919,1642860.444006741,1753623.6526008793
2021-06-23 00:00:00+00:00,1531006.5243290677,1653780.9629980708,1765428.5205318867
2021-06-24 00:00:00+00:00,1541049.1099090064,1664628.8833612183,1776960.9623019188
2021-06-25 00:00:00+00:00,1538051.1123534534,1661390.470457223,1773911.0918018925
2021-06-28 00:00:00+00:00,1539973.3302363118,1663466.8347906792,1776197.8018956515
2021-06-29 00:00:00+00:00,1523599.2065426544,1645779.6377604688,1757245.4432140114
2021-06-30 00:00:00+00:00,1501984.1325410202,1622431.2082602335,1732203.8904548327
2021-07-01 00:00:00+00:00,1495489.531832001,1615415.7926861185,1724723.1914303561
2021-07-02 00:00:00+00:00,1489645.6732028583,1609103.3034852226,1717885.2791372915
2021-07-06 00:00:00+00:00,1462688.2739213135,1579984.137083699,1687071.5211306151
2021-07-07 00:00:00+00:00,1444455.3699603798,1560289.1005233692,1666336.3914223122
2021-07-08 00:00:00+00:00,1414675.491669275,1528121.1149428957,1632407.2800917767
2021-07-09 00:00:00+00:00,1428202.8096373412,1542733.2152706936,1648013.304609092
2021-07-12 00:00:00+00:00,1409794.1947019799,1522848.3771256676,1626817.866230846
2021-07-13 00:00:00+00:00,1443172.4225820664,1558903.2710595056,1665386.8226824952
2021-07-14 00:00:00+00:00,1432290.364605958,1547148.5593498244,1652835.508536793
2021-07-15 00:00:00+00:00,1441010.3788119173,1556567.848726927,1663103.446090747
2021-07-16 00:00:00+00:00,1417044.3853144094,1530679.9748506986,1635886.4493412795
2021-07-19 00:00:00+00:00,1383514.4525082456,1494461.2104729712,1597571.9793042978
2021-07-20 00:00:00+00:00,1387736.921671419,1499022.287782529,1602455.4327491366
2021-07-21 00:00:00+00:00,1396417.3262148495,1508398.7911199906,1612408.4522389737
2021-07-22 00:00:00+00:00,1384089.714968542,1495082.6043667577,1598363.1346929346
2021-07-23 00:00:00+00:00,1346681.0058534157,1454674.0169428473,1555538.8878714168
2021-07-26 00:00:00+00:00,1326302.4494829904,1432661.2638661996,1532688.3678357897
2021-07-27 00:00:00+00:00,1335848.2398849789,1442972.5500643407,1543491.6668719812
2021-07-28 00:00:00+00:00,1360283.914329267,1469367.7695306274,1570996.6730973085
2021-07-29 00:00:00+00:00,1347703.2940916442,1455778.284495084,1556513.1554094781
2021-07-30 00:00:00+00:00,1323460.1356864423,1429591.0193094967,1529152.739334433
2021-08-02 00:00:00+00:00,1320506.025923395,1426400.0136468166,1525702.6786683784
2021-08-03 00:00:00+00:00,1289256.1637953487,1392644.163320623,1490048.4587184316
2021-08-04 00:00:00+00:00,1282211.1298819394,1385034.1742157252,1482049.5549146254
2021-08-05 00:00:00+00:00,1287190.672525868,1390413.0362245433,1487595.626810568
2021-08-06 00:00:00+00:00,1280394.5228605722,1383071.889887445,1479740.4579714697
2021-08-09 00:00:00+00:00,1298775.4489356508,1402926.8187477652,1500978.2812863928
2021-08-10 00:00:00+00:00,1293191.9144457742,1396895.5295933003,1494599.4670270844
2021-08-11 00:00:00+00:00,1270559.1193193903,1372447.7659001625,1468394.4419471319
2021-08-12 00:00:00+00:00,1254488.7687059748,1355088.7021137963,1449984.6635866119
2021-08-13 00:00:00+00:00,1254813.2112768511,1355439.162375575,1449980.1219420112
2021-08-16 00:00:00+00:00,1237980.1945586693,1337256.2727823667,1430487.4078273755
2021-08-17 00:00:00+00:00,1213200.5812760822,1310489.533342667,1402082.8737307473
2021-08-18 00:00:00+00:00,1227360.649823723,1325785.1257694191,1418037.6948239836
2021-08-19 00:00:00+00:00,1270475.8896580832,1372357.8618878415,1467470.272501213
2021-08-20 00:00:00+00:00,1279281.0980137878,1381869.1773019135,1477779.053797978
2021-08-23 00:00:00+00:00,1306180.9384502159,1410926.1691007863,1508509.5234079435
2021-08-24 00:00:00+00:00,1360286.630860416,1469370.7039057773,1570681.1708676377
2021-08-25 00:00:00+00:00,1373892.3660739218,1484067.50991289,1586349.150816123
2021-08-26 00:00:00+00:00,1395452.0623549907,1507356.1208437136,1611475.4734486553
2021-08-27 00:00:00+00:00,1407827.8820841874,1520724.3820133454,1625940.8599931216
2021-08-30 00:00:00+00:00,1408887.9902539123,1521869.5023521225,1627103.8202905161
2021-08-31 00:00:00+00:00,1436550.3365516937,1551750.1468641888,1658391.4714787065
2021-09-01 00:00:00+00:00,1460417.0116621766,1577530.73781567,1685567.8009638707
2021-09-02 00:00:00+00:00,1456584.0944907952,1573390.451441935,1681309.8358933171
2021-09-03 00:00:00+00:00,1454532.6487554112,1571174.496219087,1678856.7354590297
2021-09-07 00:00:00+00:00,1480049.984479906,1598738.1175211538,1708071.1228410688
2021-09-08 00:00:00+00:00,1461324.7058625272,1578511.2218076775,1686417.4764389298
2021-09-09 00:00:00+00:00,1468356.623322244,1586107.0426245416,1694723.9610936767
2021-09-10 00:00:00+00:00,1442702.855287762,1558396.04823594,1665351.3831949998
2021-09-13 00:00:00+00:00,1425622.493731001,1539945.9787327587,1646196.7655803256
2021-09-14 00:00:00+00:00,1411664.1384598024,1524868.2753687003,1630401.3373573152
2021-09-15 00:00:00+00:00,1362560.354039602,1471826.7614398971,1573387.8588145033
2021-09-16 00:00:00+00:00,1357688.2472237577,1466563.9507505258,1567730.4724280424
2021-09-17 00:00:00+00:00,1362751.5598383495,1472033.3004094958,1573514.377313382
2021-09-20 00:00:00+00:00,1341011.2280609328,1448549.568464911,1548662.7967182747
2021-09-21 00:00:00+00:00,1345241.1946314117,1453118.7444136825,1553430.792315095
2021-09-22 00:00:00+00:00,1344388.6259816608,1452197.8065991132,1552181.5412962353
2021-09-23 00:00:00+00:00,1349270.6112669331,1457471.2879318972,1557676.5716796205
2021-09-24 00:00:00+00:00,1357709.2388714966,1466586.6257599792,1567564.4494773664
2021-09-27 00:00:00+00:00,1391644.4361706288,1503243.1535912259,1606501.9326754203
2021-09-28 00:00:00+00:00,1379688.8741672852,1490328.851444971,1592660.3903964271
2021-09-29 00:00:00+00:00,1369656.9559651855,1479492.4538977714,1581169.286608695
2021-09-30 00:00:00+00:00,1381378.4347225814,1492153.9012000044,1594313.1651835502
2021-10-01 00:00:00+00:00,1374601.8238232778,1484833.8604811549,1586352.3630873244
2021-10-04 00:00:00+00:00,1358822.4974660955,1467789.1587612338,1568333.8199429216
2021-10-05 00:00:00+00:00,1379401.853374889,1490018.8138880394,1591739.952908672
2021-10-06 00:00:00+00:00,1369866.201218571,1479718.4789415237,1580811.844277665
2021-10-07 00:00:00+00:00,1390328.1489298914,1501821.310675486,1604334.2822196719
2021-10-08 00:00:00+00:00,1398209.7430316322,1510334.9453833776,1613385.9277488883
2021-10-11 00:00:00+00:00,1403274.5513540325,1515805.910693921,1619328.8227263829
2021-10-12 00:00:00+00:00,1407290.806918332,1520144.2377286046,1623977.3127771046
2021-10-13 00:00:00+00:00,1416057.3240144844,1529613.7591545612,1633922.5811377037
2021-10-14 00:00:00+00:00,1408633.4198202598,1521594.5174123289,1625339.5443540574
2021-10-15 00:00:00+00:00,1423068.6732714751,1537187.3623638772,1641836.905640834
2021-10-18 00:00:00+00:00,1406953.5768092799,1519779.9644706936,1623524.2269744314
2021-10-19 00:00:00+00:00,1409150.3362906966,1522152.886436029,1626294.794203911
2021-10-20 00:00:00+00:00,1410552.1894227588,1523667.1569410092,1627957.4598899598
2021-10-21 00:00:00+00:00,1408766.5076885757,1521738.2778598052,1625882.8591619143
2021-10-22 00:00:00+00:00,1381164.7559014242,1491923.0870519194,1594193.696955337
2021-10-25 00:00:00+00:00,1356615.6613653945,1465405.3521126006,1566284.0530440088
2021-10-26 00:00:00+00:00,1330244.2494803693,1436919.1645949164,1535806.2513826797
2021-10-27 00:00:00+00:00,1333467.287513257,1440400.6644168356,1539506.0538894385
2021-10-28 00:00:00+00:00,1338358.6162688157,1445684.2384912523,1545210.5575989077
2021-10-29 00:00:00+00:00,1328895.2660059636,1435462.0034699182,1534366.2823508803
2021-11-01 00:00:00+00:00,1346444.30324031,1454418.332679439,1554358.1413066464
2021-11-02 00:00:00+00:00,1317816.5969388103,1423494.91403727,1521367.6706805765
2021-11-03 00:00:00+00:00,1324467.936879101,1430679.6380713508,1529208.052699653
2021-11-04 00:00:00+00:00,1315775.4627181636,1421290.0972299029,1519133.4426240595
2021-11-05 00:00:00+00:00,1330244.7051104046,1436919.6567628249,1535248.1055982723
2021-11-08 00:00:00+00:00,1339732.330288713,1447168.1133530564,1545872.2276198356
2021-11-09 00:00:00+00:00,1335287.1254851476,1442366.4387919465,1541011.9234742082
2021-11-10 00:00:00+00:00,1343896.0988336322,1451665.7827257817,1551006.2700793147
2021-11-11 00:00:00+00:00,1361396.8637560285,1470569.9685712643,1571066.307615766
2021-11-12 00:00:00+00:00,1371998.69901321,1482021.9859484285,1583363.0608580746
2021-11-15 00:00:00+00:00,1367682.115659242,1477359.2472451336,1578382.8992358434
2021-11-16 00:00:00+00:00,1377509.7099907857,1487974.935786825,1590150.2474473268
2021-11-17 00:00:00+00:00,1364694.8031720847,1474132.376266284,1575539.9197026608
2021-11-18 00:00:00+00:00,1366234.8143341653,1475795.883966729,1577292.4251455027
2021-11-19 00:00:00+00:00,1377570.478113751,1488040.577025657,1590609.7089664636
2021-11-22 00:00:00+00:00,1376253.6995392088,1486618.2033750836,1589000.1644836403
2021-11-23 00:00:00+00:00,1382211.4717286327,1493053.7410897687,1595887.3894337593
2021-11-24 00:00:00+00:00,1378851.9172995852,1489424.7773521063,1592070.6820323132
2021-11-26 00:00:00+00:00,1351621.1398944953,1460010.310095077,1561010.2969133067
2021-11-29 00:00:00+00:00,1332898.2432392668,1439785.987358003,1539603.5731421364
2021-11-30 00:00:00+00:00,1324875.4996918906,1431119.8841514993,1530144.1076718166
2021-12-01 00:00:00+00:00,1323647.1289794932,1429793.0079642422,1528533.6113400573
2021-12-02 00:00:00+00:00,1305848.1657163454,1410566.7106637813,1507556.7286276803
2021-12-03 00:00:00+00:00,1230591.887358272,1329275.482627241,1421751.1431962354
2021-12-06 00:00:00+00:00,1268903.1535754467,1370659.0049907921,1465597.0569354878
2021-12-07 00:00:00+00:00,1302162.4134664745,1406585.3906574314,1503655.6227491132
2021-12-08 00:00:00+00:00,1311352.4498992981,1416512.3942726005,1514638.2135864138
2021-12-09 00:00:00+00:00,1303810.565892638,1408365.7116836286,1506303.2449811422
2021-12-10 00:00:00+00:00,1312702.782598702,1417971.012819616,1516646.69771933
2021-12-13 00:00:00+00:00,1290095.5792300343,1393550.8931378187,1490818.965546199
2021-12-14 00:00:00+00:00,1294514.037957323,1398323.6768019411,1495979.3246865808
2021-12-15 00:00:00+00:00,1283666.331016196,1386606.0708046188,1483695.448214051
2021-12-16 00:00:00+00:00,1259539.2521474606,1360544.1938029167,1456477.8998549846
2021-12-17 00:00:00+00:00,1270951.1499011756,1372871.2341890084,1469540.0943635383
2021-12-20 00:00:00+00:00,1243653.831092095,1343384.8894413072,1438352.896084473
2021-12-21 00:00:00+00:00,1298498.0158545738,1402627.13775967,1501190.4482149603
2021-12-22 00:00:00+00:00,1285301.401126484,1388372.260418178,1486170.6459151446
2021-12-23 00:00:00+00:00,1282168.7819101755,1384988.43027642,1482161.847851419
2021-12-27 00:00:00+00:00,1249309.3319373874,1349493.9160754443,1444153.0208205497
2021-12-28 00:00:00+00:00,1239984.4003080477,1339421.1997513785,1433456.8230661047
2021-12-29 00:00:00+00:00,1220083.2446248787,1317924.1310665088,1410555.6436110092
2021-12-30 00:00:00+00:00,1259371.2317426372,1360362.6995097988,1455327.1299792887
2021-12-31 00:00:00+00:00,1259746.430005299,1360767.9856625875,1455327.1299792887
2022-01-03 00:00:00+00:00,1268094.341020961,1369785.3321592356,1443142.4073221905
2022-01-04 00:00:00+00:00,1267084.3654017288,1368694.3645992437,1357678.7989763182
2022-01-05 00:00:00+00:00,1267472.6800659194,1369113.8189837201,1285577.555231541
2022-01-06 00:00:00+00:00,1288856.8372977567,1392212.8140420644,1404332.7879763986
2022-01-07 00:00:00+00:00,1292311.139283887,1395944.1233306467,1442542.4913372202
2022-01-10 00:00:00+00:00,1273740.2989190996,1375884.0505784284,1478355.3825234347
2022-01-11 00:00:00+00:00,1300843.9773116566,1405161.2265019445,1587109.6934711032
2022-01-12 00:00:00+00:00,1320097.8408498124,1425959.0954055525,1654758.3846239303
2022-01-13 00:00:00+00:00,1292052.5346022467,1395664.7806285464,1562281.381490769
2022-01-14 00:00:00+00:00,1295753.643413664,1399662.68866946,1537361.127182361
2022-01-18 00:00:00+00:00,1286393.6002209405,1389552.0451163573,1454627.1069451992
2022-01-19 00:00:00+00:00,1286489.1747748181,1389655.2839825791,1447650.088660126
2022-01-20 00:00:00+00:00,1303791.1501247014,1408344.7389268929,1599250.5356184277
2022-01-21 00:00:00+00:00,1288564.3175314309,1391896.8365376168,1561230.3443608475
2022-01-24 00:00:00+00:00,1273272.4706361364,1375378.7062209602,1505645.0487677315
2022-01-25 00:00:00+00:00,1275913.6921785758,1378231.732538311,1401732.9023228118
2022-01-26 00:00:00+00:00,1264534.2765574192,1365939.7790911766,1379187.8286504196
2022-01-27 00:00:00+00:00,1249638.5231630104,1349849.5057959778,1298034.9639627647
2022-01-28 00:00:00+00:00,1266578.5404406802,1368147.9765349878,1293600.6592507486
2022-01-31 00:00:00+00:00,1315735.9708890296,1421247.4384729492,1467887.7460794884
2022-02-01 00:00:00+00:00,1319708.3279106198,1425538.3466540338,1519357.0144339618
2022-02-02 00:00:00+00:00,1295817.118826526,1399731.2543011154,1462236.86163025
2022-02-03 00:00:00+00:00,1287252.2952543,1390479.6006013434,1385792.1567359348
2022-02-04 00:00:00+00:00,1303150.0894573042,1407652.2703377516,1429436.7091453304
2022-02-07 00:00:00+00:00,1289940.1236505609,1393382.9712682252,1440717.5574396825
2022-02-08 00:00:00+00:00,1307705.8327154322,1412573.347650535,1516088.619616172
2022-02-09 00:00:00+00:00,1337359.6499892059,1444605.1631315835,1634914.8984228573
2022-02-10 00:00:00+00:00,1348157.34872552,1456268.750667326,1597156.1567346673
2022-02-11 00:00:00+00:00,1321559.6012310467,1427538.077240401,1497282.8275522944
2022-02-14 00:00:00+00:00,1321559.6012310467,1427538.077240401,1475679.0328674857
2022-02-15 00:00:00+00:00,1529061.5784309546,1653030.9552241582,1706881.956142075
2022-02-16 00:00:00+00:00,1504116.5498834695,1625923.1350748574,1679281.8110537406
2022-02-17 00:00:00+00:00,1489061.1020923452,1609562.3451799056,1662834.1692041266
2022-02-18 00:00:00+00:00,1325967.8740146293,1432328.55745809,1480261.9879776938
2022-02-22 00:00:00+00:00,1397353.3818527781,1509903.353737011,1560030.8468994552
2022-02-23 00:00:00+00:00,1356632.3379398333,1465651.7012451093,1513722.7218312335
2022-02-24 00:00:00+00:00,1471771.36313858,1590773.5459169645,1642752.1698077968
2022-02-25 00:00:00+00:00,1417859.4855170741,1532187.3839611695,1583832.4163296341
2022-02-28 00:00:00+00:00,1423687.9235982394,1538521.161088536,1590396.8631716883
2022-03-01 00:00:00+00:00,1317656.4999619657,1423296.5680745428,1471529.376728297
2022-03-02 00:00:00+00:00,1353559.9716221467,1462312.9536700533,1512090.498062793
2022-03-03 00:00:00+00:00,1276389.708280841,1378451.8502222002,1425808.5862468814
2022-03-04 00:00:00+00:00,1321063.154119311,1426998.5870172104,1476174.7394858608
2022-03-07 00:00:00+00:00,1193267.5807942033,1288122.8422579186,1332837.778779641
2022-03-08 00:00:00+00:00,1202524.271344615,1298182.109263391,1343179.189630201
2022-03-09 00:00:00+00:00,1202046.5784432692,1297662.9992839568,1341908.3007621574
2022-03-10 00:00:00+00:00,1085945.3153096004,1171495.4884253077,1212640.8504353797
2022-03-11 00:00:00+00:00,808858.9703282868,870385.1172231948,902964.5269049777
2022-03-14 00:00:00+00:00,724865.341891719,779109.0471633264,809143.6590934717
2022-03-15 00:00:00+00:00,778605.3885585192,837508.4800236874,869050.9620830403
2022-03-16 00:00:00+00:00,1058255.314736255,1141404.7008342086,1181514.9926144069
2022-03-17 00:00:00+00:00,912361.5415076873,982861.6004302766,1018193.2977908667
2022-03-18 00:00:00+00:00,1087245.2274153305,1172908.1059135962,1213509.3306839478
2022-03-21 00:00:00+00:00,985087.6678832889,1061893.2499708775,1099252.7133356854
2022-03-22 00:00:00+00:00,1083204.3240575406,1168516.8468995944,1208622.7378097859
2022-03-23 00:00:00+00:00,1214280.630928094,1310957.7723817078,1355086.032999128
2022-03-24 00:00:00+00:00,1201778.195390131,1297371.3468001066,1340864.025331096
2022-03-25 00:00:00+00:00,1150593.672829795,1241749.0078898831,1283906.6464181452
2022-03-28 00:00:00+00:00,1114156.2535517036,1202152.3801844902,1242852.311370131
2022-03-29 00:00:00+00:00,1197885.74574863,1293141.4127825461,1336429.1882059923
2022-03-30 00:00:00+00:00,1173838.4668355284,1267009.1792348658,1309685.017005364
2022-03-31 00:00:00+00:00,1040801.6423387276,1122437.7547192206,1309685.017005364
2022-04-01 00:00:00+00:00,1117537.2156003586,1205826.4794532917,1407811.921228943
2022-04-04 00:00:00+00:00,1289337.2431565793,1392521.9662824082,1628123.396177646
2022-04-05 00:00:00+00:00,1249008.6248808613,1348696.7636370428,1577039.0447173705
2022-04-06 00:00:00+00:00,1120512.1859973725,1209059.3866563535,1409100.3215791434
2022-04-07 00:00:00+00:00,1026555.9079128896,1106956.8822088842,1289388.8711589463
2022-04-08 00:00:00+00:00,1020877.7238380642,1100786.3864573168,1282089.8992425418
2022-04-11 00:00:00+00:00,992443.3105316751,1069886.643829514,1244787.0622438614
2022-04-12 00:00:00+00:00,980295.2174811957,1056685.2830476451,1228844.7956943754
2022-04-13 00:00:00+00:00,1021649.5195435933,1101625.0986334786,1281361.673712527
2022-04-14 00:00:00+00:00,959061.7330684519,1033610.8064837902,1201281.8644242897
2022-04-18 00:00:00+00:00,909336.1448406318,979573.8948830684,1138240.9327810516
2022-04-19 00:00:00+00:00,961221.0735942895,1035957.3668216176,1204427.2892283136
2022-04-20 00:00:00+00:00,910634.5957269154,980984.9244608086,1139897.6237147646
2022-04-21 00:00:00+00:00,832046.5723277169,895583.1378828058,1038849.4603985574
2022-04-22 00:00:00+00:00,803375.110054135,864425.7935947361,1000674.1753446412
2022-04-25 00:00:00+00:00,800246.5224178031,861025.9501828288,996744.6976261116
2022-04-26 00:00:00+00:00,764131.5316497663,821779.7062841703,951414.6631810119
2022-04-27 00:00:00+00:00,784968.3094109369,844423.080813309,976280.4047523199
2022-04-28 00:00:00+00:00,793297.5345377359,853474.4690003579,986356.4145716908
2022-04-29 00:00:00+00:00,949919.2591320636,1023675.6589366342,1187860.477544287
2022-05-02 00:00:00+00:00,1040587.468810261,1122205.0118510632,1303866.3296758335
2022-05-03 00:00:00+00:00,1057507.1136130143,1140591.6289451262,1325450.970854438
2022-05-04 00:00:00+00:00,1120240.060295456,1208763.6670274297,1405642.7198576145
2022-05-05 00:00:00+00:00,1029759.9996891241,1110438.7761440498,1288988.2991007115
2022-05-06 00:00:00+00:00,1029759.9996891241,1110438.7761440498,1169949.0581976252
2022-05-09 00:00:00+00:00,948057.6275261136,1022268.0603778228,1077072.31218194
2022-05-10 00:00:00+00:00,1013581.6512849589,1092979.5944710304,1151341.788442098
2022-05-11 00:00:00+00:00,1047584.3757161489,1129674.3007779433,1189685.1242058433
2022-05-12 00:00:00+00:00,1040188.1391312765,1121692.5071482135,1181097.7532747972
2022-05-13 00:00:00+00:00,1089382.7923892597,1174781.8811136791,1237231.9294228558
2022-05-16 00:00:00+00:00,1103448.7498326465,1189961.4346919553,1253286.2306692672
2022-05-17 00:00:00+00:00,1119154.9161861064,1206911.051853193,1271165.2735592206
2022-05-18 00:00:00+00:00,1123125.4475664776,1211195.928589466,1275879.0904737725
2022-05-19 00:00:00+00:00,1124977.8524077511,1213194.987569272,1278735.977916487
2022-05-20 00:00:00+00:00,1009272.838948018,1088329.6552123216,1147515.9897834836
2022-05-23 00:00:00+00:00,965906.8566240227,1041530.4056901237,1098256.4776198543
2022-05-24 00:00:00+00:00,859861.3256717272,927089.2931454554,977704.670655172
2022-05-25 00:00:00+00:00,868534.5557367036,936449.1793101846,987556.6110806923
2022-05-26 00:00:00+00:00,979754.884289842,1056474.7760789013,1113974.6747754896
2022-05-27 00:00:00+00:00,1033180.0541817253,1114129.5949610418,1174518.7475689426
2022-05-31 00:00:00+00:00,1202679.105407163,1297047.8171936302,1366146.8479607615
2022-06-01 00:00:00+00:00,1120244.5659399186,1208086.96873522,1272845.7953486599
2022-06-02 00:00:00+00:00,1235622.7678677682,1332599.616024112,1403561.7209919263
2022-06-03 00:00:00+00:00,1196995.8058579722,1290914.5731286204,1359496.3496877279
2022-06-06 00:00:00+00:00,1236421.8437188482,1333461.954385606,1404794.1026581053
2022-06-07 00:00:00+00:00,1380773.1767269312,1489241.5237687074,1568211.0844179846
2022-06-08 00:00:00+00:00,1418304.753404596,1529744.4601204486,1611291.9729700221
2022-06-09 00:00:00+00:00,1398161.4411974922,1508006.4100714326,1587274.6572986925
2022-06-10 00:00:00+00:00,1388133.0076817656,1497184.0295494637,1576742.3430185816
2022-06-13 00:00:00+00:00,1223051.7345480286,1319033.3391048685,1389108.0946663243
2022-06-14 00:00:00+00:00,1340941.7813617536,1446256.6930185268,1522993.08466981
2022-06-15 00:00:00+00:00,1395456.5178729822,1505087.3390665052,1585217.5856062751
2022-06-16 00:00:00+00:00,1371404.1001213398,1479130.7011755097,1557990.8534089515
2022-06-17 00:00:00+00:00,1491521.3223633887,1608757.5550911077,1693900.919911649
2022-06-21 00:00:00+00:00,1575087.4847919159,1698939.6166407943,1788242.377642388
2022-06-22 00:00:00+00:00,1537223.2770036054,1658077.714908547,1745353.370655906
2022-06-23 00:00:00+00:00,1564991.9755944335,1688044.850082602,1776901.7996641016
2022-06-24 00:00:00+00:00,1585982.0715724304,1710696.7234295506,1800815.3399579711
2022-06-27 00:00:00+00:00,1520603.4191983822,1640142.0697146012,1726770.0294092088
2022-06-28 00:00:00+00:00,1595750.6869695378,1721238.7161380304,1811651.7631356525
2022-06-29 00:00:00+00:00,1429604.5305545018,1541938.8360354868,1623784.9934349891
2022-06-30 00:00:00+00:00,1570312.393983475,1693786.4838334757,1623784.9934349891
2022-07-01 00:00:00+00:00,1549540.059782159,1671369.6123745774,1603540.4501021947
2022-07-05 00:00:00+00:00,1636017.7738889642,1764693.7319657602,1693054.1330760943
2022-07-06 00:00:00+00:00,1590829.9736409467,1715928.431934817,1646537.492029822
2022-07-07 00:00:00+00:00,1630552.4032513644,1758795.6701557133,1687774.3126587768
2022-07-08 00:00:00+00:00,1533688.7749112071,1654263.3877217888,1588218.6615426058
2022-07-11 00:00:00+00:00,1475094.3732639616,1591030.0911068053,1526348.865997972
2022-07-12 00:00:00+00:00,1444117.73211129,1557601.0418618785,1494918.5881636222
2022-07-13 00:00:00+00:00,1463068.1652541165,1578051.7730958427,1514417.0035893153
2022-07-14 00:00:00+00:00,1445503.942481507,1559096.997943799,1495688.3396934036
2022-07-15 00:00:00+00:00,1380451.9327724804,1488894.8470609246,1429398.6902468947
2022-07-18 00:00:00+00:00,1503371.5746691134,1621545.9870563566,1555142.106648153
2022-07-19 00:00:00+00:00,1542579.6836183975,1663858.1860583792,1597376.8429371202
2022-07-20 00:00:00+00:00,1560035.1077711578,1682695.5490480517,1616151.5639132136
2022-07-21 00:00:00+00:00,1584378.2665604427,1708965.9458264932,1642721.4182004333
2022-07-22 00:00:00+00:00,1522461.4747515558,1642147.226770872,1578084.7115856407
2022-07-25 00:00:00+00:00,1560362.0033034845,1683048.3247668343,1615907.1786944387
2022-07-26 00:00:00+00:00,1486636.9315303676,1603486.469020679,1538499.7326551147
2022-07-27 00:00:00+00:00,1486636.9315303676,1603486.469020679,1629041.6632677638
2022-07-28 00:00:00+00:00,1455265.2272996786,1569612.38917503,1594738.4583940173
2022-07-29 00:00:00+00:00,1390401.1275864907,1499574.3805082499,1523603.3764622256
2022-08-01 00:00:00+00:00,1266251.502810357,1365521.9148994435,1387580.1061610207
2022-08-02 00:00:00+00:00,1283340.1950413135,1383973.6929996233,1406346.587791178
2022-08-03 00:00:00+00:00,1337323.1793486134,1442262.6500573992,1465482.0270072035
2022-08-04 00:00:00+00:00,1406301.4207224788,1516742.966419206,1540991.4638354825
2022-08-05 00:00:00+00:00,1310883.3726476196,1413713.8623757642,1436490.287780449
2022-08-08 00:00:00+00:00,1244973.4679947258,1342546.629750666,1364310.0301638616
2022-08-09 00:00:00+00:00,1221987.4852414494,1317727.1615639965,1339190.4793968264
2022-08-10 00:00:00+00:00,1239953.7343356456,1337126.4951758527,1358893.6886788835
2022-08-11 00:00:00+00:00,1340630.8040850677,1445834.10870683,1469087.1054027695
2022-08-12 00:00:00+00:00,1236075.9479222458,1332939.3956920009,1354611.7768928795
2022-08-15 00:00:00+00:00,1211974.5823515465,1306915.5757640924,1328232.6526944838
2022-08-16 00:00:00+00:00,1165038.9025191704,1256236.0540345588,1276816.882123741
2022-08-17 00:00:00+00:00,1137103.400095011,1226072.2659060645,1246201.7296939502
2022-08-18 00:00:00+00:00,1134693.9200204688,1223470.5927603734,1243596.1299275805
2022-08-19 00:00:00+00:00,1132362.3156446503,1220953.0070973774,1241012.8338176606
2022-08-22 00:00:00+00:00,1112780.2522830658,1199808.9731942406,1219585.7845832193
2022-08-23 00:00:00+00:00,1133821.2944343034,1222528.3618709147,1242634.554612261
2022-08-24 00:00:00+00:00,1150826.287240013,1240889.7642301717,1261316.7431354402
2022-08-25 00:00:00+00:00,1317619.1628678052,1420986.9353992855,1444015.857268538
2022-08-26 00:00:00+00:00,1391354.2674807233,1500603.5479593996,1524856.748110089
2022-08-29 00:00:00+00:00,1316075.8331088591,1419320.501370127,1442572.2007287696
2022-08-30 00:00:00+00:00,1264698.7490655337,1363845.3051766818,1386241.4507661688
2022-08-31 00:00:00+00:00,1297293.8311863753,1399040.3461033003,1421826.4561804251
2022-09-01 00:00:00+00:00,1202631.6565655028,1296827.408040045,1318193.647405327
2022-09-02 00:00:00+00:00,1153942.5394310602,1244254.585432185,1264842.9421247558
2022-09-06 00:00:00+00:00,1103081.5823287007,1189336.6852364386,1209091.637473746
2022-09-07 00:00:00+00:00,1138974.380000379,1228092.4852170076,1248430.4938343584
2022-09-08 00:00:00+00:00,1092307.6038711094,1177703.3163941198,1197319.5297503183
2022-09-09 00:00:00+00:00,1131485.8979073046,1220006.6815743938,1240247.5741804887
2022-09-12 00:00:00+00:00,1176124.569892138,1268205.9737741072,1289216.571876016
2022-09-13 00:00:00+00:00,1149346.6897256954,1239292.1460717556,1259836.2380217642
2022-09-14 00:00:00+00:00,1177614.6326539512,1269814.8919443646,1290748.6692735122
2022-09-15 00:00:00+00:00,1153331.824896248,1243595.1570261605,1264156.6837614127
2022-09-16 00:00:00+00:00,1077780.9138070026,1162017.8995131594,1181355.8843300543
2022-09-19 00:00:00+00:00,1117506.0343679911,1204911.7090386422,1224832.3999405296
2022-09-20 00:00:00+00:00,1149931.7695116322,1239923.89496366,1260339.5360563411
2022-09-21 00:00:00+00:00,1084735.1507823812,1169526.8437782626,1188907.0893582944
2022-09-22 00:00:00+00:00,1052156.8346477633,1134349.9061829725,1153217.419682715
2022-09-23 00:00:00+00:00,1078405.9642524577,1162692.807339053,1181897.5052433675
2022-09-26 00:00:00+00:00,1098231.1843136752,1184099.3934260877,1203650.278168895
2022-09-27 00:00:00+00:00,1131454.6529293524,1219972.944329195,1239988.0905048035
2022-09-28 00:00:00+00:00,1123740.705016143,1211643.690501741,1231560.7838168752
2022-09-29 00:00:00+00:00,1073159.6204202727,1157027.9869466906,1176136.8939930787
2022-09-30 00:00:00+00:00,1075051.693294711,1159070.9817151995,1176136.8939930787
2022-10-03 00:00:00+00:00,1032313.1895372889,1112923.4253657982,1128612.1942980597
2022-10-04 00:00:00+00:00,1183060.4572126407,1275695.1047173128,1294290.7619079975
2022-10-05 00:00:00+00:00,1184094.4651652833,1276811.5906975223,1295577.0924896193
2022-10-06 00:00:00+00:00,1169624.301064718,1261187.2085945352,1279721.671429186
2022-10-07 00:00:00+00:00,1059488.9219944538,1142266.8401942942,1158861.60718041
2022-10-10 00:00:00+00:00,1007645.3753655298,1086287.9738542293,1101595.643614282
2022-10-11 00:00:00+00:00,1011881.0449696227,1090861.503214119,1106887.1488468868
2022-10-12 00:00:00+00:00,1008926.3931890794,1087671.172539246,1103212.8208952174
2022-10-13 00:00:00+00:00,980015.1644060201,1056453.82887721,1071466.0399933222
2022-10-14 00:00:00+00:00,937998.3525731344,1011085.5304761792,1025626.4606534232
2022-10-17 00:00:00+00:00,977656.3515287574,1053906.8644165678,1069225.6789995169
2022-10-18 00:00:00+00:00,977656.3515287574,1053906.8644165678,1056122.035494733
2022-10-19 00:00:00+00:00,911675.0140833776,982779.4336497803,984804.163377491
2022-10-20 00:00:00+00:00,894205.0258783739,963946.9057766278,965861.8950470123
2022-10-21 00:00:00+00:00,918661.9998312651,990311.3565281669,992319.7673284971
2022-10-24 00:00:00+00:00,790195.6914463303,851825.5541893111,853604.0352738563
2022-10-25 00:00:00+00:00,831562.5334826431,896418.7271515016,898319.1438607962
2022-10-26 00:00:00+00:00,883379.3850143717,952276.9389212602,954155.4908702536
2022-10-27 00:00:00+00:00,822829.8297844672,887004.9322551333,888661.9365882688
2022-10-28 00:00:00+00:00,808013.7057241765,871033.2517901405,872454.8502924707
2022-10-31 00:00:00+00:00,796232.076210791,858332.7357051647,859557.0064428246
2022-11-01 00:00:00+00:00,821386.3895152676,885448.9135112198,886717.6178502603
2022-11-02 00:00:00+00:00,792488.6219354793,854297.317583847,855419.6231986752
2022-11-03 00:00:00+00:00,862452.285603289,929717.6687981946,930953.7054113675
2022-11-04 00:00:00+00:00,960869.4883147798,1035810.7406144073,1037393.4687941376
2022-11-07 00:00:00+00:00,954036.2124932546,1028444.5159859927,1030035.3781338724
2022-11-08 00:00:00+00:00,949790.3898338659,1023867.5481804564,1025547.9042480782
2022-11-09 00:00:00+00:00,852271.354696296,918742.694869725,920161.9340429102
2022-11-10 00:00:00+00:00,931271.9880591423,1003904.837645321,1005552.971935854
2022-11-11 00:00:00+00:00,988945.186374596,1066076.1512183058,1068028.8415259398
2022-11-14 00:00:00+00:00,1083510.845203293,1168017.2850551554,1170150.7989104674
2022-11-15 00:00:00+00:00,1222247.3286803395,1317574.2659440318,1320065.140999319
2022-11-16 00:00:00+00:00,1149686.100814109,1239353.7582788025,1241639.8057567396
2022-11-17 00:00:00+00:00,1164708.2623827513,1255547.5457694794,1257860.7825007758
2022-11-18 00:00:00+00:00,1117816.4349283953,1204998.476291328,1207132.9949225404
2022-11-21 00:00:00+00:00,1030936.2392048575,1111342.2191497323,1113342.3178983594
2022-11-22 00:00:00+00:00,1022866.9992120261,1102643.6335927811,1104587.7452820807
2022-11-23 00:00:00+00:00,1156129.0050556827,1246299.1650123196,1248618.268504743
2022-11-25 00:00:00+00:00,1062702.7344655027,1145586.283908581,1147588.7649552845
2022-11-28 00:00:00+00:00,1106187.4249696524,1192462.4830430632,1194511.5234331943
2022-11-29 00:00:00+00:00,1237534.752350916,1334054.004167459,1336533.7317157676
2022-11-30 00:00:00+00:00,1416143.8639324286,1526593.40561333,1529681.9694021707
2022-12-01 00:00:00+00:00,1409259.2995646584,1519171.8922826333,1522442.985482458
2022-12-02 00:00:00+00:00,1534150.013451536,1653803.2281926873,1657470.373787634
2022-12-05 00:00:00+00:00,1409381.5054373692,1519303.6293781071,1522571.536939238
2022-12-06 00:00:00+00:00,1442927.463602781,1555465.9429852096,1558768.1238645583
2022-12-07 00:00:00+00:00,1443027.3008492237,1555573.5668544618,1558861.4129113248
2022-12-08 00:00:00+00:00,1455789.843247465,1569331.5003245214,1572576.9339948983
2022-12-09 00:00:00+00:00,1480928.7175336985,1596431.03497444,1599530.2884884456
2022-12-12 00:00:00+00:00,1408821.1212591622,1518699.5390643694,1521903.3664952188
2022-12-13 00:00:00+00:00,1422644.2588244302,1533600.786875044,1536771.9200297683
2022-12-14 00:00:00+00:00,1393679.6605978427,1502377.1479672263,1505402.8108418095
2022-12-15 00:00:00+00:00,1428420.6886540086,1539827.7387479532,1542766.847065204
2022-12-16 00:00:00+00:00,1441977.2394236897,1554441.6078151744,1557042.831607032
2022-12-19 00:00:00+00:00,1428271.366247208,1539666.7702140794,1541979.361145911
2022-12-20 00:00:00+00:00,1431181.9012522474,1542804.3070552598,1544651.4856141568
2022-12-21 00:00:00+00:00,1439047.2115429076,1551283.057787182,1552862.4599074232
2022-12-22 00:00:00+00:00,1441289.8036658098,1553700.5567669796,1555236.0221159752
2022-12-23 00:00:00+00:00,1364675.7934958662,1471111.177480152,1472853.8264229216
2022-12-27 00:00:00+00:00,1356335.4319913404,1462120.3247867795,1463853.2321066905
2022-12-28 00:00:00+00:00,1307008.4803294407,1408946.2080575933,1411028.7403526453
2022-12-29 00:00:00+00:00,1362018.6931955712,1468246.8415183949,1470578.3025201438
2022-12-30 00:00:00+00:00,1334430.8563477534,1438507.3419663743,1440876.54613261
2023-01-03 00:00:00+00:00,1461951.4003574864,1575973.6167733045,1440876.54613261
2023-01-04 00:00:00+00:00,1557432.3499272459,1678901.4277727725,1534812.8927294905
2023-01-05 00:00:00+00:00,1580581.9515476725,1703856.5400861395,1557946.8133938068
2023-01-06 00:00:00+00:00,1594884.0419720698,1719274.0958051903,1571740.7488432424
2023-01-09 00:00:00+00:00,1587916.438413083,1711763.0667939568,1563873.909778199
2023-01-10 00:00:00+00:00,1587401.6882365393,1711208.1696220913,1562903.0211546146
2023-01-11 00:00:00+00:00,1510218.7305601044,1628005.4688121688,1487291.8025845813
2023-01-12 00:00:00+00:00,1539484.4864526358,1659553.7536253843,1516857.0565843068
2023-01-13 00:00:00+00:00,1664035.4761651973,1793818.869197627,1640103.321564619
2023-01-17 00:00:00+00:00,1602656.3421064005,1727652.5822243378,1580023.7691529335
2023-01-18 00:00:00+00:00,1446075.4579475163,1558859.459371487,1425034.6091207077
2023-01-19 00:00:00+00:00,1553246.6843402372,1674389.3088800728,1531355.829113301
2023-01-20 00:00:00+00:00,1572969.770074473,1695650.6604892393,1550948.791963874
2023-01-23 00:00:00+00:00,1542071.263874062,1662342.282004396,1520532.7294270236
2023-01-24 00:00:00+00:00,1450136.7887987483,1563237.546268879,1429377.3625906385
2023-01-25 00:00:00+00:00,1448341.6437624053,1561302.3921899772,1428242.6323634316
2023-01-26 00:00:00+00:00,1475796.2800304873,1590898.3024275026,1456025.1225198747
2023-01-27 00:00:00+00:00,1450780.7076633496,1563931.6864035688,1431465.5379805993
2023-01-30 00:00:00+00:00,1362577.9933326473,1468849.7632432033,1343750.8249777055
2023-01-31 00:00:00+00:00,1344172.2073771257,1449008.4517914099,1325799.8029224996
2023-02-01 00:00:00+00:00,1352348.8732157517,1457822.8416758445,1334310.7077302083
2023-02-02 00:00:00+00:00,1332118.171483379,1436014.283490372,1314234.8284098802
2023-02-03 00:00:00+00:00,1242594.8841129849,1339508.7916196734,1225954.96653003
2023-02-06 00:00:00+00:00,1209133.0919693527,1303437.208408753,1193590.381338595
2023-02-07 00:00:00+00:00,1248065.155533529,1345405.7068203143,1231598.1199081317
2023-02-08 00:00:00+00:00,1245150.8736131177,1342264.130829974,1228432.4183656813
2023-02-09 00:00:00+00:00,1235310.7787904146,1331656.575870667,1218901.1906140968
2023-02-10 00:00:00+00:00,1235310.7787904146,1331656.575870667,1158554.035143769
2023-02-13 00:00:00+00:00,1288337.7283582585,1388819.265052028,1208274.5289319567
2023-02-14 00:00:00+00:00,1277104.498366955,1376709.9199034052,1197801.90308092
2023-02-15 00:00:00+00:00,1259002.7589605197,1357196.3685532908,1180913.4699230834
2023-02-16 00:00:00+00:00,1242400.9287834147,1339299.7091001307,1165482.6359659152
2023-02-17 00:00:00+00:00,1232250.1089885728,1328357.1947447432,1155866.5064953547
2023-02-21 00:00:00+00:00,1210817.8044353083,1305253.316931612,1135616.398113763
2023-02-22 00:00:00+00:00,1242799.536441219,1339729.4054306587,1165609.2283472687
2023-02-23 00:00:00+00:00,1221758.6240515842,1317047.4456946545,1145959.5233348638
2023-02-24 00:00:00+00:00,1189989.6277347007,1282800.6848142766,1116122.4940556884
2023-02-27 00:00:00+00:00,1233272.6777903114,1329459.516923498,1156615.9252533533
2023-02-28 00:00:00+00:00,1231379.146796762,1327418.3034552208,1154850.2767661677
2023-03-01 00:00:00+00:00,1361914.5553722398,1468134.5816566523,1277068.1879256736
2023-03-02 00:00:00+00:00,1394547.4526383602,1503312.6218553234,1307773.5809567382
2023-03-03 00:00:00+00:00,1445339.5612471837,1558066.1677585708,1355368.1570317238
2023-03-06 00:00:00+00:00,1440598.7888244668,1552955.647491275,1350796.5757822674
2023-03-07 00:00:00+00:00,1431829.1923614054,1543502.0824465314,1342410.4045167794
2023-03-08 00:00:00+00:00,1372923.4463818623,1480002.0909164373,1287313.4521373839
2023-03-09 00:00:00+00:00,1302735.918177325,1404340.4152616686,1221495.0981656301
2023-03-10 00:00:00+00:00,1277455.1718737385,1377087.9435467748,1197915.2421619305
2023-03-13 00:00:00+00:00,1310404.9392946481,1412607.5676064203,1228819.8123196803
2023-03-14 00:00:00+00:00,1315582.817164371,1418189.284557861,1233558.6869404702
2023-03-15 00:00:00+00:00,1285455.6932067045,1385712.4508581008,1205264.7411744746
2023-03-16 00:00:00+00:00,1241132.2085474401,1337932.037357778,1163907.2299385385
2023-03-17 00:00:00+00:00,1246808.9484383871,1344051.5241582484,1169073.0453375496
2023-03-20 00:00:00+00:00,1234048.403924516,1330295.7443938835,1156904.271175048
2023-03-21 00:00:00+00:00,1272726.023799154,1371989.9542473103,1193143.5840608894
2023-03-22 00:00:00+00:00,1228095.3650608903,1323878.4091894398,1151387.7318804082
2023-03-23 00:00:00+00:00,1247636.8799870645,1344944.0287085986,1169755.2302866343
2023-03-24 00:00:00+00:00,1240125.6759136321,1336847.0020584413,1162617.7084908406
2023-03-27 00:00:00+00:00,1241401.7447383367,1338222.5955292156,1163742.569620628
2023-03-28 00:00:00+00:00,1263565.8661082443,1362115.3668685325,1184620.62594478
2023-03-29 00:00:00+00:00,1314388.7233200069,1416902.0595555736,1232203.3760257752
2023-03-30 00:00:00+00:00,1343844.3659556136,1448655.0409798997,1259784.3830758103
2023-03-31 00:00:00+00:00,1334362.994328206,1438434.1871731568,1259784.3830758103
2023-04-03 00:00:00+00:00,1316197.9027383325,1418852.342602324,1242554.5484003546
2023-04-04 00:00:00+00:00,1279678.1830972352,1379484.3344508535,1208182.277597753
2023-04-05 00:00:00+00:00,1244415.2330142183,1341471.115292652,1175412.5078460146
2023-04-06 00:00:00+00:00,1259766.4601745876,1358019.6332419626,1189395.4458747886
2023-04-10 00:00:00+00:00,1286453.0096986901,1386787.5512195479,1213783.1059385755
2023-04-11 00:00:00+00:00,1311007.7357550971,1413257.378070516,1236170.4943494217
2023-04-12 00:00:00+00:00,1235936.241432854,1332330.8203240193,1165481.3077225408
2023-04-13 00:00:00+00:00,1284462.0954521345,1384641.3592701692,1210802.1248152996
2023-04-14 00:00:00+00:00,1283156.4046098986,1383233.8334669701,1209230.2832381611
2023-04-17 00:00:00+00:00,1258410.557578095,1356557.979510885,1186875.1465918212
2023-04-18 00:00:00+00:00,1284394.8988370716,1384568.9217784377,1211367.1943714754
2023-04-19 00:00:00+00:00,1277648.7857189989,1377296.6579485652,1204859.0007147656
2023-04-20 00:00:00+00:00,1229288.424768053,1325164.5193988928,1159974.1352226736
2023-04-21 00:00:00+00:00,1140689.9981280635,1229656.0210739102,1078164.7741690741
2023-04-24 00:00:00+00:00,1079739.377204534,1163951.668331442,1020913.793401338
2023-04-25 00:00:00+00:00,1072352.3774580925,1155988.5330968124,1013203.689959842
2023-04-26 00:00:00+00:00,1105630.2356726993,1191861.836789479,1044002.8913075702
2023-04-27 00:00:00+00:00,1118541.856680541,1205780.4759816977,1056326.7256696797
2023-04-28 00:00:00+00:00,1124462.5105873263,1212162.9004240271,1062574.5307385244
2023-05-01 00:00:00+00:00,1141364.51479393,1230383.1454292205,1078409.3272523226
2023-05-02 00:00:00+00:00,1115632.100831456,1202643.7790653098,1052969.3227239442
2023-05-03 00:00:00+00:00,1081033.6992816157,1165346.9386835136,1020845.6241905635
2023-05-04 00:00:00+00:00,1091413.2444356747,1176536.0174127407,1030691.1727993496
2023-05-05 00:00:00+00:00,1080922.8713924903,1165227.4669765735,1020600.197172455
2023-05-08 00:00:00+00:00,1035361.228118449,1116112.3269526518,978072.1914811904
2023-05-09 00:00:00+00:00,1019477.8052301481,1098990.1056463248,963346.2375829024
2023-05-10 00:00:00+00:00,1019477.8052301481,1098990.1056463248,961657.6187855029
2023-05-11 00:00:00+00:00,1047816.7248600465,1129539.267303585,988541.306685396
2023-05-12 00:00:00+00:00,1024871.6313542621,1104804.6133399373,966909.742821244
2023-05-15 00:00:00+00:00,1075284.8528360366,1159149.721510016,1014387.5522150586
2023-05-16 00:00:00+00:00,1061597.7777801785,1144395.148154463,1001499.2591434008
2023-05-17 00:00:00+00:00,1068320.4654983613,1151642.1595633726,1007796.2040035909
2023-05-18 00:00:00+00:00,1037072.5618896269,1117957.133060577,978266.259201916
2023-05-19 00:00:00+00:00,1031794.3903912551,1112267.3002629855,973318.7721198341
2023-05-22 00:00:00+00:00,1014309.6388226831,1093418.8575848178,956932.8060357808
2023-05-23 00:00:00+00:00,1011774.1394743143,1090685.6066180633,954476.5306238332
2023-05-24 00:00:00+00:00,996343.8210295597,1074051.8288047945,939979.8759721101
2023-05-25 00:00:00+00:00,981706.0618593834,1058272.4244721753,926100.328944848
2023-05-26 00:00:00+00:00,1033350.1210326549,1113944.3672605974,975025.391788171
2023-05-30 00:00:00+00:00,1024239.6197233134,1104123.3091217359,966287.2829636768
2023-05-31 00:00:00+00:00,1024531.9023127164,1104438.387755286,966461.3973855504
2023-06-01 00:00:00+00:00,1098836.312688657,1184538.0342508839,1036626.0111707714
2023-06-02 00:00:00+00:00,1112747.6942527788,1199534.4084891528,1049740.5479171074
2023-06-05 00:00:00+00:00,1077871.9461972644,1161938.5904699739,1016863.6404363667
2023-06-06 00:00:00+00:00,1134790.108823209,1223295.9807305303,1070575.375843847
2023-06-07 00:00:00+00:00,1143012.5393135818,1232159.704596735,1078286.316860349
2023-06-08 00:00:00+00:00,1176259.2273065043,1267999.4070034826,1109601.4746326348
2023-06-09 00:00:00+00:00,1181672.166338806,1273834.5182814796,1114690.372664805
2023-06-12 00:00:00+00:00,1161045.6326595764,1251599.255962908,1095251.1053167006
2023-06-13 00:00:00+00:00,1192732.7762955856,1285757.7802127874,1125161.519226298
2023-06-14 00:00:00+00:00,1218631.0149852526,1313675.9044991576,1149535.9896804257
2023-06-15 00:00:00+00:00,1226895.9934465913,1322585.494787237,1157428.2029858623
2023-06-16 00:00:00+00:00,1214577.6661062143,1309306.4221132316,1145818.1882656717
2023-06-20 00:00:00+00:00,1168217.5286625004,1259330.510832315,1101887.4963938328
2023-06-21 00:00:00+00:00,1164019.0007140622,1254804.5264019116,1097878.873006277
2023-06-22 00:00:00+00:00,1165800.2736664251,1256724.7264691025,1099571.9155570108
2023-06-23 00:00:00+00:00,1121638.8148582564,1209118.975728772,1057914.4985900265
2023-06-26 00:00:00+00:00,1130700.3292533364,1218887.226308898,1066527.6132634084
2023-06-27 00:00:00+00:00,1142102.386368528,1231178.5659430958,1077337.1986982294
2023-06-28 00:00:00+00:00,1141291.0142903253,1230303.912388729,1076521.236377226
2023-06-29 00:00:00+00:00,1093144.5858191866,1178402.3915900053,1031196.1664401834
2023-06-30 00:00:00+00:00,1096791.9627443673,1182334.2389845948,1031196.1664401834
2023-07-03 00:00:00+00:00,1142033.1616374617,1231103.942156175,1073535.781897061
2023-07-05 00:00:00+00:00,1148939.3755456195,1238548.793543429,1079967.116658554
2023-07-06 00:00:00+00:00,1137971.8369660205,1226725.861920555,1069008.1771535152
2023-07-07 00:00:00+00:00,1210959.8624537606,1305406.4545045004,1137336.8437108076
2023-07-10 00:00:00+00:00,1199499.1492175534,1293051.8839727778,1126855.0303949988
2023-07-11 00:00:00+00:00,1240870.2723967656,1337649.6719777512,1165475.4676596206
2023-07-12 00:00:00+00:00,1233131.0101972846,1329306.8002265487,1159043.0048001898
2023-07-13 00:00:00+00:00,1306680.307579781,1408592.4400766043,1227950.9862831798
2023-07-14 00:00:00+00:00,1269777.7479496277,1368811.733033741,1193259.6984065152
2023-07-17 00:00:00+00:00,1288130.1710983492,1388595.5197445522,1210193.5921075745
2023-07-18 00:00:00+00:00,1213177.953985151,1307797.5420141157,1139991.5328113795
2023-07-19 00:00:00+00:00,1187834.4806649908,1280477.4510041105,1116527.8979274472
2023-07-20 00:00:00+00:00,1192723.211331504,1285747.4692468867,1121004.121473798
2023-07-21 00:00:00+00:00,1234093.5754361958,1330344.4389747153,1159613.9726638612
2023-07-24 00:00:00+00:00,1259293.3006497044,1357509.5705083048,1183437.6766209006
2023-07-25 00:00:00+00:00,1247921.2652248526,1345250.5940510875,1173545.8080533133
2023-07-26 00:00:00+00:00,1247921.2652248526,1345250.5940510875,1206049.8424389935
2023-07-27 00:00:00+00:00,1218400.0515523027,1313426.9274971313,1177574.4601013358
2023-07-28 00:00:00+00:00,1295908.2009582943,1396980.182768748,1252284.2144520115
2023-07-31 00:00:00+00:00,1291879.5813563452,1392637.358374493,1248374.3164928672
2023-08-01 00:00:00+00:00,1243910.4497984264,1340926.9624363503,1202104.233786542
2023-08-02 00:00:00+00:00,1188668.438279605,1281376.451612351,1148694.4538656916
2023-08-03 00:00:00+00:00,1247422.580834954,1344713.0156874126,1205500.7186528356
2023-08-04 00:00:00+00:00,1249659.136337855,1347124.0072321102,1207647.0922071626
2023-08-07 00:00:00+00:00,1208581.1591286433,1302842.22857907,1167984.4414565354
2023-08-08 00:00:00+00:00,1175639.4289929296,1267331.268657929,1136180.8567376179
2023-08-09 00:00:00+00:00,1193259.9676001763,1286326.0888356487,1153198.8025651015
2023-08-10 00:00:00+00:00,1196248.9078002493,1289548.145941156,1156078.7017295216
2023-08-11 00:00:00+00:00,1151547.8358259315,1241360.6958961112,1112872.9781072154
2023-08-14 00:00:00+00:00,1140004.072532838,1228916.597970734,1101728.0414413153
2023-08-15 00:00:00+00:00,1118752.094346144,1206007.1107481886,1081161.1859828858
2023-08-16 00:00:00+00:00,1084549.1635245413,1169136.5851082888,1048142.5226160134
2023-08-17 00:00:00+00:00,1080423.0333355712,1164688.6449677348,1044151.957910038
2023-08-18 00:00:00+00:00,1064032.399401729,1147019.653621232,1028277.1379167673
2023-08-21 00:00:00+00:00,1067528.3201611598,1150788.2323043852,1031695.2685311054
2023-08-22 00:00:00+00:00,1077331.7867703831,1161356.302299924,1041131.6092767218
2023-08-23 00:00:00+00:00,1193015.7306485306,1286062.8030711964,1152860.046961647
2023-08-24 00:00:00+00:00,1173833.807906872,1265384.8214690408,1134336.499994684
2023-08-25 00:00:00+00:00,1146937.3872448807,1236390.6638393349,1108406.7838508175
2023-08-28 00:00:00+00:00,1204531.131286064,1298476.3262477464,1164034.6548498874
2023-08-29 00:00:00+00:00,1230462.7867030485,1326430.4735377526,1189297.4003332187
2023-08-30 00:00:00+00:00,1221850.7263543857,1317146.731347531,1181087.9761746181
2023-08-31 00:00:00+00:00,1165163.0981908266,1256037.8556616644,1126373.8670647112
2023-09-01 00:00:00+00:00,1246817.5471354628,1344060.793494921,1205264.4444391988
2023-09-05 00:00:00+00:00,1191313.8721199261,1284228.2112099999,1151644.36966703
2023-09-06 00:00:00+00:00,1201859.9286836225,1295596.7881006678,1161815.6257645562
2023-09-07 00:00:00+00:00,1185198.340518228,1277635.709944593,1145659.41154228
2023-09-08 00:00:00+00:00,1161962.2504841825,1252587.3637125157,1123179.702634255
2023-09-11 00:00:00+00:00,1206556.4909623554,1300659.6501349364,1166231.7595686577
2023-09-12 00:00:00+00:00,1193470.385828862,1286552.9182479093,1153672.6781237908
2023-09-13 00:00:00+00:00,1189910.600374219,1282715.4938598492,1150219.2734181453
2023-09-14 00:00:00+00:00,1203666.119097402,1297543.8490209486,1163506.2390061617
2023-09-15 00:00:00+00:00,1222844.4749957044,1318217.9855903462,1182063.797544716
2023-09-18 00:00:00+00:00,1240166.0867040101,1336890.5646142499,1198755.5495347548
2023-09-19 00:00:00+00:00,1230819.712514484,1326815.2371228007,1189717.6176928775
2023-09-20 00:00:00+00:00,1198870.6934977502,1292374.4130024854,1158804.5861520087
2023-09-21 00:00:00+00:00,1180775.2742055836,1272867.674692353,1141306.0413773907
2023-09-22 00:00:00+00:00,1199744.588925556,1293316.4663003609,1159677.2809385625
2023-09-25 00:00:00+00:00,1205550.5697168142,1299575.2739079725,1165275.520009812
2023-09-26 00:00:00+00:00,1197627.317157342,1291034.061806321,1157474.3704103334
2023-09-27 00:00:00+00:00,1202991.0164493993,1296816.0929809008,1162518.7622377593
2023-09-28 00:00:00+00:00,1213325.0705504937,1307956.1326659755,1172500.0473498255
2023-09-29 00:00:00+00:00,1226443.4425402577,1322097.6480035104,1185204.709516537
2023-10-02 00:00:00+00:00,1222500.6704469798,1317847.3666368134,1185204.709516537
2023-10-03 00:00:00+00:00,1205688.0504012005,1299723.4771460253,1168946.3797269838
2023-10-04 00:00:00+00:00,1199245.7692585154,1292778.7421088514,1162705.799301104
2023-10-05 00:00:00+00:00,1206169.462170515,1300242.4357427736,1169405.698177298
2023-10-06 00:00:00+00:00,1254660.1817033838,1352515.0999527252,1216483.4359163896
2023-10-09 00:00:00+00:00,1239169.2745655128,1335816.0079424155,1201472.0297676865
2023-10-10 00:00:00+00:00,1294341.5692679638,1395291.3645149004,1254914.116579431
2023-10-11 00:00:00+00:00,1224241.8677315349,1319724.3654080345,1186960.002700049
2023-10-12 00:00:00+00:00,1191080.0088475067,1283976.108200847,1154882.417359534
2023-10-13 00:00:00+00:00,1188093.2733559408,1280756.4277560406,1151937.4112498187
2023-10-16 00:00:00+00:00,1204187.428597609,1298105.8170988879,1167432.145303818
2023-10-17 00:00:00+00:00,1241057.059953151,1337851.0276867931,1203199.8559883984
2023-10-18 00:00:00+00:00,1226623.7289849105,1322291.9955585422,1189210.6487659244
2023-10-19 00:00:00+00:00,1204727.28480209,1298687.7783972626,1167963.9287245139
2023-10-20 00:00:00+00:00,1195732.5246664854,1288991.488452569,1159234.5604732116
2023-10-23 00:00:00+00:00,1181157.9028345908,1273280.1457390578,1145064.4673371762
2023-10-24 00:00:00+00:00,1229087.3799504656,1324947.7944597257,1191498.012021354
2023-10-25 00:00:00+00:00,1210954.200239973,1305400.3506767396,1173889.748293341
2023-10-26 00:00:00+00:00,1206058.9418841223,1300123.2956294767,1169237.5399614987
2023-10-27 00:00:00+00:00,1265018.1873032094,1363680.9591897172,1226515.4681378268
2023-10-30 00:00:00+00:00,1248956.8555101496,1346366.9533001129,1210940.2780313548
2023-10-31 00:00:00+00:00,1150951.770494035,1240718.141542586,1115886.7751785703
2023-11-01 00:00:00+00:00,1142911.1559337403,1232050.4140062474,1108146.898268953
2023-11-02 00:00:00+00:00,1192505.9841938887,1285513.29987734,1156223.696867181
2023-11-03 00:00:00+00:00,1255416.5202280267,1353330.4277125227,1217207.4654755783
2023-11-06 00:00:00+00:00,1241335.9942619186,1338151.7169650572,1203550.3738870327
2023-11-07 00:00:00+00:00,1225698.2944491736,1321294.3834545997,1188352.638410339
2023-11-08 00:00:00+00:00,1224392.2206950244,1319886.4448749751,1187079.8323860052
2023-11-09 00:00:00+00:00,1203443.6652299832,1297304.0452724,1166787.7399955322
2023-11-10 00:00:00+00:00,1218894.4520195338,1313959.8878214527,1181756.8417126364
2023-11-13 00:00:00+00:00,1221393.1736554033,1316653.492665518,1184139.498786483
2023-11-14 00:00:00+00:00,1221393.1736554033,1316653.492665518,1203507.4917290013
2023-11-15 00:00:00+00:00,1238003.2633520162,1334559.0558242518,1219973.5000678713
2023-11-16 00:00:00+00:00,1196831.0096270798,1290175.6477316644,1179542.905662677
2023-11-17 00:00:00+00:00,1212359.1334014065,1306914.8590216874,1194869.4133425457
2023-11-20 00:00:00+00:00,1388718.4708522405,1497029.0193324687,1367927.8645783325
2023-11-21 00:00:00+00:00,1342546.617639541,1447256.077165615,1322589.7491814073
2023-11-22 00:00:00+00:00,1296457.9088688637,1397572.7641389475,1277437.1709715608
2023-11-24 00:00:00+00:00,1340128.7307401206,1444649.6116149155,1320425.4909272296
2023-11-27 00:00:00+00:00,1286807.6159940893,1387169.8143821626,1268077.8665246663
2023-11-28 00:00:00+00:00,1300745.2632838858,1402194.5028931764,1282872.0853595906
2023-11-29 00:00:00+00:00,1302280.4566138773,1403849.4308094676,1284565.1653086639
2023-11-30 00:00:00+00:00,1314771.481230614,1417314.6699669592,1297143.2734083924
2023-12-01 00:00:00+00:00,1295064.3850671293,1396070.5550057697,1277691.8656991937
2023-12-04 00:00:00+00:00,1240560.487748624,1337315.7262445115,1224097.932206521
2023-12-05 00:00:00+00:00,1238403.586386268,1334990.6013188649,1221992.3884237066
2023-12-06 00:00:00+00:00,1250151.65580903,1347654.9398555404,1233420.9938366201
2023-12-07 00:00:00+00:00,1257575.0273131323,1355657.2835963182,1240616.1368019003
2023-12-08 00:00:00+00:00,1237331.2567080883,1333834.6372554349,1220699.591655301
2023-12-11 00:00:00+00:00,1250521.7676626542,1348053.9179039379,1233876.2638939307
2023-12-12 00:00:00+00:00,1260590.472688496,1358907.913099619,1244000.3495494619
2023-12-13 00:00:00+00:00,1259405.6210042739,1357630.651082792,1242821.969146792
2023-12-14 00:00:00+00:00,1253266.5092328805,1351012.7305556308,1236857.3713116443
2023-12-15 00:00:00+00:00,1239076.0723012784,1335715.5365386326,1223029.6076171529
2023-12-18 00:00:00+00:00,1202143.4531206316,1295902.425505802,1186791.5821338512
2023-12-19 00:00:00+00:00,1198649.600664444,1292136.076439408,1183466.6187736164
2023-12-20 00:00:00+00:00,1183144.50241138,1275421.6865039202,1168060.8051589062
2023-12-21 00:00:00+00:00,1202065.2677977136,1295818.142262113,1186649.6860310684
2023-12-22 00:00:00+00:00,1188310.189508416,1280990.2618857315,1173015.994006756
2023-12-26 00:00:00+00:00,1183492.070012487,1275796.3620022,1168321.5789479464
2023-12-27 00:00:00+00:00,1205147.144189865,1299140.3839474383,1189493.2481258404
2023-12-28 00:00:00+00:00,1215214.412981529,1309992.8308924928,1199405.2698459956
2023-12-29 00:00:00+00:00,1237393.2325524718,1333901.4467920598,1221257.7720430538
2024-01-02 00:00:00+00:00,1168757.3357719905,1259912.4192066255,1221257.7720430538
2024-01-03 00:00:00+00:00,1172136.7938780969,1263555.4519455468,1225381.5377430278
2024-01-04 00:00:00+00:00,1199461.8207795022,1293011.6441717078,1253417.5819653242
2024-01-05 00:00:00+00:00,1192564.5812286527,1285576.46708029,1246236.514065955
2024-01-08 00:00:00+00:00,1190874.5581904366,1283754.6337968332,1244209.0758211487
2024-01-09 00:00:00+00:00,1175258.0748534587,1266920.1715022326,1228588.8354541236
2024-01-10 00:00:00+00:00,1168587.5724666032,1259729.4155237935,1221389.7317500457
2024-01-11 00:00:00+00:00,1203199.4897892058,1297040.825816244,1257395.9831315782
2024-01-12 00:00:00+00:00,1225823.4160069164,1321429.2636386089,1280317.5988362334
2024-01-16 00:00:00+00:00,1180338.3361717681,1272396.6584784836,1232883.3666089638
2024-01-17 00:00:00+00:00,1154305.2343831658,1244333.152693285,1205796.8689692607
2024-01-18 00:00:00+00:00,1157384.1914610846,1247652.2473778217,1208931.9713864112
2024-01-19 00:00:00+00:00,1178634.1737134936,1270559.58299685,1230831.8299061705
2024-01-22 00:00:00+00:00,1121499.8061963918,1208969.1253414422,1171698.8841281522
2024-01-23 00:00:00+00:00,1178170.6143042764,1270059.869122261,1229945.6400885594
2024-01-24 00:00:00+00:00,1208506.926356582,1302762.206158188,1261680.4081406423
2024-01-25 00:00:00+00:00,1194272.6684073205,1287417.773383681,1247399.3718136288
2024-01-26 00:00:00+00:00,1182723.649615874,1274968.0100670015,1235163.9946381394
2024-01-29 00:00:00+00:00,1146425.8825871395,1235839.265314555,1196126.4189446196
2024-01-30 00:00:00+00:00,1108777.5851105447,1195254.6579705367,1156999.7911225
2024-01-31 00:00:00+00:00,1104422.8632887765,1190560.297612309,1152634.479748156
2024-02-01 00:00:00+00:00,1130849.8414095931,1219048.399391389,1179889.0211163526
2024-02-02 00:00:00+00:00,1080533.9439169108,1164808.2058163171,1128120.5669091344
2024-02-05 00:00:00+00:00,1042238.0595644617,1123525.50424655,1088521.2443691352
2024-02-06 00:00:00+00:00,1113164.9276940252,1199984.1832869193,1162304.024457042
2024-02-07 00:00:00+00:00,1091805.8515773432,1176959.245227889,1140622.826387436
2024-02-08 00:00:00+00:00,1091805.8515773432,1176959.245227889,1126911.957307868
2024-02-09 00:00:00+00:00,1099812.3208136715,1185590.1643383838,1135358.039312004
2024-02-12 00:00:00+00:00,1139875.596628278,1228778.1018237832,1176909.3031034973
2024-02-13 00:00:00+00:00,1117179.8543054406,1204312.2467309735,1153602.5679151737
2024-02-14 00:00:00+00:00,1171472.7272086127,1262839.5926149085,1209952.6220179168
2024-02-15 00:00:00+00:00,1152704.9434263953,1242608.0499802844,1190147.7380794287
2024-02-16 00:00:00+00:00,1167373.4850841356,1258420.6376240912,1204944.204632038
2024-02-20 00:00:00+00:00,1142714.033872273,1231837.917771365,1179436.2357901859
2024-02-21 00:00:00+00:00,1136684.5807540389,1225338.208522764,1173238.9388802063
2024-02-22 00:00:00+00:00,1145235.8230803066,1234556.3893005503,1181817.1087979272
2024-02-23 00:00:00+00:00,1144954.163307046,1234252.7619901923,1182180.0474647963
2024-02-26 00:00:00+00:00,1165647.553355819,1256560.0950181514,1203656.857630653
2024-02-27 00:00:00+00:00,1194364.3848625978,1287516.643095564,1233553.7911915553
2024-02-28 00:00:00+00:00,1171638.0213604064,1263017.778580714,1209992.3909039255
2024-02-29 00:00:00+00:00,1179626.2757194433,1271629.0621779927,1218290.2321134158
2024-03-01 00:00:00+00:00,1190990.1089782654,1283879.1967562933,1229953.6197755234
2024-03-04 00:00:00+00:00,1179193.6180746988,1271162.6601942836,1217108.2166029057
2024-03-05 00:00:00+00:00,1168422.0726244708,1259551.0078252081,1205910.9193546309
2024-03-06 00:00:00+00:00,1138010.1650287968,1226767.1793102452,1174045.7887601801
2024-03-07 00:00:00+00:00,1084493.677700337,1169076.7717690563,1119117.7614578437
2024-03-08 00:00:00+00:00,1149449.2924786862,1239098.4805118616,1185928.7400015292
2024-03-11 00:00:00+00:00,1184381.6629275063,1276755.3370839953,1222230.7362646493
2024-03-12 00:00:00+00:00,1227968.9624344404,1323742.1480221204,1267082.7976672794
2024-03-13 00:00:00+00:00,1366510.2062818282,1473088.6619247375,1409365.713065794
2024-03-14 00:00:00+00:00,1347291.6092494302,1452371.145687843,1389444.6756133619
2024-03-15 00:00:00+00:00,1309326.1716116224,1411444.6634177712,1350041.1063350735
2024-03-18 00:00:00+00:00,1268801.6617730034,1367759.5188071385,1308064.6674450624
2024-03-19 00:00:00+00:00,1265887.1065619083,1364617.648211309,1304958.889369728
2024-03-20 00:00:00+00:00,1271631.8349591526,1370810.4261568491,1310982.9734752087
2024-03-21 00:00:00+00:00,1257421.5248426457,1355491.808982362,1296766.0238762524
2024-03-22 00:00:00+00:00,1290764.2275435545,1391435.0145880333,1330872.1089687156
2024-03-25 00:00:00+00:00,1287285.2571591663,1387684.708293316,1327078.8922095064
2024-03-26 00:00:00+00:00,1292381.8754034566,1393178.827923971,1332345.138848763
2024-03-27 00:00:00+00:00,1284981.477530163,1385201.249600174,1324774.8827735558
2024-03-28 00:00:00+00:00,1272148.095759007,1371366.9517703173,1311644.151789875
2024-04-01 00:00:00+00:00,1309877.036009286,1412038.4914731535,1311644.151789875
2024-04-02 00:00:00+00:00,1309561.3751500438,1411698.211224513,1311388.9139850915
2024-04-03 00:00:00+00:00,1309773.8362865716,1411927.242877464,1311468.2332157877
2024-04-04 00:00:00+00:00,1314766.0007375428,1417308.7620328888,1316240.0653321275
2024-04-05 00:00:00+00:00,1336238.0736185152,1440455.5098314623,1337612.716294297
2024-04-08 00:00:00+00:00,1353909.0341103335,1459504.6844561037,1355174.1775110522
2024-04-09 00:00:00+00:00,1375061.5830197798,1482306.9875974,1376448.8785764256
2024-04-10 00:00:00+00:00,1393164.9806890585,1501822.326543525,1394697.3228718832
2024-04-11 00:00:00+00:00,1428003.3029341737,1539377.7997949086,1429659.2612923924
2024-04-12 00:00:00+00:00,1367373.1246364845,1474018.8820127891,1368962.456744369
2024-04-15 00:00:00+00:00,1373293.0914051787,1480400.565724953,1374889.73320626
2024-04-16 00:00:00+00:00,1340516.3504513467,1445067.4630141372,1341982.3718331472
2024-04-17 00:00:00+00:00,1341299.0710762464,1445911.2304976834,1342947.1173329817
2024-04-18 00:00:00+00:00,1357897.2234093372,1463803.925260135,1359491.6538506788
2024-04-19 00:00:00+00:00,1375117.5208739873,1482367.2882218866,1376499.3021013688
2024-04-22 00:00:00+00:00,1407983.3839788134,1517796.464002301,1409575.8824798283
2024-04-23 00:00:00+00:00,1450383.6598885024,1563503.6716162062,1451950.342302947
2024-04-24 00:00:00+00:00,1478052.1045632118,1593330.0658546407,1479538.907447263
2024-04-25 00:00:00+00:00,1486503.2743828802,1602440.369154334,1488622.2703597331
2024-04-26 00:00:00+00:00,1554308.529778225,1675533.971004238,1556177.3416399641
2024-04-29 00:00:00+00:00,1558762.3926838837,1680335.2047732447,1560139.427244255
2024-04-30 00:00:00+00:00,1521649.547622932,1640327.8114733351,1522800.8658510118
2024-05-01 00:00:00+00:00,1506048.887472253,1623510.406465409,1507167.6241534143
2024-05-02 00:00:00+00:00,1571001.4312644126,1693528.8047060927,1572444.8824314228
2024-05-03 00:00:00+00:00,1571001.4312644126,1693528.8047060927,1578705.1240483713
2024-05-06 00:00:00+00:00,1552092.1586076408,1673144.738031812,1559676.7164583863
2024-05-07 00:00:00+00:00,1535698.1956211205,1655472.157989277,1543235.0408105906
2024-05-08 00:00:00+00:00,1517832.6090414885,1636213.1777722912,1525170.3605836025
2024-05-09 00:00:00+00:00,1522270.4958123278,1640997.1893771635,1529520.6910207192
2024-05-10 00:00:00+00:00,1522486.112165491,1641229.622332081,1529814.4448514443
2024-05-13 00:00:00+00:00,1563227.9610229917,1685149.0569194998,1570768.075973465
2024-05-14 00:00:00+00:00,1556928.609112573,1678358.3986177514,1564462.9825919697
2024-05-15 00:00:00+00:00,1558616.4560137852,1680177.8860403928,1566212.502627936
2024-05-16 00:00:00+00:00,1600042.9895051068,1724835.4059830762,1607955.9308835382
2024-05-17 00:00:00+00:00,1662820.9995150212,1792509.6716699947,1671217.7559401093
2024-05-20 00:00:00+00:00,1660479.4063985904,1789985.4502958707,1668909.6480194835
2024-05-21 00:00:00+00:00,1631281.2014210275,1758509.9849072634,1639547.2860260785
2024-05-22 00:00:00+00:00,1630749.6361772567,1757936.961207863,1638983.3428920857
2024-05-23 00:00:00+00:00,1584721.8881317666,1708319.3634262653,1592578.6893193794
2024-05-24 00:00:00+00:00,1589115.8742619494,1713056.0504405822,1597021.4826835084
2024-05-28 00:00:00+00:00,1591429.5321435106,1715550.1578224616,1599429.8513720387
2024-05-29 00:00:00+00:00,1583881.1266643165,1707413.0283111741,1591731.2097915437
2024-05-30 00:00:00+00:00,1596611.0083411746,1721135.753746827,1604589.710765026
2024-05-31 00:00:00+00:00,1565975.0057624364,1688110.3523718675,1573840.1031415376
2024-06-03 00:00:00+00:00,1557884.1345369609,1679388.4484939808,1565718.3767346572
2024-06-04 00:00:00+00:00,1555442.4530500325,1676756.33254059,1563373.3326409464
2024-06-05 00:00:00+00:00,1571410.666243277,1693969.9572160828,1579509.8105713683
2024-06-06 00:00:00+00:00,1586827.9127639658,1710589.6435845583,1595022.5366215233
2024-06-07 00:00:00+00:00,1545387.0642061431,1665916.6920980338,1553308.4343528247
2024-06-10 00:00:00+00:00,1552066.4192122852,1673116.991139554,1559939.4935150987
2024-06-11 00:00:00+00:00,1558466.8177259983,1680016.5769889744,1566454.6294150336
2024-06-12 00:00:00+00:00,1549857.102476172,1670735.362799269,1557705.3637814864
2024-06-13 00:00:00+00:00,1616311.2451914877,1742372.4744153025,1624593.195372304
2024-06-14 00:00:00+00:00,1591266.7027374005,1715374.6288356555,1599441.4665053722
2024-06-17 00:00:00+00:00,1581422.6866166668,1704762.8467438747,1589513.0448421577
2024-06-18 00:00:00+00:00,1582649.3211999978,1706085.1504403441,1590870.476990275
2024-06-20 00:00:00+00:00,1562148.8267336488,1683985.7575317475,1570266.6290510886
2024-06-21 00:00:00+00:00,1551530.1310756055,1672538.8761938799,1559608.7888207808
2024-06-24 00:00:00+00:00,1533065.2422698222,1652633.8522734875,1540896.9094014524
2024-06-25 00:00:00+00:00,1512369.8660759665,1630324.378194705,1520077.7924416761
2024-06-26 00:00:00+00:00,1485276.298222939,1601117.6972406132,1492800.5567987622
2024-06-27 00:00:00+00:00,1462910.2767728188,1577007.2789948657,1470386.7312009747
2024-06-28 00:00:00+00:00,1423307.673282486,1534315.9431262198,1430441.252388179
2024-07-01 00:00:00+00:00,1392023.7482302086,1500592.085753501,1430441.252388179
2024-07-02 00:00:00+00:00,1420694.194717976,1531498.6310974732,1458092.1552061804
2024-07-03 00:00:00+00:00,1446105.2715989386,1558891.5982839353,1482452.580092795
2024-07-05 00:00:00+00:00,1436991.8060760794,1549067.3447431629,1470568.7568984665
2024-07-08 00:00:00+00:00,1423911.8478253786,1534967.2391537703,1457806.5349882331
2024-07-09 00:00:00+00:00,1453958.4814676808,1567357.3048437394,1488844.2834117964
2024-07-10 00:00:00+00:00,1443683.695382235,1556281.1556744222,1478594.990734945
2024-07-11 00:00:00+00:00,1474289.1720253895,1589273.6502994753,1509138.7940172697
2024-07-12 00:00:00+00:00,1463944.1705958017,1578121.8094691122,1498448.1582377038
2024-07-15 00:00:00+00:00,1436065.8674715383,1548069.1892564949,1476045.3189054795
2024-07-16 00:00:00+00:00,1417973.571651279,1528565.8180277287,1459390.3621754977
2024-07-17 00:00:00+00:00,1400905.7817279997,1510166.8571531468,1441661.5049424611
2024-07-18 00:00:00+00:00,1399535.339767127,1508689.530086648,1439427.2452000177
2024-07-19 00:00:00+00:00,1398698.5219899416,1507787.4462427057,1441236.6200854827
2024-07-22 00:00:00+00:00,1412038.1341108207,1522167.4569293498,1453491.9074889622
2024-07-23 00:00:00+00:00,1412038.1341108207,1522167.4569293498,1471627.186389866
2024-07-24 00:00:00+00:00,1379999.7700181631,1487630.319427885,1438202.7396518805
2024-07-25 00:00:00+00:00,1376127.2522886193,1483455.7717850867,1434201.197638918
2024-07-26 00:00:00+00:00,1384292.3333277977,1492257.6733349022,1442712.0563381105
2024-07-29 00:00:00+00:00,1359661.3592269088,1465705.6516131572,1417057.1311176484
2024-07-30 00:00:00+00:00,1314667.861658069,1417202.9687760216,1370172.1414338707
2024-07-31 00:00:00+00:00,1331631.0878554243,1435489.210668777,1387776.3754904608
2024-08-01 00:00:00+00:00,1272006.766856291,1371214.6001792087,1325564.9197412506
2024-08-02 00:00:00+00:00,1245359.885753363,1342489.4444885058,1297765.8452999305
2024-08-05 00:00:00+00:00,1227561.430592095,1323302.8314816565,1279161.8731138397
2024-08-06 00:00:00+00:00,1270878.237613724,1369998.0533695077,1324256.3772780753
2024-08-07 00:00:00+00:00,1270663.598405616,1369766.673770281,1324028.9014048378
2024-08-08 00:00:00+00:00,1290016.8568393406,1390629.3540773606,1344152.1002020347
2024-08-09 00:00:00+00:00,1273598.9981539173,1372931.014634741,1327018.3316133018
2024-08-12 00:00:00+00:00,1298870.0436079751,1400173.0289001507,1353306.4186336969
2024-08-13 00:00:00+00:00,1337224.099650868,1441518.439154598,1393324.8633039421
2024-08-14 00:00:00+00:00,1331174.939619023,1434997.4859878265,1387046.7550949275
2024-08-15 00:00:00+00:00,1322532.2645675375,1425680.7413572213,1377953.6290102198
2024-08-16 00:00:00+00:00,1322396.1561324983,1425534.017394585,1377742.1635337174
2024-08-19 00:00:00+00:00,1348221.591254781,1453373.6599329459,1404664.208658109
2024-08-20 00:00:00+00:00,1301252.067664929,1402740.8345518028,1355776.114659288
2024-08-21 00:00:00+00:00,1333783.8210423961,1437809.8423298502,1389712.541881662
2024-08-22 00:00:00+00:00,1338194.9193471137,1442564.9761513495,1394290.5031521767
2024-08-23 00:00:00+00:00,1324920.4200111392,1428255.1566017705,1380587.9506487197
2024-08-26 00:00:00+00:00,1294406.7385044028,1395361.6165063325,1349501.9962735535
2024-08-27 00:00:00+00:00,1270251.7030144534,1369322.6533540182,1324363.6198904486
2024-08-28 00:00:00+00:00,1191182.6333267398,1284086.7366879955,1241937.8596629628
2024-08-29 00:00:00+00:00,1230173.6695156062,1326118.8071858797,1282564.2470364498
2024-08-30 00:00:00+00:00,1248785.2069498615,1346181.9173253842,1301939.6754526177
2024-09-03 00:00:00+00:00,1236764.156252571,1333223.3068406638,1289355.8417347593
2024-09-04 00:00:00+00:00,1217833.546862701,1312816.239313945,1269691.9293808907
2024-09-05 00:00:00+00:00,1210215.35273147,1304603.8781127853,1261726.943168338
2024-09-06 00:00:00+00:00,1225727.8836227162,1321326.280381429,1277907.1519045597
2024-09-09 00:00:00+00:00,1221425.1905523504,1316688.006661583,1273449.2854235931
2024-09-10 00:00:00+00:00,1222330.9914203987,1317664.4538059582,1274388.9521647547
2024-09-11 00:00:00+00:00,1253289.021337557,1351036.9984505954,1306665.3014173487
2024-09-12 00:00:00+00:00,1238068.9368188696,1334629.8513726245,1290735.5411418225
2024-09-13 00:00:00+00:00,1241877.7608437066,1338735.7376371115,1294771.6054822535
2024-09-16 00:00:00+00:00,1260818.3881955908,1359153.604458406,1314494.6356083525
2024-09-17 00:00:00+00:00,1293021.697745531,1393868.5520353771,1348095.0078315097
2024-09-18 00:00:00+00:00,1280317.5689267705,1380173.588004726,1334837.802619789
2024-09-19 00:00:00+00:00,1328353.9246656843,1431956.4511504867,1384952.8687439277
2024-09-20 00:00:00+00:00,1309080.85035271,1411180.2087774973,1364834.710579993
2024-09-23 00:00:00+00:00,1317204.9238001506,1419937.9044237165,1373271.34877347
2024-09-24 00:00:00+00:00,1448286.8669052874,1561243.343112417,1509889.9144583768
2024-09-25 00:00:00+00:00,1422107.366720741,1533022.0208570613,1482558.1999296292
2024-09-26 00:00:00+00:00,1562450.555560787,1684311.0191450089,1628733.471085225
2024-09-27 00:00:00+00:00,1587954.6441892572,1711804.252359525,1655234.9988959907
2024-09-30 00:00:00+00:00,1557500.7915374981,1678975.2073608076,1655234.9988959907
2024-10-01 00:00:00+00:00,1609051.7186800067,1734546.7544566481,1708377.787731862
2024-10-02 00:00:00+00:00,1688964.5953946256,1820692.289330038,1791866.689521518
2024-10-03 00:00:00+00:00,1643507.5482802459,1771689.9032512903,1745297.2553756055
2024-10-04 00:00:00+00:00,1728803.148027076,1863637.9767611143,1835201.3605383735
2024-10-07 00:00:00+00:00,1717555.1387247099,1851512.6996161866,1824069.0850052831
2024-10-08 00:00:00+00:00,1678180.4339676893,1809067.0370243047,1782233.014800439
2024-10-09 00:00:00+00:00,1617445.7088684952,1743595.4185047671,1717500.4969785386
2024-10-10 00:00:00+00:00,1588681.8959292716,1712588.2247643087,1686431.4292038828
2024-10-11 00:00:00+00:00,1608383.7138294892,1733826.6497937744,1709543.6791796417
2024-10-14 00:00:00+00:00,1620057.3523903259,1746410.7523700488,1723285.7316119235
2024-10-15 00:00:00+00:00,1525462.269157559,1644437.8992267353,1625490.1052164072
2024-10-16 00:00:00+00:00,1536505.4854714447,1656342.4109298936,1637300.5022436394
2024-10-17 00:00:00+00:00,1498774.5579274578,1615668.728938024,1597322.2040810338
2024-10-18 00:00:00+00:00,1532411.3940424484,1651929.0083535986,1633107.7652762793
2024-10-21 00:00:00+00:00,1531178.4599113823,1650599.9137877296,1630529.4044298742
2024-10-22 00:00:00+00:00,1580796.7418073872,1704088.0825179643,1682011.8068069955
2024-10-23 00:00:00+00:00,1552753.4914342535,1673857.6502985214,1653273.940322597
2024-10-24 00:00:00+00:00,1552201.97199279,1673263.1161104003,1653297.2341264333
2024-10-25 00:00:00+00:00,1546155.259436075,1666744.8013050896,1645609.778939204
2024-10-28 00:00:00+00:00,1578549.8657619052,1701665.9654989077,1681212.7067060529
2024-10-29 00:00:00+00:00,1575116.0898412622,1697964.378527192,1679590.1274390067
2024-10-30 00:00:00+00:00,1553364.183794306,1674515.9724884192,1655754.4544050177
2024-10-31 00:00:00+00:00,1542559.3316171905,1662868.4156954193,1643267.2703774432
2024-11-01 00:00:00+00:00,1540355.2217193346,1660492.400291186,1640694.6857023558
2024-11-04 00:00:00+00:00,1537559.389710548,1657478.5124959415,1636192.8191286614
2024-11-05 00:00:00+00:00,1537559.389710548,1657478.5124959415,1650351.7282142176
2024-11-06 00:00:00+00:00,1513190.246039992,1631208.7421884171,1625047.5008887225
2024-11-07 00:00:00+00:00,1543438.9933941527,1663816.6850782707,1657191.9940391402
2024-11-08 00:00:00+00:00,1505592.7812502438,1623018.7270756853,1617144.1143429235
2024-11-11 00:00:00+00:00,1539107.148852935,1659146.9862721048,1654335.2430891204
2024-11-12 00:00:00+00:00,1475288.019856069,1590350.4014335666,1586316.1200834445
2024-11-13 00:00:00+00:00,1467345.8115762812,1581788.7551949823,1577811.4957912092
2024-11-14 00:00:00+00:00,1436588.8007692774,1548632.9077770745,1544597.842791443
2024-11-15 00:00:00+00:00,1453038.9354762302,1566366.040550288,1562612.915055557
2024-11-18 00:00:00+00:00,1478388.1017622352,1593692.2685385605,1589600.553522543
2024-11-19 00:00:00+00:00,1495007.7747807724,1611608.1624528242,1607536.4172641027
2024-11-20 00:00:00+00:00,1690001.8900140713,1821810.4858396263,1817273.3099155712
2024-11-21 00:00:00+00:00,1663587.3024627562,1793335.741009776,1790227.2270266518
2024-11-22 00:00:00+00:00,1611339.184689907,1737012.6271799046,1734512.701448232
2024-11-25 00:00:00+00:00,1625461.9322598304,1752236.852527687,1749156.9493862016
2024-11-26 00:00:00+00:00,1690315.3796904106,1822148.4255679375,1818468.10549987
2024-11-27 00:00:00+00:00,1699276.3419747227,1831808.281659955,1828778.373378922
2024-11-29 00:00:00+00:00,1704072.0275495278,1836977.9979298564,1834127.7573986326
2024-12-02 00:00:00+00:00,1713642.8472219058,1847295.2761176773,1844089.9784986528
2024-12-03 00:00:00+00:00,1736121.3314131692,1871526.9284296655,1868269.8181376462
2024-12-04 00:00:00+00:00,1746119.6887801802,1882305.0893299715,1879371.8313338235
2024-12-05 00:00:00+00:00,1792110.3152278073,1931882.6702828086,1928747.3955476976
2024-12-06 00:00:00+00:00,1825951.1563151537,1968362.865664156,1965304.8693004067
2024-12-09 00:00:00+00:00,2059986.5263680376,2220651.3948894995,2215335.236280584
2024-12-10 00:00:00+00:00,2001021.9057662706,2157087.9369190712,2152457.045469
2024-12-11 00:00:00+00:00,1941412.9827275595,2092829.9253255888,2089054.9302347265
2024-12-12 00:00:00+00:00,1901112.6130892637,2049386.4023188488,2045520.60263332
2024-12-13 00:00:00+00:00,1896635.9224709608,2044560.560431645,2041078.603653381
2024-12-16 00:00:00+00:00,1799767.6691672052,1940137.245489505,1937671.1619831894
2024-12-17 00:00:00+00:00,1857780.0162950212,2002674.1591640473,1999879.3868554046
2024-12-18 00:00:00+00:00,1848765.640342641,1992956.7235029482,1989584.000358868
2024-12-19 00:00:00+00:00,1845393.1598385712,1989321.212571329,1985508.426585035
2024-12-20 00:00:00+00:00,1905549.4806247214,2054169.3151949467,2050251.0029005632
2024-12-23 00:00:00+00:00,1882825.678265903,2029673.2115751468,2025387.0676879075
2024-12-24 00:00:00+00:00,1908383.5679857212,2057224.4419983919,2053556.153962718
2024-12-26 00:00:00+00:00,1875099.5032242874,2021344.4476906694,2017490.7273660128
2024-12-27 00:00:00+00:00,1848447.8687783338,1992614.1679286757,1988845.821352623
2024-12-30 00:00:00+00:00,1823037.99784904,1965222.500749869,1961749.4846871507
2024-12-31 00:00:00+00:00,1824012.6653162888,1966273.1856174618,1961749.4846871507
2025-01-02 00:00:00+00:00,1828316.1354003155,1970912.2969527228,1969154.2112138013
2025-01-03 00:00:00+00:00,1823268.986724278,1965471.5051785077,1964504.6567376857
2025-01-06 00:00:00+00:00,1803100.231600564,1943729.7250137485,1944518.0242427557
2025-01-07 00:00:00+00:00,1787213.4047641717,1926603.8342746454,1922744.0558485577
2025-01-08 00:00:00+00:00,1794946.2958246823,1934939.8379815863,1929419.8370530647
2025-01-10 00:00:00+00:00,1761186.1489301284,1898546.6303885034,1896783.096898744
2025-01-13 00:00:00+00:00,1799154.026762042,1939475.7431711417,1935922.0632059358
2025-01-14 00:00:00+00:00,1881662.113801346,2028418.897035615,2024830.9630663372
2025-01-15 00:00:00+00:00,1882391.577291632,2029205.2536920737,2026488.720007119
2025-01-16 00:00:00+00:00,1890551.6635401219,2038001.7708916676,2035951.975598592
2025-01-17 00:00:00+00:00,1890551.6635401219,2038001.7708916676,2057013.0927562108
2025-01-21 00:00:00+00:00,1902949.4606421741,2051366.5114255631,2070572.5192086922
2025-01-22 00:00:00+00:00,1883213.361840964,2030091.1318191467,2049000.0461165814
2025-01-23 00:00:00+00:00,1890887.857887714,2038364.1861003973,2057159.3620306244
2025-01-24 00:00:00+00:00,1929991.9505940895,2080518.1307513865,2099695.6483400436
2025-01-27 00:00:00+00:00,1900145.940971265,2048344.3363830978,2066978.9272906426
2025-01-28 00:00:00+00:00,1913817.6835386062,2063082.3814208312,2081737.7172174861
2025-01-29 00:00:00+00:00,1911070.7749594941,2060121.2327483718,2079187.0572677269
2025-01-30 00:00:00+00:00,1953733.127784251,2106110.9574853573,2125389.336286906
2025-01-31 00:00:00+00:00,1886936.9348049702,2034105.1180227702,2052737.7404917916
2025-02-03 00:00:00+00:00,1863730.3103500858,2009088.535483624,2027561.8579591045
2025-02-04 00:00:00+00:00,1926918.3596369969,2077204.8207084215,2095564.585158105
2025-02-05 00:00:00+00:00,1916166.087466549,2065613.9448032116,2083713.9875492146
2025-02-06 00:00:00+00:00,1973609.5512115888,2127537.6060795845,2145727.858361857
2025-02-07 00:00:00+00:00,2019012.9317497537,2176482.139955998,2194622.6560552362
2025-02-10 00:00:00+00:00,2114117.636520966,2279004.3616343616,2297564.3709553853
2025-02-11 00:00:00+00:00,2029416.362713554,2187696.9674248607,2205812.508717207
2025-02-12 00:00:00+00:00,2082458.0044607983,2244875.49467519,2263356.1453182017
2025-02-13 00:00:00+00:00,2100114.4877550276,2263909.0629797867,2282357.6376278363
2025-02-14 00:00:00+00:00,2100901.106492825,2264757.0326023917,2283380.4721963075
2025-02-18 00:00:00+00:00,2110592.3793674028,2275204.1585188555,2293468.9728498557
2025-02-19 00:00:00+00:00,2084008.8220928556,2246547.265482313,2264981.408374883
2025-02-20 00:00:00+00:00,2081785.366737105,2244150.3958067,2262909.788235916
2025-02-21 00:00:00+00:00,2040011.7431271523,2199118.715088582,2217386.032167903
2025-02-24 00:00:00+00:00,1969217.8032917965,2122803.33184077,2140669.940041418
2025-02-25 00:00:00+00:00,1900911.0058432438,2049169.0710856766,2066099.1285881794
2025-02-26 00:00:00+00:00,1911980.961106445,2061102.4071934295,2077569.844685887
2025-02-27 00:00:00+00:00,1923608.34849022,2073636.6513169697,2089967.1637362968
2025-02-28 00:00:00+00:00,1932890.2318870232,2083642.4581746745,2100056.9470011336
2025-03-03 00:00:00+00:00,1900641.8436279898,2048878.9160574256,2065456.5389052536
2025-03-04 00:00:00+00:00,1926346.614503355,2076588.48336238,2093340.5642142843
2025-03-05 00:00:00+00:00,2173719.322271622,2343254.5714807888,2361040.698112739
2025-03-06 00:00:00+00:00,2174439.5005681533,2344030.9187618466,2361623.6787126637
2025-03-07 00:00:00+00:00,2154537.5615967084,2322576.764585477,2339846.754039309
2025-03-10 00:00:00+00:00,1993095.6764109773,2148543.515851872,2164385.886735113
2025-03-11 00:00:00+00:00,2058968.268022877,2219553.719353473,2236101.4498154474
2025-03-12 00:00:00+00:00,2075292.954839124,2237151.6201579743,2253706.8948296653
2025-03-13 00:00:00+00:00,2081611.760220929,2243963.2491689073,2260155.2319582324
2025-03-14 00:00:00+00:00,2112424.7097786525,2277179.398177736,2294098.4516979977
2025-03-17 00:00:00+00:00,2230064.1700000735,2403993.9322006013,2421194.5020377077
2025-03-18 00:00:00+00:00,2203445.442015562,2375299.125379119,2392126.6837930675
2025-03-19 00:00:00+00:00,2232316.8488847753,2406422.304640674,2423719.432898504
2025-03-20 00:00:00+00:00,2168123.7749122865,2337222.6096744244,2354283.7573289378
2025-03-21 00:00:00+00:00,2145477.904403098,2312810.5160558405,2329739.202950873
2025-03-24 00:00:00+00:00,2184369.9822840923,2354735.9101742445,2372344.134187948
2025-03-25 00:00:00+00:00,2130692.9737516837,2296872.4618724016,2314334.4997620485
2025-03-26 00:00:00+00:00,2121301.645428663,2286748.674132319,2303930.0196086066
2025-03-27 00:00:00+00:00,2172311.893767412,2341737.373173385,2359099.587594362
2025-03-28 00:00:00+00:00,2108783.1919091577,2273253.866805127,2290001.879121149
2025-03-31 00:00:00+00:00,2086559.9316660974,2249297.3441647803,2290001.879121149
2025-04-01 00:00:00+00:00,2094661.8181578997,2258031.122424475,2301037.9235775224
2025-04-02 00:00:00+00:00,2130113.8799430495,2296248.2027049484,2338121.505786905
2025-04-03 00:00:00+00:00,2048470.1363497924,2208236.8051673053,2247587.88959465
2025-04-04 00:00:00+00:00,1837855.0301625722,1981195.1603056479,2021061.063016212
2025-04-07 00:00:00+00:00,1747542.4810995471,1883838.8497250993,1921427.660465826
2025-04-08 00:00:00+00:00,1721283.1681245146,1855531.4898271405,1890763.390949914
2025-04-09 00:00:00+00:00,1751544.322230601,1888152.8071107664,1924957.481749157
2025-04-10 00:00:00+00:00,1704381.6575291879,1837311.7769315296,1871591.7007246646
2025-04-11 00:00:00+00:00,1626545.2018851002,1753404.609779303,1791390.0126765177
2025-04-14 00:00:00+00:00,1658251.1661058355,1787583.4224908736,1827101.7157954262
2025-04-15 00:00:00+00:00,1726619.1754740905,1861283.6692770068,1899040.289028498
2025-04-16 00:00:00+00:00,1681105.9015263577,1812220.6710562296,1850199.871853888
2025-04-17 00:00:00+00:00,1689887.7504068976,1821687.4441232665,1860233.5103092233
2025-04-21 00:00:00+00:00,1748881.7534545728,1885282.5761695474,1924010.413141921
2025-04-22 00:00:00+00:00,1815768.6474941932,1957386.190755215,1998026.2240835445
2025-04-23 00:00:00+00:00,1858969.2749606234,2003956.1718766792,2045390.7780310102
2025-04-24 00:00:00+00:00,1887270.6667295408,2034464.8787563145,2076580.603719049
2025-04-25 00:00:00+00:00,1882623.9560815883,2029455.7564392784,2072568.4367345944
2025-04-28 00:00:00+00:00,1916332.6112108435,2065793.4562613287,2107736.194033317
2025-04-29 00:00:00+00:00,1922107.4726378773,2072018.7174070147,2114493.3342529126
2025-04-30 00:00:00+00:00,1922107.4726378773,2072018.7174070147,2095156.454020356
2025-05-01 00:00:00+00:00,1918542.1979180903,2068175.3756286493,2092438.61322422
2025-05-02 00:00:00+00:00,2003884.0537200728,2160173.3128497554,2183838.259569175
2025-05-05 00:00:00+00:00,1998277.0602552302,2154129.012219891,2176657.6861889386
2025-05-06 00:00:00+00:00,2037237.997970938,2196128.636769441,2218566.554525621
2025-05-07 00:00:00+00:00,1968350.0021628884,2121867.848155449,2145467.8922027024
2025-05-08 00:00:00+00:00,1983862.6823658668,2138590.41138112,2164286.282339739
2025-05-09 00:00:00+00:00,1959203.2069591829,2112007.665446542,2138715.5137718697
2025-05-12 00:00:00+00:00,2126135.5758134555,2291959.6180459736,2316558.559511916
2025-05-13 00:00:00+00:00,2146184.0030815294,2313571.6856048238,2339303.0913729453
2025-05-14 00:00:00+00:00,2155637.34182401,2323762.320153228,2348742.29305812
2025-05-15 00:00:00+00:00,2112479.4788785316,2277238.4388930444,2302554.268526988
2025-05-16 00:00:00+00:00,2094064.7033253654,2257387.4367164355,2283271.5533374986
2025-05-19 00:00:00+00:00,2078508.0228831896,2240617.4415336633,2267237.863105223
2025-05-20 00:00:00+00:00,2059067.4490185361,2219660.6357888663,2247158.4667893834
2025-05-21 00:00:00+00:00,2033408.5465020533,2192000.5142612644,2220401.231449987
2025-05-22 00:00:00+00:00,1923037.7691399115,2073021.5706773927,2103487.6949668806
2025-05-23 00:00:00+00:00,1923583.9443933924,2073610.3438673976,2103008.9587628264
2025-05-27 00:00:00+00:00,2007305.8104975754,2163861.9432673203,2193088.013727275
2025-05-28 00:00:00+00:00,2029888.8711620332,2188206.328302605,2215950.5760363177
2025-05-29 00:00:00+00:00,2055272.1430274928,2215569.3218724094,2242477.05047593
2025-05-30 00:00:00+00:00,1972678.5911704903,2126534.0375186307,2153782.372763339
2025-06-02 00:00:00+00:00,1998067.2386635833,2153902.82597828,2180848.9328147555
2025-06-03 00:00:00+00:00,1997421.052492546,2153206.2417027494,2180941.6484483057
2025-06-04 00:00:00+00:00,2031035.9602151443,2189442.8824612107,2216295.15922256
2025-06-05 00:00:00+00:00,2082156.455944205,2244550.427435464,2269601.729941443
2025-06-06 00:00:00+00:00,2050292.498375415,2210201.2989746155,2236589.0152492756
2025-06-09 00:00:00+00:00,2092212.075606869,2255390.316699081,2283309.2440766427
2025-06-10 00:00:00+00:00,2074398.9878224533,2236187.9298244957,2264658.1985310554
2025-06-11 00:00:00+00:00,2055577.917964372,2215898.9451643145,2244191.7462140573
2025-06-12 00:00:00+00:00,2111727.784031635,2276428.1169861164,2303351.9323209478
2025-06-13 00:00:00+00:00,2030368.2122362887,2188723.054704233,2215653.6573183592
2025-06-16 00:00:00+00:00,2065821.0143570104,2226940.933061393,2255113.4181413427
2025-06-17 00:00:00+00:00,2023412.516496321,2181224.862240509,2208027.2105207606
2025-06-18 00:00:00+00:00,1988611.4313185366,2143709.5302931834,2170420.2615896175
2025-06-20 00:00:00+00:00,1978111.3859291638,2132390.5531339375,2158970.879004073
2025-06-23 00:00:00+00:00,2008802.1781880618,2165475.017409608,2191778.667856732
2025-06-24 00:00:00+00:00,2118452.540226361,2283677.358198601,2310039.586789744
2025-06-25 00:00:00+00:00,2050563.934321386,2210493.9050690383,2238385.873332191
2025-06-26 00:00:00+00:00,1999467.354558646,2155412.141343007,2183662.684349641
2025-06-27 00:00:00+00:00,2008572.829771775,2165227.7813845063,2193080.0758438855
2025-06-30 00:00:00+00:00,2009544.1272121763,2166274.833386192,2193080.0758438855
2025-07-01 00:00:00+00:00,2020108.6699434954,2177663.3382391995,2203034.711437524
2025-07-02 00:00:00+00:00,2053058.9492847659,2213183.5141454954,2241146.9315325096
2025-07-03 00:00:00+00:00,2052223.0108478225,2212282.3782243235,2240129.526643213
2025-07-07 00:00:00+00:00,2087484.8202793293,2250294.3677679934,2276988.3594803647
2025-07-08 00:00:00+00:00,2146671.0140355723,2314096.680084439,2340811.409865359
2025-07-09 00:00:00+00:00,2099035.109504168,2262745.500603187,2291421.787748848
2025-07-10 00:00:00+00:00,2125586.851649385,2291368.097147776,2320823.2288931184
2025-07-11 00:00:00+00:00,2147700.756457407,2315206.7353766225,2347053.914803718
2025-07-14 00:00:00+00:00,2156207.141815004,2324376.5606487906,2357649.6052416563
2025-07-15 00:00:00+00:00,2250859.6362018604,2426411.3026237935,2457094.620680801
2025-07-16 00:00:00+00:00,2137358.688088742,2304058.0563658867,2336427.32845309
2025-07-17 00:00:00+00:00,2099367.4740224564,2263103.7872821046,2294733.639375541
2025-07-18 00:00:00+00:00,2094484.7989500556,2257840.296928391,2288371.455752905
2025-07-21 00:00:00+00:00,2065019.544946898,2226076.954515541,2255737.908294976
2025-07-22 00:00:00+00:00,2064966.208325328,2226019.458002058,2256232.3532974045
2025-07-23 00:00:00+00:00,2076315.9331073218,2238254.383738773,2267185.424679082
2025-07-24 00:00:00+00:00,2037825.8222180381,2196762.3072898863,2226152.853825925
2025-07-25 00:00:00+00:00,1974147.6450588554,2128117.6675689286,2156410.8311451944
2025-07-28 00:00:00+00:00,1987099.0834780815,2142079.2296584575,2171398.1181825893
2025-07-29 00:00:00+00:00,2033606.821395277,2192214.2532409,2221407.0226269113
2025-07-30 00:00:00+00:00,1979769.5996318678,2134178.096171137,2163743.210228954
2025-07-31 00:00:00+00:00,1989040.4056315583,2144171.9616704714,2173553.1354547567
2025-08-01 00:00:00+00:00,1846951.0801149795,1991000.639980513,2019552.0498510874
2025-08-04 00:00:00+00:00,1900612.730704246,2048847.532524624,2077718.0370253478
2025-08-05 00:00:00+00:00,1934048.9196565158,2084891.5156702597,2112985.958244794
2025-08-06 00:00:00+00:00,1934048.9196565158,2084891.5156702597,2139883.127977562
2025-08-07 00:00:00+00:00,1978409.748672265,2132712.186131615,2188774.4001240986
2025-08-08 00:00:00+00:00,1930083.9742985454,2080617.3316757842,2135806.5313087804
2025-08-11 00:00:00+00:00,1925285.8434776894,2075444.9794473539,2131073.5841406644
2025-08-12 00:00:00+00:00,1942361.5823623214,2093852.5092479405,2149990.0586148645
2025-08-13 00:00:00+00:00,1939230.401766517,2090477.1179680845,2147290.805179724
2025-08-14 00:00:00+00:00,1850982.0085587625,1995345.9532904834,2049888.913202013
2025-08-15 00:00:00+00:00,1893949.5725895707,2041664.6936213952,2096752.7683565817
2025-08-18 00:00:00+00:00,1889562.1755804415,2036935.1096345354,2091790.0835294733
2025-08-19 00:00:00+00:00,1867771.566402425,2013444.981885026,2067365.9337660382
2025-08-20 00:00:00+00:00,1881471.7757115304,2028213.7138758036,2082518.6930283452
2025-08-21 00:00:00+00:00,2040622.1574896765,2199776.7375990446,2255913.514493018
2025-08-22 00:00:00+00:00,2145328.125132234,2312649.055025629,2371289.961066271
2025-08-25 00:00:00+00:00,2151886.6235335567,2319719.0714732395,2377242.331180076
2025-08-26 00:00:00+00:00,2165914.779161905,2334841.3273545643,2392402.350114468
2025-08-27 00:00:00+00:00,2129699.116751066,2295801.090819003,2353018.7126605134
2025-08-28 00:00:00+00:00,2138433.0242222897,2305216.1833744887,2362518.8731866176
2025-08-29 00:00:00+00:00,2175941.503279838,2345650.0674184696,2402527.639082266
