date,PortfolioValue_copy,PortfolioValue_copy_scaled,PortfolioValue_fund
2013-07-01 00:00:00+00:00,,,1000000.0
2013-07-02 00:00:00+00:00,,,999069.614620183
2013-07-03 00:00:00+00:00,,,997854.5580250928
2013-07-05 00:00:00+00:00,,,1002939.2736284715
2013-07-08 00:00:00+00:00,,,1007770.524918422
2013-07-09 00:00:00+00:00,,,1015741.4295743366
2013-07-10 00:00:00+00:00,,,1015494.4167669257
2013-07-11 00:00:00+00:00,,,1024350.0391007118
2013-07-12 00:00:00+00:00,,,1026810.4574014602
2013-07-15 00:00:00+00:00,,,1029825.6692547518
2013-07-16 00:00:00+00:00,,,1026359.427154774
2013-07-17 00:00:00+00:00,1000000.0,1000000.0,1028228.1264773052
2013-07-18 00:00:00+00:00,1004808.0861349796,1006726.3415534818,1033291.0174213619
2013-07-19 00:00:00+00:00,1005979.9221821815,1008365.6985194102,1034510.1103946207
2013-07-22 00:00:00+00:00,1006704.1525671583,1009378.871078305,1035266.0010705772
2013-07-23 00:00:00+00:00,1008638.4803747262,1012084.9269069313,1037280.9282420313
2013-07-24 00:00:00+00:00,1001996.4706390897,1002792.9914404647,1030322.9490766124
2013-07-25 00:00:00+00:00,1009706.00131994,1013578.3507540551,1038467.1267777785
2013-07-26 00:00:00+00:00,1009494.7627342368,1013282.8354831499,1038196.9383808371
2013-07-29 00:00:00+00:00,1007158.2219279851,1010014.0979698683,1035764.0310209482
2013-07-30 00:00:00+00:00,1007891.5460068577,1011039.992283201,1036532.6603422548
2013-07-31 00:00:00+00:00,1010418.479244683,1014575.0820389364,1039157.4829183522
2013-08-01 00:00:00+00:00,1019600.846990376,1027420.8880401775,1048752.8543533129
2013-08-02 00:00:00+00:00,1019925.3713324437,1027874.8860564124,1049089.5809389544
2013-08-05 00:00:00+00:00,1017446.1476256262,1024406.5402382661,1046501.0868089675
2013-08-06 00:00:00+00:00,1013081.169154891,1018300.0905525672,1041950.2556255613
2013-08-07 00:00:00+00:00,1010919.7555398076,1015276.3497531608,1039698.1477574199
2013-08-08 00:00:00+00:00,1013278.808107301,1018576.5804200239,1042178.2149552155
2013-08-09 00:00:00+00:00,1011100.2381808128,1015528.8385509474,1039871.7503167083
2013-08-12 00:00:00+00:00,1010352.0914133951,1014482.2078233543,1039076.7990781054
2013-08-13 00:00:00+00:00,1007694.5247475785,1010764.3665464722,1036309.5417130059
2013-08-14 00:00:00+00:00,1004357.7890547585,1006096.391948364,1032807.1850865775
2013-08-15 00:00:00+00:00,996936.7461660156,995714.6167988775,1024994.4947354725
2013-08-16 00:00:00+00:00,994256.7120369013,991965.3443396626,1022206.1701606041
2013-08-19 00:00:00+00:00,987752.8081664654,982866.6140683193,1015429.0476771275
2013-08-20 00:00:00+00:00,993668.9304096717,991143.0587414816,1021610.5393213232
2013-08-21 00:00:00+00:00,989480.0403011442,985282.9504137682,1017231.0699673537
2013-08-22 00:00:00+00:00,995684.5384448165,993962.8227186059,1023718.1118445316
2013-08-23 00:00:00+00:00,998159.7184642827,997425.5115619192,1026316.99522231
2013-08-26 00:00:00+00:00,995357.4545222997,993505.2439403277,1023380.0235245813
2013-08-27 00:00:00+00:00,988063.0701098475,983300.6594958861,1015752.7048381284
2013-08-28 00:00:00+00:00,989530.2741891238,985353.225837008,1017301.2472274284
2013-08-29 00:00:00+00:00,991514.5482396354,988129.1546836965,1019364.9174734248
2013-08-30 00:00:00+00:00,987654.8723572416,982729.6053532793,1015311.4993074007
2013-09-03 00:00:00+00:00,986945.3028894725,981736.9428962958,1014544.5314467642
2013-09-04 00:00:00+00:00,987602.4738538993,982656.3017101088,1015275.4970291449
2013-09-05 00:00:00+00:00,987780.2898159433,982905.0599188411,1015458.3419820304
2013-09-06 00:00:00+00:00,989233.7880909474,984938.4523270902,1016973.6911509569
2013-09-09 00:00:00+00:00,996811.5246759151,995539.4363864209,1024857.8809752768
2013-09-10 00:00:00+00:00,1000522.7349387718,1000731.2875937347,1028773.4982500165
2013-09-11 00:00:00+00:00,999246.8186670481,998946.326094226,1027423.2017118438
2013-09-12 00:00:00+00:00,997525.4626157025,996538.2101804392,1025637.5732210263
2013-09-13 00:00:00+00:00,1000074.4090467787,1000104.095610863,1028311.9261802436
2013-09-16 00:00:00+00:00,1001909.4956115946,1002671.3164693575,1030242.3627569427
2013-09-17 00:00:00+00:00,1005876.4394054516,1008220.9297940491,1034413.8332184689
2013-09-18 00:00:00+00:00,1017661.3511732859,1024707.602349976,1046717.2759983226
2013-09-19 00:00:00+00:00,1017437.471673079,1024394.402889122,1046467.0800742275
2013-09-20 00:00:00+00:00,1011241.5115452774,1015726.4749649222,1040007.0773766489
2013-09-23 00:00:00+00:00,1011276.4528398138,1015775.3565936564,1040092.2725920541
2013-09-24 00:00:00+00:00,1012444.9022624666,1017409.9757922506,1041302.6371185825
2013-09-25 00:00:00+00:00,1011971.5802075166,1016747.8150661293,1040814.9882174752
2013-09-26 00:00:00+00:00,1013401.0941784469,1018747.6542857306,1042317.3540348358
2013-09-27 00:00:00+00:00,1010914.9536425557,1015269.6320696349,1039724.6519065808
2013-09-30 00:00:00+00:00,1011087.6802901995,1015511.2705084695,1039724.6519065808
2013-10-01 00:00:00+00:00,1014632.902663469,1020470.910559876,1044143.4195229406
2013-10-02 00:00:00+00:00,1013331.42865431,1018650.1946943896,1042625.2825157086
2013-10-03 00:00:00+00:00,1007919.7583657665,1011079.4603702368,1036835.4958362468
2013-10-04 00:00:00+00:00,1010053.3910516797,1014064.3366374723,1040001.8235182907
2013-10-07 00:00:00+00:00,1004151.5799903999,1005807.9127989975,1033880.4858199919
2013-10-08 00:00:00+00:00,998743.031253876,998241.5454151348,1027960.143545972
2013-10-09 00:00:00+00:00,998618.7775064198,998067.7188402301,1027741.8667942588
2013-10-10 00:00:00+00:00,1011944.1299804068,1016709.4131743837,1042266.91114005
2013-10-11 00:00:00+00:00,1017441.9432960049,1024400.658530609,1048329.7966468489
2013-10-14 00:00:00+00:00,1017244.1424472359,1024123.9421759018,1049032.5742179235
2013-10-15 00:00:00+00:00,1010479.0574796215,1014659.8288357832,1042051.3301875263
2013-10-16 00:00:00+00:00,1019734.4653203409,1027607.8153330587,1052296.969876858
2013-10-17 00:00:00+00:00,1026425.066152183,1036967.728015482,1059162.3873062641
2013-10-18 00:00:00+00:00,1029832.0836668088,1041734.0243834578,1063002.1785086636
2013-10-21 00:00:00+00:00,1030143.4357921677,1042169.5949368492,1062965.5522532752
2013-10-22 00:00:00+00:00,1037349.8604819019,1052251.1268565771,1069249.8073477438
2013-10-23 00:00:00+00:00,1035299.3815729321,1049382.57976679,1066645.4199203588
2013-10-24 00:00:00+00:00,1038415.7743490635,1053742.3024586446,1069516.1885417835
2013-10-25 00:00:00+00:00,1041188.0721913773,1057620.6485722305,1072315.1890650813
2013-10-28 00:00:00+00:00,1041036.5410230537,1057408.6618553689,1072113.9744356906
2013-10-29 00:00:00+00:00,1044892.4177496466,1062802.8963018977,1075664.396159709
2013-10-30 00:00:00+00:00,1044892.4177496466,1062802.8963018977,1070705.3363248603
2013-10-31 00:00:00+00:00,1042761.1029640085,1059839.2732526292,1068419.828757714
2013-11-01 00:00:00+00:00,1043490.7299262477,1060853.8297588904,1069031.5035426393
2013-11-04 00:00:00+00:00,1047677.1281039802,1066675.0750374142,1073468.7458745078
2013-11-05 00:00:00+00:00,1044905.8925390737,1062821.6331852523,1070642.3265026764
2013-11-06 00:00:00+00:00,1048317.0859444186,1067564.9453743834,1074073.345403376
2013-11-07 00:00:00+00:00,1037901.8305353419,1053082.38690749,1063024.8778150387
2013-11-08 00:00:00+00:00,1044870.4798675021,1062772.3913696306,1070404.3159659947
2013-11-11 00:00:00+00:00,1046594.1459058356,1065169.1731284156,1072272.220794818
2013-11-12 00:00:00+00:00,1043372.4577486862,1060689.3706401011,1068829.5962913528
2013-11-13 00:00:00+00:00,1048076.5978836559,1067230.5433588985,1073667.317154319
2013-11-14 00:00:00+00:00,1053361.3467553002,1074579.0606549543,1079349.7805837106
2013-11-15 00:00:00+00:00,1057673.2043326006,1080574.7589850929,1083827.5362716282
2013-11-18 00:00:00+00:00,1054670.3468835144,1076399.243660117,1080579.1864194022
2013-11-19 00:00:00+00:00,1049927.2441372147,1069803.892884763,1075547.3712138906
2013-11-20 00:00:00+00:00,1047956.1476160506,1067063.0555754085,1073505.4183477894
2013-11-21 00:00:00+00:00,1054937.714749669,1076771.0224213346,1080731.0876583506
2013-11-22 00:00:00+00:00,1058167.6692057382,1081262.319314031,1084134.9162620748
2013-11-25 00:00:00+00:00,1058718.2715944978,1082027.9396444047,1084554.7919362565
2013-11-26 00:00:00+00:00,1057734.287850788,1080659.6964723428,1083626.578713859
2013-11-27 00:00:00+00:00,1056934.2718993695,1079547.2630911348,1082794.4909901
2013-11-29 00:00:00+00:00,1055635.4217424812,1077741.1937632065,1081388.736180909
2013-12-02 00:00:00+00:00,1052610.0125674345,1073534.3199475433,1078471.75983431
2013-12-03 00:00:00+00:00,1052367.463532107,1073197.0521180714,1078226.0091213444
2013-12-04 00:00:00+00:00,1051611.9057190288,1072146.438400669,1077465.452187115
2013-12-05 00:00:00+00:00,1051411.1428070916,1071867.2747608048,1077482.976150896
2013-12-06 00:00:00+00:00,1058818.5820354708,1082167.4227169913,1085199.712848787
2013-12-09 00:00:00+00:00,1057370.2089541196,1080153.439669176,1083700.5021306332
2013-12-10 00:00:00+00:00,1053913.0747366997,1075346.2461376525,1080028.699625154
2013-12-11 00:00:00+00:00,1045225.7778058761,1063266.4381273496,1070935.8177793645
2013-12-12 00:00:00+00:00,1046199.0837668045,1064619.8336929576,1071956.1454257402
2013-12-13 00:00:00+00:00,1046429.0506403759,1064939.6058503496,1072049.0406024102
2013-12-16 00:00:00+00:00,1050764.001869616,1070967.4162268373,1076465.72187067
2013-12-17 00:00:00+00:00,1051699.0123303053,1072267.5613632002,1077446.0402769558
2013-12-18 00:00:00+00:00,1060321.3644396374,1084257.062689948,1086342.0068411548
2013-12-19 00:00:00+00:00,1058673.505825889,1081965.6922164033,1084682.940372865
2013-12-20 00:00:00+00:00,1067270.801731269,1093920.3525407522,1093688.0478225513
2013-12-23 00:00:00+00:00,1070980.466447568,1099078.6932665638,1097500.2406933985
2013-12-24 00:00:00+00:00,1074270.8641087026,1103654.0372821488,1100957.9014761788
2013-12-26 00:00:00+00:00,1075373.6832804363,1105187.522780654,1102152.6584244277
2013-12-27 00:00:00+00:00,1074883.7678777983,1104506.2885541408,1101541.0702623306
2013-12-30 00:00:00+00:00,1075389.4504874053,1105209.4473026958,1102026.853687377
2013-12-31 00:00:00+00:00,1077797.9949985826,1108558.562166729,1102026.853687377
2014-01-02 00:00:00+00:00,1070377.7308818577,1098240.5810237406,1094287.7683315962
2014-01-03 00:00:00+00:00,1070625.139601981,1098584.6063129606,1094769.5167654692
2014-01-06 00:00:00+00:00,1069517.0168881675,1097043.7461649405,1093380.4022829384
2014-01-07 00:00:00+00:00,1075888.7527652523,1105903.7341106092,1099716.8879551364
2014-01-08 00:00:00+00:00,1076909.1144752984,1107322.5613541778,1100646.9164977202
2014-01-09 00:00:00+00:00,1080907.8841308705,1112882.9065457121,1104655.3170513269
2014-01-10 00:00:00+00:00,1085986.783046687,1119945.1865961514,1110039.9315222944
2014-01-13 00:00:00+00:00,1077424.8973086588,1108039.7646052716,1101236.396102673
2014-01-14 00:00:00+00:00,1083445.4245085013,1116411.3919680775,1107262.0028927648
2014-01-15 00:00:00+00:00,1083981.7831045184,1117157.2061052201,1107901.123182378
2014-01-16 00:00:00+00:00,1085880.8399657542,1119797.8712588402,1109859.9033263638
2014-01-17 00:00:00+00:00,1082910.3766609174,1115667.400444983,1106927.4979373931
2014-01-21 00:00:00+00:00,1086830.3080771065,1121118.1199608669,1111140.4786659745
2014-01-22 00:00:00+00:00,1086830.3080771065,1121118.1199608669,1114495.122724332
2014-01-23 00:00:00+00:00,1082016.3998529566,1114365.0458470425,1109501.30288797
2014-01-24 00:00:00+00:00,1068422.5816884297,1095295.2885354315,1095363.1173783417
2014-01-27 00:00:00+00:00,1064960.842292358,1090439.0715873935,1091783.1704966577
2014-01-28 00:00:00+00:00,1070433.6465225958,1098116.4619439107,1097569.4965466033
2014-01-29 00:00:00+00:00,1063950.9222320707,1089022.3297845598,1090890.3017289354
2014-01-30 00:00:00+00:00,1072001.5698071094,1100315.9850033645,1099163.5487973103
2014-01-31 00:00:00+00:00,1071883.4695790648,1100150.310969771,1099194.0926866012
2014-02-03 00:00:00+00:00,1056200.4878903662,1078149.8214011863,1082946.877791726
2014-02-04 00:00:00+00:00,1058487.8003228917,1081358.5220367378,1085373.4928920493
2014-02-05 00:00:00+00:00,1055190.1110116844,1076732.438761774,1081940.070208792
2014-02-06 00:00:00+00:00,1061991.8444259774,1086274.085114475,1088834.4735877728
2014-02-07 00:00:00+00:00,1069344.559592937,1096588.662823128,1096481.46260411
2014-02-10 00:00:00+00:00,1070741.7024779643,1098548.6107512712,1097939.1941450161
2014-02-11 00:00:00+00:00,1077533.116698965,1108075.7810745481,1104959.1056025883
2014-02-12 00:00:00+00:00,1080139.5363756665,1111732.1335492788,1107722.2510379858
2014-02-13 00:00:00+00:00,1088262.8509507452,1123127.7279023689,1116120.6024025874
2014-02-14 00:00:00+00:00,1091384.5425431037,1127506.9170564003,1119285.05352312
2014-02-18 00:00:00+00:00,1094008.1815522688,1131187.4252530315,1122110.2013104311
2014-02-19 00:00:00+00:00,1087487.2079437203,1122039.6359678297,1115368.8744064409
2014-02-20 00:00:00+00:00,1092743.982518973,1129413.974375085,1120892.2671445212
2014-02-21 00:00:00+00:00,1092908.4850656947,1129644.7427732756,1121063.489535829
2014-02-24 00:00:00+00:00,1096079.239523164,1134092.7585747843,1124401.7330215583
2014-02-25 00:00:00+00:00,1095234.920842799,1132908.326641581,1123428.920827854
2014-02-26 00:00:00+00:00,1094909.927225955,1132452.417247618,1123069.5119948303
2014-02-27 00:00:00+00:00,1096290.1558603803,1134388.6374305321,1124461.96832821
2014-02-28 00:00:00+00:00,1098171.4798355997,1137027.8070293702,1126351.803656446
2014-03-03 00:00:00+00:00,1093750.9979770766,1130826.6415273633,1121835.9694012285
2014-03-04 00:00:00+00:00,1107100.4680761301,1149553.6210960513,1135624.4151998349
2014-03-05 00:00:00+00:00,1105513.1421110039,1147326.8794578286,1133987.4448671788
2014-03-06 00:00:00+00:00,1106289.4859323269,1148415.9545126674,1134801.5880766432
2014-03-07 00:00:00+00:00,1105427.6883967323,1147207.0027923617,1133821.1641870532
2014-03-10 00:00:00+00:00,1103611.0587041662,1144658.5879950603,1131872.364136599
2014-03-11 00:00:00+00:00,1099266.8733877887,1138564.4532422386,1127355.2133270095
2014-03-12 00:00:00+00:00,1101997.0111660976,1142394.3606479056,1130179.4644141635
2014-03-13 00:00:00+00:00,1099353.9198946708,1138686.564318095,1127571.0254661436
2014-03-14 00:00:00+00:00,1104050.8845535447,1145275.5869945693,1132491.486772383
2014-03-17 00:00:00+00:00,1108598.7125060172,1151655.3968683635,1137172.6936516673
2014-03-18 00:00:00+00:00,1113109.9097292735,1157983.8202142632,1141798.3379680314
2014-03-19 00:00:00+00:00,1108505.3911978188,1151524.483340037,1137126.1727842027
2014-03-20 00:00:00+00:00,1110378.0614418,1154151.5132624018,1138998.943755492
2014-03-21 00:00:00+00:00,1109777.5325770082,1153309.0759448214,1138289.8897960088
2014-03-24 00:00:00+00:00,1106992.4320403317,1149402.0653698638,1135382.7337494828
2014-03-25 00:00:00+00:00,1108876.7287833798,1152045.4052437746,1137362.0286895637
2014-03-26 00:00:00+00:00,1105109.9458239384,1146761.2653492524,1133485.1864335872
2014-03-27 00:00:00+00:00,1105202.704091541,1146891.389029768,1133586.1964316668
2014-03-28 00:00:00+00:00,1107723.5099891205,1150427.640295947,1136175.1713980876
2014-03-31 00:00:00+00:00,1116527.9286428543,1162778.704946396,1136175.1713980876
2014-04-01 00:00:00+00:00,1121648.9426462995,1169962.5949361778,1141295.7994563126
2014-04-02 00:00:00+00:00,1124054.0270167016,1173336.5090714428,1143574.2569417155
2014-04-03 00:00:00+00:00,1122164.9441806104,1170686.4551432682,1141862.5807029165
2014-04-04 00:00:00+00:00,1115914.6664513168,1161918.4049909702,1135838.3807619624
2014-04-07 00:00:00+00:00,1106086.178735871,1148130.7499550376,1126171.144952351
2014-04-08 00:00:00+00:00,1112333.1395523236,1156894.1470567991,1132959.3076059222
2014-04-09 00:00:00+00:00,1120244.9342961947,1167993.0159572682,1140457.7741042972
2014-04-10 00:00:00+00:00,1108657.6923193245,1151738.1352655115,1128707.47270792
2014-04-11 00:00:00+00:00,1102765.7731101445,1143472.799650542,1122561.5227691997
2014-04-14 00:00:00+00:00,1105537.2185860048,1147360.6545554232,1125403.8227162734
2014-04-15 00:00:00+00:00,1110454.2801970812,1154258.4348901748,1131010.1801437766
2014-04-16 00:00:00+00:00,1118677.7396542565,1165794.515056336,1139631.756797569
2014-04-17 00:00:00+00:00,1118316.421282684,1165287.6483633497,1139172.7913931997
2014-04-21 00:00:00+00:00,1119639.8500320634,1167144.188208478,1140323.0346477162
2014-04-22 00:00:00+00:00,1124155.951721957,1173479.4916661598,1144646.7842870129
2014-04-23 00:00:00+00:00,1124365.9547343086,1173774.0892863267,1145037.7867928692
2014-04-24 00:00:00+00:00,1124365.9547343086,1173774.0892863267,1145169.5064131152
2014-04-25 00:00:00+00:00,1121567.3701727807,1169841.2601528135,1142374.5714987642
2014-04-28 00:00:00+00:00,1121584.9397475654,1169865.9505397065,1142504.3335825633
2014-04-29 00:00:00+00:00,1123234.650833948,1172184.276707726,1144160.3686135279
2014-04-30 00:00:00+00:00,1125750.459368609,1175719.7228884385,1146727.2397778975
2014-05-01 00:00:00+00:00,1127790.3474684986,1178586.361781055,1148837.0128243158
2014-05-02 00:00:00+00:00,1124009.6053038742,1173273.3142013105,1144850.1081251034
2014-05-05 00:00:00+00:00,1125408.6062561916,1175239.3193664658,1146424.6296896434
2014-05-06 00:00:00+00:00,1119738.0695731558,1167270.5582376176,1140701.6852251347
2014-05-07 00:00:00+00:00,1128189.0677641663,1179146.6803136736,1149369.1088364013
2014-05-08 00:00:00+00:00,1122485.3310433684,1171131.263429792,1143448.8268088526
2014-05-09 00:00:00+00:00,1119300.8692856648,1166656.1640715585,1140003.8509592817
2014-05-12 00:00:00+00:00,1124528.584873481,1174002.6321569323,1145172.9159600297
2014-05-13 00:00:00+00:00,1124239.1988068228,1173595.960166587,1144938.7414265329
2014-05-14 00:00:00+00:00,1123924.4501280517,1173153.6462945594,1144873.8478232385
2014-05-15 00:00:00+00:00,1118378.3875023867,1165359.8075911133,1139236.5984608473
2014-05-16 00:00:00+00:00,1121715.2699274183,1170049.102528518,1142662.8466595076
2014-05-19 00:00:00+00:00,1119832.0694678552,1167402.6555590646,1140602.360431389
2014-05-20 00:00:00+00:00,1116911.9456473473,1163299.0282495187,1137721.2465328006
2014-05-21 00:00:00+00:00,1121481.1777337317,1169720.1345881117,1142401.439533471
2014-05-22 00:00:00+00:00,1125731.5266752364,1175693.1169215883,1146741.6744234548
2014-05-23 00:00:00+00:00,1128155.7420664888,1179099.8479697374,1149147.2626974895
2014-05-27 00:00:00+00:00,1130580.6996515638,1182507.6220170972,1151529.140983004
2014-05-28 00:00:00+00:00,1131405.8569112262,1183667.2091009184,1152449.889799241
2014-05-29 00:00:00+00:00,1134181.8696671836,1187568.3182514934,1155332.2745575705
2014-05-30 00:00:00+00:00,1138933.6606371705,1194245.9731703522,1160351.5093559758
2014-06-02 00:00:00+00:00,1141565.745249033,1197944.8212186496,1163016.761706341
2014-06-03 00:00:00+00:00,1141624.4954708477,1198027.382448755,1163079.652140302
2014-06-04 00:00:00+00:00,1143895.7712419184,1201219.1886373209,1165355.8581240356
2014-06-05 00:00:00+00:00,1151753.3242247985,1212261.3467746906,1173283.60166289
2014-06-06 00:00:00+00:00,1154226.176788813,1215736.4272637106,1175736.9092370763
2014-06-09 00:00:00+00:00,1154060.714220546,1215503.904002512,1175461.2444217019
2014-06-10 00:00:00+00:00,1151313.1459127048,1211642.767613803,1172647.603726513
2014-06-11 00:00:00+00:00,1144418.8666498251,1201954.2905485167,1165834.4234404592
2014-06-12 00:00:00+00:00,1141882.3903918425,1198389.8001768505,1163293.6812843832
2014-06-13 00:00:00+00:00,1145747.909932417,1203821.9847441225,1167305.966519505
2014-06-16 00:00:00+00:00,1150986.8138258364,1211184.1756684037,1172770.2780950016
2014-06-17 00:00:00+00:00,1154656.2590052881,1216340.818459893,1176416.716758359
2014-06-18 00:00:00+00:00,1160156.278514443,1224069.953129558,1182089.9238971309
2014-06-19 00:00:00+00:00,1162841.6195464456,1227843.642011166,1184955.6064234343
2014-06-20 00:00:00+00:00,1164266.281968152,1229845.7090398103,1186416.1560804197
2014-06-23 00:00:00+00:00,1163226.3337565379,1228384.2779005822,1185359.5750957387
2014-06-24 00:00:00+00:00,1159659.5054803714,1223371.841845733,1181759.814982246
2014-06-25 00:00:00+00:00,1166400.8727440976,1232845.432867053,1188676.5200198423
2014-06-26 00:00:00+00:00,1167545.73250206,1234454.2953869845,1189887.375765577
2014-06-27 00:00:00+00:00,1169805.373508026,1237629.7513305745,1192233.7981122213
2014-06-30 00:00:00+00:00,1173479.589543138,1242793.098568444,1192233.7981122213
2014-07-01 00:00:00+00:00,1175396.1948691432,1245486.4891370835,1193728.9577138259
2014-07-02 00:00:00+00:00,1168969.4978627819,1236455.101782799,1187072.7860559896
2014-07-03 00:00:00+00:00,1167922.7900547036,1234984.1714351955,1185626.1276131563
2014-07-07 00:00:00+00:00,1164020.063799935,1229499.7005616406,1181836.3492773594
2014-07-08 00:00:00+00:00,1160780.4874896267,1224947.1491509865,1179140.5755611497
2014-07-09 00:00:00+00:00,1163819.2384749155,1229217.4822932198,1182296.157558344
2014-07-10 00:00:00+00:00,1162456.3538568837,1227302.2311319374,1180833.5428037755
2014-07-11 00:00:00+00:00,1160971.7284818925,1225215.8986310787,1179235.6319316174
2014-07-14 00:00:00+00:00,1161497.382561065,1225954.5962231182,1179690.944097487
2014-07-15 00:00:00+00:00,1161497.382561065,1225954.5962231182,1179505.8573854147
2014-07-16 00:00:00+00:00,1163954.5259604254,1229401.587602235,1182038.307603271
2014-07-17 00:00:00+00:00,1155226.513054416,1217157.5381700103,1173230.0843945537
2014-07-18 00:00:00+00:00,1165032.6832413897,1230914.0751736904,1183118.472388434
2014-07-21 00:00:00+00:00,1162928.1798360278,1227961.7830537057,1181002.7274366221
2014-07-22 00:00:00+00:00,1167525.6876817476,1234411.374035552,1185695.929627895
2014-07-23 00:00:00+00:00,1169671.1350947767,1237421.104252756,1187895.5847065824
2014-07-24 00:00:00+00:00,1171951.9424340005,1240620.7234682147,1190138.3369741994
2014-07-25 00:00:00+00:00,1167364.9743064204,1234185.918077464,1185590.5789376898
2014-07-28 00:00:00+00:00,1168587.3325524428,1235900.6972545069,1186755.9925451116
2014-07-29 00:00:00+00:00,1163307.057721721,1228493.2900085147,1181434.5999841138
2014-07-30 00:00:00+00:00,1154800.5838745446,1216560.0255415195,1172936.3580819797
2014-07-31 00:00:00+00:00,1136967.508173625,1191542.9841184563,1154912.1279461968
2014-08-01 00:00:00+00:00,1134622.3743317286,1188253.1247891248,1152573.8230478994
2014-08-04 00:00:00+00:00,1138349.6739958408,1193481.9485577836,1156379.4125864233
2014-08-05 00:00:00+00:00,1128311.8951232212,1179400.5004630547,1146237.242647068
2014-08-06 00:00:00+00:00,1126298.2820028649,1176575.7133266784,1144255.3745244294
2014-08-07 00:00:00+00:00,1127706.783730134,1178551.6229592345,1145522.0604543763
2014-08-08 00:00:00+00:00,1138478.3189784,1193662.4175308046,1156343.6482077283
2014-08-11 00:00:00+00:00,1144229.0368404984,1201729.7834401554,1162239.7374209627
2014-08-12 00:00:00+00:00,1141964.3491428094,1198552.7775835346,1159983.4928726298
2014-08-13 00:00:00+00:00,1148701.2304031244,1208003.5779041355,1166817.2835061306
2014-08-14 00:00:00+00:00,1155609.90097418,1217695.3720036515,1173772.9352942046
2014-08-15 00:00:00+00:00,1159673.3043644298,1223395.6972104385,1177841.5058244413
2014-08-18 00:00:00+00:00,1163263.0827557126,1228431.5999464823,1181513.6817503013
2014-08-19 00:00:00+00:00,1168713.9465690227,1236078.3170970199,1186976.0022852896
2014-08-20 00:00:00+00:00,1170207.5434527816,1238173.6020460106,1188529.4460889879
2014-08-21 00:00:00+00:00,1171243.5488615467,1239626.9570735039,1189541.9994827583
2014-08-22 00:00:00+00:00,1169120.5565277599,1236648.7278523692,1187384.3992429725
2014-08-25 00:00:00+00:00,1174318.3757079435,1243940.4625997036,1192635.0412389734
2014-08-26 00:00:00+00:00,1172559.0095378389,1241472.3445311207,1190836.073025968
2014-08-27 00:00:00+00:00,1176644.9766441034,1247204.3231345324,1194941.2834181604
2014-08-28 00:00:00+00:00,1178956.28357181,1250446.7285457803,1197249.8968881783
2014-08-29 00:00:00+00:00,1182940.271585273,1256035.6462867986,1201234.6727495966
2014-09-02 00:00:00+00:00,1183675.347302516,1257066.843595427,1202062.0680402447
2014-09-03 00:00:00+00:00,1185984.1651565966,1260305.7572221358,1204372.2645632331
2014-09-04 00:00:00+00:00,1181952.1100441753,1254649.4087907593,1200337.5870800668
2014-09-05 00:00:00+00:00,1188878.7500514202,1264366.41122433,1207287.6773332523
2014-09-08 00:00:00+00:00,1186926.53814296,1261627.7604722322,1205323.5096490928
2014-09-09 00:00:00+00:00,1180940.1941402894,1253229.8476052,1199322.7465137455
2014-09-10 00:00:00+00:00,1181407.7784922258,1253885.7959843434,1199863.239674383
2014-09-11 00:00:00+00:00,1183426.7166016714,1256718.0532551405,1201828.3002815214
2014-09-12 00:00:00+00:00,1172221.5349928718,1240998.9200466257,1190574.213986275
2014-09-15 00:00:00+00:00,1169833.83437837,1237649.3461323637,1188159.5793666756
2014-09-16 00:00:00+00:00,1176853.9492913592,1247497.4793718725,1195248.765486821
2014-09-17 00:00:00+00:00,1176818.6775510006,1247447.9985865941,1195151.6468146548
2014-09-18 00:00:00+00:00,1178139.4486555082,1249300.8357519829,1196584.696240505
2014-09-19 00:00:00+00:00,1178837.336817097,1250279.8646833876,1197271.6734273962
2014-09-22 00:00:00+00:00,1167504.7639387823,1234382.0212669512,1185817.1379073202
2014-09-23 00:00:00+00:00,1162784.8632915027,1227760.7321530576,1181040.4791772845
2014-09-24 00:00:00+00:00,1165279.5568887144,1231260.4006401978,1183603.8446970521
2014-09-25 00:00:00+00:00,1154417.0527748507,1216021.990848627,1172561.1493833004
2014-09-26 00:00:00+00:00,1159701.4029885167,1223435.1152252837,1177926.397947528
2014-09-29 00:00:00+00:00,1163603.7114054644,1228909.4491511649,1181836.8045137464
2014-09-30 00:00:00+00:00,1159241.3353875377,1222789.7116827802,1181836.8045137464
2014-10-01 00:00:00+00:00,1152838.9318424058,1213808.1317589385,1175550.8512163432
2014-10-02 00:00:00+00:00,1152082.2016564468,1212746.5565867296,1175045.953876108
2014-10-03 00:00:00+00:00,1158116.6969972597,1221212.01831864,1181285.0913967113
2014-10-06 00:00:00+00:00,1155274.9398174053,1217225.4734132632,1178506.0527051012
2014-10-07 00:00:00+00:00,1144686.5218189433,1202371.5639635003,1167991.1236237646
2014-10-08 00:00:00+00:00,1155057.7889178866,1216920.8443554705,1178833.9619576598
2014-10-09 00:00:00+00:00,1131632.6253273534,1184058.9702898448,1155204.3918242545
2014-10-10 00:00:00+00:00,1127512.7944918582,1178279.4861225516,1151103.0342627203
2014-10-13 00:00:00+00:00,1110964.5607759878,1155064.8788786025,1134351.6522507814
2014-10-14 00:00:00+00:00,1111463.6519538374,1155765.026451548,1134955.3360018218
2014-10-15 00:00:00+00:00,1112729.8899156605,1157541.3620693432,1135944.4312445666
2014-10-16 00:00:00+00:00,1112729.8899156605,1157541.3620693432,1147548.6890642326
2014-10-17 00:00:00+00:00,1118753.9619069784,1165889.4774575345,1153514.2158413595
2014-10-20 00:00:00+00:00,1129194.295281281,1180357.6159235877,1164091.0813601515
2014-10-21 00:00:00+00:00,1143269.7572966628,1199863.2893643861,1177977.7610432156
2014-10-22 00:00:00+00:00,1136711.3384242742,1190774.6799338053,1171753.4958939892
2014-10-23 00:00:00+00:00,1145598.184224506,1203090.0065574446,1180665.0310782292
2014-10-24 00:00:00+00:00,1151217.5571445941,1210877.2929002678,1186346.5031598662
2014-10-27 00:00:00+00:00,1146426.5999351956,1204238.0190566636,1181798.9246182868
2014-10-28 00:00:00+00:00,1159789.190484331,1222755.8003763603,1195234.1092428411
2014-10-29 00:00:00+00:00,1159310.8589538317,1222092.9320015842,1194628.429145949
2014-10-30 00:00:00+00:00,1164994.9337226236,1229969.8816982957,1200782.7873733868
2014-10-31 00:00:00+00:00,1172160.2518509794,1239899.5277275636,1207860.2090957565
2014-11-03 00:00:00+00:00,1174131.1775619243,1242630.8223203626,1210021.4349115642
2014-11-04 00:00:00+00:00,1165236.5622170013,1230304.7287178943,1201328.0802395516
2014-11-05 00:00:00+00:00,1174308.8513814122,1242877.0414141393,1210703.4130957795
2014-11-06 00:00:00+00:00,1171788.7966365046,1239384.767778404,1207923.4616861995
2014-11-07 00:00:00+00:00,1177244.0065410049,1246944.5582017605,1213389.108470141
2014-11-10 00:00:00+00:00,1177442.1671388834,1247219.1677248313,1213791.335551966
2014-11-11 00:00:00+00:00,1177400.2087070846,1247161.0220335668,1213680.1683636531
2014-11-12 00:00:00+00:00,1172704.8371938425,1240654.2101562414,1208835.2284837104
2014-11-13 00:00:00+00:00,1166420.2576854357,1231945.085335347,1202563.7828821666
2014-11-14 00:00:00+00:00,1167151.5881408982,1232958.5577901744,1203004.7347149383
2014-11-17 00:00:00+00:00,1171207.9442364394,1238579.8267242073,1207249.9226689301
2014-11-18 00:00:00+00:00,1176377.7794072605,1245744.1469059954,1212390.2292684047
2014-11-19 00:00:00+00:00,1176469.9708769885,1245871.9051778426,1212292.0868788857
2014-11-20 00:00:00+00:00,1179018.2620228846,1249403.308613809,1214705.4695271146
2014-11-21 00:00:00+00:00,1181612.831875024,1252998.8447461121,1217347.6888384558
2014-11-24 00:00:00+00:00,1181816.8270343156,1253281.5397621833,1217607.9601386096
2014-11-25 00:00:00+00:00,1182189.7355900798,1253798.3137411878,1218121.7324175416
2014-11-26 00:00:00+00:00,1184652.4357268664,1257211.1057758846,1220832.0589090965
2014-11-28 00:00:00+00:00,1174403.5682017822,1243008.2992986385,1211223.1914446643
2014-12-01 00:00:00+00:00,1165782.8691362836,1231061.7968947205,1202755.0750653432
2014-12-02 00:00:00+00:00,1172572.1042846283,1240470.2698508252,1209655.8787523578
2014-12-03 00:00:00+00:00,1181226.9783842284,1252464.1317697836,1218156.1356788517
2014-12-04 00:00:00+00:00,1184114.373942166,1256465.4636469178,1221060.268785745
2014-12-05 00:00:00+00:00,1181351.362772956,1252636.5027559008,1218261.149600258
2014-12-08 00:00:00+00:00,1166991.0979991877,1232736.1517127578,1204569.0068080071
2014-12-09 00:00:00+00:00,1171894.9244239633,1239531.8388985496,1209660.1071482908
2014-12-10 00:00:00+00:00,1153119.3708264148,1213512.812543054,1190907.6422464713
2014-12-11 00:00:00+00:00,1158413.7357739373,1220849.7051885624,1196500.8835354303
2014-12-12 00:00:00+00:00,1147230.453402096,1205351.993376119,1185055.552332044
2014-12-15 00:00:00+00:00,1138813.926035433,1193688.4306354958,1176658.0979361641
2014-12-16 00:00:00+00:00,1136114.302294623,1189947.311584219,1173900.23796551
2014-12-17 00:00:00+00:00,1158552.3704807698,1221041.8241624248,1196295.398635415
2014-12-18 00:00:00+00:00,1177793.9610325336,1247706.6811578195,1215459.854563105
2014-12-19 00:00:00+00:00,1181522.483614075,1252873.640779657,1219148.796021822
2014-12-22 00:00:00+00:00,1184263.6217578142,1256672.2901902033,1222014.5722771978
2014-12-23 00:00:00+00:00,1189231.8333101436,1263557.2018200054,1226985.9186983004
2014-12-24 00:00:00+00:00,1195545.040251726,1272305.9983307074,1233649.5400648399
2014-12-26 00:00:00+00:00,1202000.6836716079,1281252.1822826692,1240359.9718873133
2014-12-29 00:00:00+00:00,1209355.152148692,1291443.9514969147,1248138.8924123452
2014-12-30 00:00:00+00:00,1199229.6091385516,1277412.047240364,1237649.1463336863
2014-12-31 00:00:00+00:00,1189961.7577101989,1264568.7257734209,1237649.1463336863
2015-01-02 00:00:00+00:00,1192918.7490532398,1268666.5029861045,1240150.5459078471
2015-01-05 00:00:00+00:00,1172661.427027924,1240594.052662335,1221339.0616370745
2015-01-06 00:00:00+00:00,1160938.7863543644,1224348.9020170209,1210882.1069997628
2015-01-07 00:00:00+00:00,1168905.845796728,1235389.5953595452,1217823.9254572028
2015-01-08 00:00:00+00:00,1182005.9142526193,1253543.5754614754,1231135.6989293713
2015-01-09 00:00:00+00:00,1174242.73485835,1242785.417614758,1222295.8442989737
2015-01-12 00:00:00+00:00,1166336.1915686177,1231828.5871187842,1214552.2059979
2015-01-13 00:00:00+00:00,1165234.2067539687,1230301.464534263,1214130.692726853
2015-01-14 00:00:00+00:00,1170426.8391004414,1237497.3768771575,1219012.7505031675
2015-01-15 00:00:00+00:00,1168153.43323097,1234346.907468775,1217550.1357754902
2015-01-16 00:00:00+00:00,1180262.3464904553,1251127.3518694183,1229091.431214747
2015-01-20 00:00:00+00:00,1183411.0488630738,1255490.800840077,1231905.4000714314
2015-01-21 00:00:00+00:00,1190762.5781301688,1265678.4969183812,1238777.8619046854
2015-01-22 00:00:00+00:00,1190762.5781301688,1265678.4969183812,1244948.4695555656
2015-01-23 00:00:00+00:00,1189095.5669755256,1263299.902294283,1243342.4683944387
2015-01-26 00:00:00+00:00,1192004.4384951387,1267450.4600991737,1246244.2187042586
2015-01-27 00:00:00+00:00,1189685.2288412987,1264141.2683163742,1243846.261450944
2015-01-28 00:00:00+00:00,1174730.7669069627,1242803.3170589902,1228419.7826106297
2015-01-29 00:00:00+00:00,1184133.9195297188,1256220.3168287664,1238365.1505907197
2015-01-30 00:00:00+00:00,1172362.5864525158,1239424.2507089227,1225729.1559775127
2015-02-02 00:00:00+00:00,1182106.7638988188,1253327.845790142,1235620.7842785874
2015-02-03 00:00:00+00:00,1193519.417464064,1269612.1257971325,1247166.8657790916
2015-02-04 00:00:00+00:00,1184859.0027784565,1257254.91045621,1238193.4943778056
2015-02-05 00:00:00+00:00,1195326.2409874294,1272190.2133566553,1248920.8543698932
2015-02-06 00:00:00+00:00,1181952.9574771677,1253108.3852744328,1234469.713128426
2015-02-09 00:00:00+00:00,1176571.557087408,1245429.8703457536,1228761.6657349928
2015-02-10 00:00:00+00:00,1188194.6578219484,1262014.429390559,1241158.9649047588
2015-02-11 00:00:00+00:00,1180736.6556700547,1251372.8906248487,1233183.5214839797
2015-02-12 00:00:00+00:00,1186419.5762388608,1259481.6331947404,1238779.3657612682
2015-02-13 00:00:00+00:00,1184605.8569395335,1256893.7063155547,1236551.4866385898
2015-02-17 00:00:00+00:00,1187817.2959398988,1261475.98611651,1239800.8788194098
2015-02-18 00:00:00+00:00,1193856.7067485848,1270093.3910104411,1246546.4520220442
2015-02-19 00:00:00+00:00,1191041.6076622363,1266076.6335133836,1243538.6751858336
2015-02-20 00:00:00+00:00,1193773.0938123823,1269974.0869014063,1246409.8302224004
2015-02-23 00:00:00+00:00,1194457.3599537145,1270950.4401553674,1247292.035456459
2015-02-24 00:00:00+00:00,1196983.5113488266,1274554.9092144587,1250115.77974051
2015-02-25 00:00:00+00:00,1194196.2364928098,1270577.8530502338,1247069.5457616318
2015-02-26 00:00:00+00:00,1186271.1389692454,1259269.8337172503,1238922.467592247
2015-02-27 00:00:00+00:00,1186129.7985768057,1259068.1605030743,1238777.8493430447
2015-03-02 00:00:00+00:00,1183615.5705202757,1255480.704400959,1235979.37228705
2015-03-03 00:00:00+00:00,1186250.710328642,1259240.6848692768,1238829.4909140994
2015-03-04 00:00:00+00:00,1181258.5292677681,1252117.532153205,1233479.3092012643
2015-03-05 00:00:00+00:00,1182594.7857598313,1254024.1855667615,1234897.8178271144
2015-03-06 00:00:00+00:00,1171037.7261533854,1237533.8580883243,1222334.308352693
2015-03-09 00:00:00+00:00,1172204.4637725125,1239198.6314888257,1223562.6419015392
2015-03-10 00:00:00+00:00,1163991.0544861208,1227479.2310998635,1215188.0838146717
2015-03-11 00:00:00+00:00,1162482.9860614152,1225327.4257938312,1213524.9150076122
2015-03-12 00:00:00+00:00,1173819.5870730341,1241503.1893132743,1225506.919690238
2015-03-13 00:00:00+00:00,1167234.136600961,1232106.6612537545,1218679.203730613
2015-03-16 00:00:00+00:00,1177456.7739987315,1246692.952587627,1229556.1505708073
2015-03-17 00:00:00+00:00,1179851.1875077467,1250109.4498825301,1231971.7768246066
2015-03-18 00:00:00+00:00,1195867.321701445,1272962.2607865576,1248745.6266158079
2015-03-19 00:00:00+00:00,1188774.0392369232,1262841.1266295805,1241462.7435572995
2015-03-20 00:00:00+00:00,1198278.6479222786,1276402.890184775,1251321.2173650763
2015-03-23 00:00:00+00:00,1198313.0998262973,1276452.0482923621,1251191.5600289442
2015-03-24 00:00:00+00:00,1191989.7042989149,1267429.436436656,1244524.0589143545
2015-03-25 00:00:00+00:00,1186087.7393985589,1259008.1478660898,1238263.1920048378
2015-03-26 00:00:00+00:00,1182424.677092303,1253781.4639983017,1234347.588084755
2015-03-27 00:00:00+00:00,1185438.163380241,1258081.2926253136,1237703.0813365078
2015-03-30 00:00:00+00:00,1196081.4014506263,1273267.7230140376,1248781.6465378082
2015-03-31 00:00:00+00:00,1193649.2422946794,1269797.367895433,1248781.6465378082
2015-04-01 00:00:00+00:00,1192758.5813479065,1268526.5177670538,1248306.3978725486
2015-04-02 00:00:00+00:00,1196749.8769865255,1274221.5452554796,1252568.0081304384
2015-04-06 00:00:00+00:00,1202190.5332483787,1281984.6101275801,1257948.671177068
2015-04-07 00:00:00+00:00,1198103.299835233,1276152.6926884772,1252698.3070896303
2015-04-08 00:00:00+00:00,1198615.13975709,1276883.0175475143,1253682.0266453994
2015-04-09 00:00:00+00:00,1198672.689613025,1276965.133241559,1253118.59739564
2015-04-10 00:00:00+00:00,1202574.7106106242,1282532.7781503266,1257059.9115234446
2015-04-13 00:00:00+00:00,1197802.2037236907,1275723.0701330092,1252350.7600242319
2015-04-14 00:00:00+00:00,1201727.7867313083,1281324.334775038,1255755.644096179
2015-04-15 00:00:00+00:00,1208228.9397593806,1290600.5820274574,1261573.615653737
2015-04-16 00:00:00+00:00,1206220.0507613472,1287734.1749504425,1259116.1904158206
2015-04-17 00:00:00+00:00,1200154.7392454373,1279079.8133254228,1252769.9311672947
2015-04-20 00:00:00+00:00,1207351.0924782965,1289348.0152298391,1260422.9129310795
2015-04-21 00:00:00+00:00,1207351.0924782965,1289348.0152298391,1256587.510470475
2015-04-22 00:00:00+00:00,1212535.0148884833,1296712.4489930463,1262020.904876512
2015-04-23 00:00:00+00:00,1216287.9687093908,1302044.0063821261,1265939.1705559194
2015-04-24 00:00:00+00:00,1217861.9209180935,1304280.0095222706,1267537.00302441
2015-04-27 00:00:00+00:00,1209804.3045904837,1292833.1210392544,1259265.4266158785
2015-04-28 00:00:00+00:00,1214238.6656715365,1299132.7057705736,1263852.209329814
2015-04-29 00:00:00+00:00,1210897.3622991438,1294385.9512048778,1260434.1406045752
2015-04-30 00:00:00+00:00,1200787.5463854622,1280023.6471880935,1249890.247396053
2015-05-01 00:00:00+00:00,1207320.4259726398,1289304.4494833278,1256642.5123086264
2015-05-04 00:00:00+00:00,1209670.379133285,1292642.8625668648,1259111.5158219547
2015-05-05 00:00:00+00:00,1195461.8696762912,1272457.8330679068,1244349.4439369524
2015-05-06 00:00:00+00:00,1191165.9127887834,1266354.869434525,1239798.1289664698
2015-05-07 00:00:00+00:00,1194049.5721420802,1270451.4813477888,1242717.3815071168
2015-05-08 00:00:00+00:00,1204209.0561493032,1284884.3453298053,1253345.861798078
2015-05-11 00:00:00+00:00,1201449.000147856,1280963.3280002528,1250453.6338607287
2015-05-12 00:00:00+00:00,1199414.946079159,1278073.6905260757,1248401.6756946533
2015-05-13 00:00:00+00:00,1198577.1765850966,1276883.5303616927,1247558.6972453876
2015-05-14 00:00:00+00:00,1205547.0943443177,1286785.2020325332,1254743.6589450105
2015-05-15 00:00:00+00:00,1211015.6364122066,1294553.9749140756,1260482.8544715538
2015-05-18 00:00:00+00:00,1216610.7504718564,1302502.5597171409,1266203.2326926826
2015-05-19 00:00:00+00:00,1216819.866179758,1302799.6356873868,1266292.1681600409
2015-05-20 00:00:00+00:00,1215660.0686502648,1301151.992954946,1265056.9745616196
2015-05-21 00:00:00+00:00,1216961.678722215,1303001.09878677,1266478.8776568924
2015-05-22 00:00:00+00:00,1214073.581981092,1298898.1829888907,1263456.3725515748
2015-05-26 00:00:00+00:00,1206024.7597723748,1287463.7876917224,1254952.915877129
2015-05-27 00:00:00+00:00,1209957.295946627,1293050.4650925614,1258982.204033305
2015-05-28 00:00:00+00:00,1209607.5893401436,1292553.661526416,1258587.458622906
2015-05-29 00:00:00+00:00,1206126.314680259,1287608.059602693,1254945.575072029
2015-06-01 00:00:00+00:00,1206833.3263726528,1288612.461359983,1255675.403630259
2015-06-02 00:00:00+00:00,1202911.319850504,1283040.7426948904,1251684.4836466257
2015-06-03 00:00:00+00:00,1198293.5801894872,1276480.644919803,1246871.1128579578
2015-06-04 00:00:00+00:00,1189007.2624166957,1263288.2267602594,1237105.8404043582
2015-06-05 00:00:00+00:00,1187775.1367902935,1261537.8325904391,1235911.2624212753
2015-06-08 00:00:00+00:00,1181490.0694723206,1252609.0797469262,1229258.6531252773
2015-06-09 00:00:00+00:00,1181550.8435987304,1252695.4172714967,1229378.2841576927
2015-06-10 00:00:00+00:00,1187727.2027529527,1261469.7360768216,1235808.5626976844
2015-06-11 00:00:00+00:00,1191278.080748797,1266514.2185617902,1239401.8583384475
2015-06-12 00:00:00+00:00,1184817.3723946894,1257335.9448585177,1232587.7140290374
2015-06-15 00:00:00+00:00,1182835.5821931337,1254520.5549824557,1230548.5692152744
2015-06-16 00:00:00+00:00,1187148.748075792,1260647.9662242103,1235009.8278543083
2015-06-17 00:00:00+00:00,1191510.747089224,1266844.7512583511,1239509.7501238352
2015-06-18 00:00:00+00:00,1198664.085109949,1277006.9951869908,1246921.9688733646
2015-06-19 00:00:00+00:00,1195677.1049453565,1272763.6026680504,1243871.0514541883
2015-06-22 00:00:00+00:00,1209395.8616949308,1292252.8749606402,1258348.5017435253
2015-06-23 00:00:00+00:00,1206832.756987623,1288611.65247474,1255733.5654508239
2015-06-24 00:00:00+00:00,1200084.6239595267,1279025.0547638896,1248757.6370366013
2015-06-25 00:00:00+00:00,1195265.376868352,1272178.689563334,1243699.230286486
2015-06-26 00:00:00+00:00,1197835.5831585282,1275830.0007682594,1246303.2633945993
2015-06-29 00:00:00+00:00,1185587.2183777965,1258429.6108708258,1233454.5954806614
2015-06-30 00:00:00+00:00,1186574.5727655157,1259832.2757669822,1233454.5954806614
2015-07-01 00:00:00+00:00,1188084.69928026,1261977.6062352862,1235629.6793252844
2015-07-02 00:00:00+00:00,1188720.9763087365,1262881.5202333154,1236457.502012106
2015-07-06 00:00:00+00:00,1184093.5564922486,1256307.6705425659,1231977.9703589422
2015-07-07 00:00:00+00:00,1193374.2261218964,1269492.0647826188,1241776.1942692793
2015-07-08 00:00:00+00:00,1184304.9929179752,1256608.0433933118,1232098.6721282862
2015-07-09 00:00:00+00:00,1181560.314449145,1252708.8718421943,1228823.1907236255
2015-07-10 00:00:00+00:00,1190397.0780936521,1265262.6400878776,1238278.0920126787
2015-07-13 00:00:00+00:00,1196825.5001634068,1274395.0469390324,1244606.3918585626
2015-07-14 00:00:00+00:00,1198649.2247813435,1276985.8841638975,1246769.3047511682
2015-07-15 00:00:00+00:00,1196452.8190382512,1273865.605090981,1244636.1824825816
2015-07-16 00:00:00+00:00,1203845.0939577834,1284367.2898571983,1252317.0887265536
2015-07-17 00:00:00+00:00,1196550.376918355,1274004.1987058644,1244895.3400730416
2015-07-20 00:00:00+00:00,1191137.4784263526,1266314.4747368132,1239864.0292077938
2015-07-21 00:00:00+00:00,1186807.9468460786,1260163.8139001492,1235348.3292646473
2015-07-22 00:00:00+00:00,1186179.543185334,1259271.085041589,1235464.9488546995
2015-07-23 00:00:00+00:00,1177422.9297623814,1246831.180575307,1225845.281766154
2015-07-24 00:00:00+00:00,1173507.3345139632,1241268.5699556267,1221608.6805107978
2015-07-27 00:00:00+00:00,1173984.3270188756,1241946.1996402591,1221894.7502596807
2015-07-28 00:00:00+00:00,1183561.431587981,1255551.7181379679,1232129.9050921234
2015-07-29 00:00:00+00:00,1189797.1280970904,1264410.33334767,1238278.9280193509
2015-07-30 00:00:00+00:00,1192308.0032265275,1267977.356947808,1242111.1564498441
2015-07-31 00:00:00+00:00,1194235.6199603628,1270715.7863905954,1244076.8414092099
2015-08-03 00:00:00+00:00,1189379.9069676378,1263817.6166498996,1239903.2164371589
2015-08-04 00:00:00+00:00,1189379.9069676378,1263817.6166498996,1234854.2120951866
2015-08-05 00:00:00+00:00,1188273.1602022257,1262281.4013177182,1234145.4387282615
2015-08-06 00:00:00+00:00,1186169.7859146844,1259361.8212197055,1231862.372230765
2015-08-07 00:00:00+00:00,1189648.0172643163,1264189.7660533087,1235737.6178687515
2015-08-10 00:00:00+00:00,1197614.0544209601,1275246.9914269983,1243484.1190514006
2015-08-11 00:00:00+00:00,1195929.836492182,1272909.2196026007,1241979.883331032
2015-08-12 00:00:00+00:00,1201606.659417018,1280788.910501869,1247710.199777938
2015-08-13 00:00:00+00:00,1201471.1889445349,1280600.8712652605,1247822.7896545702
2015-08-14 00:00:00+00:00,1209043.879737887,1291112.1138242444,1255643.5614679696
2015-08-17 00:00:00+00:00,1215919.8424364917,1300656.265793978,1262645.6139670475
2015-08-18 00:00:00+00:00,1210809.4919055067,1293562.864589776,1257504.939257258
2015-08-19 00:00:00+00:00,1204108.5594007624,1284261.6625665035,1250896.7724557542
2015-08-20 00:00:00+00:00,1187211.8390015243,1260808.2387552965,1233615.5061713632
2015-08-21 00:00:00+00:00,1172889.6571489002,1240928.392669548,1218749.111902791
2015-08-24 00:00:00+00:00,1141259.8991480796,1197024.836126551,1186109.7451981541
2015-08-25 00:00:00+00:00,1127687.3195496937,1178185.472391406,1171966.9298212796
2015-08-26 00:00:00+00:00,1144244.4102263094,1201167.4745518232,1189157.9488754058
2015-08-27 00:00:00+00:00,1162341.9444336332,1226287.6830699996,1207355.7189857373
2015-08-28 00:00:00+00:00,1165356.2563125559,1230471.6863750857,1210189.21208765
2015-08-31 00:00:00+00:00,1158815.5387548462,1221392.8700553644,1203245.4651296635
2015-09-01 00:00:00+00:00,1136493.961057155,1190409.4952045649,1180352.5749995494
2015-09-02 00:00:00+00:00,1143007.4461268918,1199450.5115804647,1187295.6082935059
2015-09-03 00:00:00+00:00,1145701.3685911288,1203189.7996656918,1190127.056686094
2015-09-04 00:00:00+00:00,1135066.1242516097,1188427.5921522304,1179205.423124137
2015-09-08 00:00:00+00:00,1150712.9027559082,1210146.0392159545,1195609.8739037954
2015-09-09 00:00:00+00:00,1141153.735327104,1196877.4758679962,1185761.7726598205
2015-09-10 00:00:00+00:00,1139022.2994669364,1193918.9450185914,1183726.931770335
2015-09-11 00:00:00+00:00,1140164.0970394518,1195503.8124805645,1185375.1075712838
2015-09-14 00:00:00+00:00,1139228.7972138184,1194205.573373636,1184603.0120606755
2015-09-15 00:00:00+00:00,1146275.5354992538,1203986.7696999023,1191781.8182038623
2015-09-16 00:00:00+00:00,1155719.5978493365,1217095.561912972,1201208.837605544
2015-09-17 00:00:00+00:00,1158029.6896957317,1220302.0754751405,1203855.4806939468
2015-09-18 00:00:00+00:00,1150425.116670046,1209746.5789136468,1196035.4046035237
2015-09-21 00:00:00+00:00,1154398.3339647553,1215261.5869687623,1200197.4900261962
2015-09-22 00:00:00+00:00,1144958.093136947,1202158.0992040932,1190589.7377060389
2015-09-23 00:00:00+00:00,1140732.1414644464,1196292.2842270457,1186819.8844139639
2015-09-24 00:00:00+00:00,1141598.429333944,1197494.73156983,1187820.3371994393
2015-09-25 00:00:00+00:00,1144828.6306228575,1201978.3992896206,1191396.6361102134
2015-09-28 00:00:00+00:00,1126570.9375732108,1176635.8829438095,1173024.4558117175
2015-09-29 00:00:00+00:00,1122992.060304558,1171668.2369529463,1169477.7343222424
2015-09-30 00:00:00+00:00,1139310.3853811752,1194318.821496454,1169477.7343222424
2015-10-01 00:00:00+00:00,1139892.878270118,1195127.348374369,1170571.3277664701
2015-10-02 00:00:00+00:00,1152292.359664095,1212338.3979331478,1182315.3057651026
2015-10-05 00:00:00+00:00,1167965.4839689503,1234093.4141778431,1198403.0413304204
2015-10-06 00:00:00+00:00,1164061.352547704,1228674.3004875162,1193579.747984019
2015-10-07 00:00:00+00:00,1171493.6939146225,1238990.731597767,1201620.1278175963
2015-10-08 00:00:00+00:00,1179929.8016165416,1250700.4364739282,1209787.0096267336
2015-10-09 00:00:00+00:00,1178038.642970171,1248075.4214307985,1208778.0167047563
2015-10-12 00:00:00+00:00,1179162.2047904963,1249634.9768313463,1209911.6282983404
2015-10-13 00:00:00+00:00,1171497.6964700536,1238996.2873285026,1200515.0631129774
2015-10-14 00:00:00+00:00,1168176.8696146004,1234386.8271608301,1196089.9209063607
2015-10-15 00:00:00+00:00,1179881.7261869835,1250633.705570079,1207452.3782337802
2015-10-16 00:00:00+00:00,1181993.8552237377,1253565.437662017,1209220.5268612355
2015-10-19 00:00:00+00:00,1182094.3576988159,1253704.9397124972,1209819.923591984
2015-10-20 00:00:00+00:00,1182094.3576988159,1253704.9397124972,1210636.0090240198
2015-10-21 00:00:00+00:00,1175726.192533821,1244949.1456728212,1203929.5676912628
2015-10-22 00:00:00+00:00,1180190.7898197914,1251087.6633295133,1208413.9524290864
2015-10-23 00:00:00+00:00,1178965.9116119803,1249403.5390906772,1207122.417678276
2015-10-26 00:00:00+00:00,1176692.8369098527,1246278.215953955,1204327.4353896892
2015-10-27 00:00:00+00:00,1170799.853809733,1238175.76493909,1198180.188369947
2015-10-28 00:00:00+00:00,1180485.8563734759,1251493.3597750547,1208374.8143643253
2015-10-29 00:00:00+00:00,1177860.396556138,1247883.531068598,1205637.4897676753
2015-10-30 00:00:00+00:00,1178837.2201039526,1249226.5970187061,1206674.032197819
2015-11-02 00:00:00+00:00,1182636.2499135733,1254450.0046568236,1210574.0530909048
2015-11-03 00:00:00+00:00,1185580.0078120208,1258497.4715791887,1213720.1801105263
2015-11-04 00:00:00+00:00,1183046.6484895186,1255014.274789908,1210884.2356674895
2015-11-05 00:00:00+00:00,1180284.1500885873,1251216.027350214,1207743.9665386695
2015-11-06 00:00:00+00:00,1171057.4891863046,1238529.9960615798,1198073.2032642728
2015-11-09 00:00:00+00:00,1163144.4631593728,1227650.1233938197,1189669.61736189
2015-11-10 00:00:00+00:00,1167111.818739918,1233104.9675200935,1193709.4383088676
2015-11-11 00:00:00+00:00,1163999.5642277906,1228825.8292124013,1190421.4369817465
2015-11-12 00:00:00+00:00,1149025.3132333672,1208237.2524075333,1174778.812514464
2015-11-13 00:00:00+00:00,1144216.4222396938,1201625.3543161796,1169836.6519044996
2015-11-16 00:00:00+00:00,1158661.6073148455,1221486.501460771,1184897.3110832074
2015-11-17 00:00:00+00:00,1153741.9165041372,1214722.2611558507,1179855.6119515114
2015-11-18 00:00:00+00:00,1165621.8541785902,1231056.367572166,1192196.5882786245
2015-11-19 00:00:00+00:00,1165292.956174084,1230604.1551824263,1191639.161692284
2015-11-20 00:00:00+00:00,1168085.4702913454,1234443.672190878,1194302.7921989395
2015-11-23 00:00:00+00:00,1165035.7078142525,1230250.456181636,1191122.267767902
2015-11-24 00:00:00+00:00,1167053.851338832,1233025.2662856288,1193348.623510649
2015-11-25 00:00:00+00:00,1165920.221811168,1231466.602776698,1192049.3499491918
2015-11-27 00:00:00+00:00,1166624.0259248493,1232434.2855713503,1192724.8118044646
2015-11-30 00:00:00+00:00,1163831.615926315,1228594.911719068,1189868.2298078942
2015-12-01 00:00:00+00:00,1168811.7042239862,1235442.1944612772,1194968.5752738952
2015-12-02 00:00:00+00:00,1156849.4652767642,1218994.92939174,1182337.262371635
2015-12-03 00:00:00+00:00,1143404.711931241,1200509.307841794,1168168.3823271063
2015-12-04 00:00:00+00:00,1151121.714560708,1211119.6616684608,1175697.5055115656
2015-12-07 00:00:00+00:00,1141424.7942831144,1197787.0557184028,1165104.4802421685
2015-12-08 00:00:00+00:00,1136441.0043329392,1190934.6834557282,1159852.3258870658
2015-12-09 00:00:00+00:00,1134726.8135034682,1188577.7876374393,1158442.7857717955
2015-12-10 00:00:00+00:00,1133957.7195066665,1187520.3356934846,1157703.4399173195
2015-12-11 00:00:00+00:00,1118343.377789514,1166051.6776737433,1141471.611969656
2015-12-14 00:00:00+00:00,1116038.7691567948,1162882.9975268985,1139042.2965753917
2015-12-15 00:00:00+00:00,1123411.9567795182,1173020.6291001686,1146830.298857239
2015-12-16 00:00:00+00:00,1135964.5899207066,1190279.6460371055,1159979.1219865263
2015-12-17 00:00:00+00:00,1126572.2069083233,1177365.7581168879,1150124.7348737763
2015-12-18 00:00:00+00:00,1115876.2825197848,1162659.589450789,1139017.761841034
2015-12-21 00:00:00+00:00,1119688.2293855925,1167900.7571627493,1142852.3435798616
2015-12-22 00:00:00+00:00,1126761.1321874133,1177625.5175279176,1150230.301993997
2015-12-23 00:00:00+00:00,1142367.3820390524,1199083.0497828592,1166680.8955095802
2015-12-24 00:00:00+00:00,1140224.57927866,1196136.841706979,1164439.6213673078
2015-12-28 00:00:00+00:00,1138997.779965341,1194450.0760787132,1163103.1452574097
2015-12-29 00:00:00+00:00,1144380.7813157057,1201851.3368685828,1168701.5458108452
2015-12-30 00:00:00+00:00,1138902.2007472035,1194318.6611535656,1162951.2607263774
2015-12-31 00:00:00+00:00,1133212.8797829829,1186496.2317256746,1162951.2607263774
2016-01-04 00:00:00+00:00,1124289.4507343555,1174227.1236147666,1150448.4280037868
2016-01-05 00:00:00+00:00,1129164.5145025416,1180930.004771046,1154076.2228008867
2016-01-06 00:00:00+00:00,1118509.8247365784,1166280.53090686,1140042.4539087699
2016-01-07 00:00:00+00:00,1101002.2427138723,1142208.7962153386,1120238.591104501
2016-01-08 00:00:00+00:00,1096941.2567487175,1136625.2166774892,1117365.0272354158
2016-01-11 00:00:00+00:00,1095397.0555161978,1134502.0449949962,1116194.9448388785
2016-01-12 00:00:00+00:00,1096582.694590807,1136132.2180941068,1115155.8745675564
2016-01-13 00:00:00+00:00,1081017.8606094937,1114731.629844409,1095331.9181650472
2016-01-14 00:00:00+00:00,1094935.1382702156,1133866.9401940987,1111091.3962686916
2016-01-15 00:00:00+00:00,1082811.5814223648,1117197.873981497,1096769.0359608578
2016-01-19 00:00:00+00:00,1083968.7001704844,1118788.8335711882,1095671.0227116894
2016-01-20 00:00:00+00:00,1072836.1671053777,1103482.3576660464,1085947.0063181715
2016-01-21 00:00:00+00:00,1077594.9643941754,1110025.3803197804,1091658.4883580992
2016-01-22 00:00:00+00:00,1077594.9643941754,1110025.3803197804,1111829.3765962678
2016-01-25 00:00:00+00:00,1061814.752362033,1089700.738287515,1096231.8984537767
2016-01-26 00:00:00+00:00,1077579.478688608,1110005.4349970154,1111886.7598258662
2016-01-27 00:00:00+00:00,1071342.6674218262,1101972.5292184406,1105726.5793241425
2016-01-28 00:00:00+00:00,1078291.4304279606,1110922.4166077266,1113487.0720672854
2016-01-29 00:00:00+00:00,1099448.195353041,1138171.9664101738,1135027.0182118302
2016-02-01 00:00:00+00:00,1098375.2057539383,1136789.9742378455,1133696.7468369124
2016-02-02 00:00:00+00:00,1084285.9328446952,1118643.2327497094,1120303.5323487124
2016-02-03 00:00:00+00:00,1089119.0570434914,1124868.2136966023,1125585.5384303601
2016-02-04 00:00:00+00:00,1090610.8612519153,1126789.6318915337,1126685.9938948073
2016-02-05 00:00:00+00:00,1077011.7593018902,1109274.2221789423,1113673.5500126404
2016-02-08 00:00:00+00:00,1058633.9767072531,1085603.9538820416,1096742.0257593459
2016-02-09 00:00:00+00:00,1061900.751942848,1089811.504270344,1099713.2763081603
2016-02-10 00:00:00+00:00,1064372.2737721617,1092994.781931849,1101898.1544252918
2016-02-11 00:00:00+00:00,1054152.2375898259,1079831.5508840224,1091309.4873149733
2016-02-12 00:00:00+00:00,1068556.4116058124,1098383.8795884196,1105376.3936311556
2016-02-16 00:00:00+00:00,1084358.9086497314,1118737.2243330516,1120707.155281985
2016-02-17 00:00:00+00:00,1094084.8147528912,1131264.0243268358,1130126.3649110354
2016-02-18 00:00:00+00:00,1096863.3692386239,1134842.7547757442,1133185.2203583792
2016-02-19 00:00:00+00:00,1093923.5530945095,1131056.3220809172,1130291.2747402014
2016-02-22 00:00:00+00:00,1106057.3387712152,1146684.4296039944,1142221.6949324673
2016-02-23 00:00:00+00:00,1100205.3278407203,1139147.1400486352,1136494.170330029
2016-02-24 00:00:00+00:00,1107967.9093334093,1149145.211669209,1143877.7242332164
2016-02-25 00:00:00+00:00,1117164.5958000696,1160990.3858618697,1153338.6408681406
2016-02-26 00:00:00+00:00,1112025.168366727,1154370.8916104157,1147463.8522694446
2016-02-29 00:00:00+00:00,1109295.3034567744,1150854.8724987453,1144829.1842281343
2016-03-01 00:00:00+00:00,1119780.247295077,1164359.3000569956,1154823.1316466674
2016-03-02 00:00:00+00:00,1126293.2317786338,1172747.9121948024,1161287.7195305508
2016-03-03 00:00:00+00:00,1132664.573092904,1180954.0903636483,1167467.8227648388
2016-03-04 00:00:00+00:00,1137621.848715406,1187338.9762116582,1172308.9870387807
2016-03-07 00:00:00+00:00,1138828.1305146026,1188892.6464480767,1173729.9136715252
2016-03-08 00:00:00+00:00,1126396.9123000405,1172881.4509253986,1162279.8763018055
2016-03-09 00:00:00+00:00,1133825.423205358,1182449.245367946,1169583.2690175837
2016-03-10 00:00:00+00:00,1128834.2514261366,1176020.7018523337,1164972.2971034688
2016-03-11 00:00:00+00:00,1141675.302829355,1192559.7554820776,1177556.5408680118
2016-03-14 00:00:00+00:00,1140051.4571063495,1190468.2700845124,1175916.8210688827
2016-03-15 00:00:00+00:00,1135310.8579507861,1184362.4598039514,1171597.115798273
2016-03-16 00:00:00+00:00,1146108.9105719076,1198270.1660960359,1182314.0024426454
2016-03-17 00:00:00+00:00,1153674.9119103341,1208015.0458546816,1190073.3160155253
2016-03-18 00:00:00+00:00,1152863.1896357287,1206969.561508377,1188841.9918842157
2016-03-21 00:00:00+00:00,1168777.508924428,1227466.9313834556,1201090.4404863205
2016-03-22 00:00:00+00:00,1170090.815620766,1229158.4478489682,1202314.4240928208
2016-03-23 00:00:00+00:00,1162690.5011091614,1219626.9698771778,1195508.2523795129
2016-03-24 00:00:00+00:00,1163212.285298409,1220299.0189499632,1196360.0782969804
2016-03-28 00:00:00+00:00,1155269.263915319,1210068.5438500657,1190031.663079793
2016-03-29 00:00:00+00:00,1169106.1416470944,1227890.2046851502,1203904.662141814
2016-03-30 00:00:00+00:00,1170928.6715628547,1230237.5919100791,1205739.952581137
2016-03-31 00:00:00+00:00,1171524.5374865704,1231005.056984318,1205739.952581137
2016-04-01 00:00:00+00:00,1171969.7006182945,1231578.4194511734,1206742.9870822858
2016-04-04 00:00:00+00:00,1163367.9516024962,1220499.5144756641,1198138.5518599409
2016-04-05 00:00:00+00:00,1153750.9129734063,1208112.9339184077,1188095.626580588
2016-04-06 00:00:00+00:00,1161020.2976921438,1217475.776566036,1194828.0945417567
2016-04-07 00:00:00+00:00,1153956.136810063,1208377.2586947824,1188363.8854261632
2016-04-08 00:00:00+00:00,1159436.152819891,1215435.4251822773,1193807.3478514436
2016-04-11 00:00:00+00:00,1154158.2369924523,1208637.560258117,1189100.9307314083
2016-04-12 00:00:00+00:00,1164535.872800483,1222003.7769166646,1199353.2490837653
2016-04-13 00:00:00+00:00,1174481.544833579,1234813.6316531696,1208406.2377707956
2016-04-14 00:00:00+00:00,1173444.768619563,1233478.281698776,1207226.2263958412
2016-04-15 00:00:00+00:00,1173964.3236605874,1234147.4596669408,1208126.3291109041
2016-04-18 00:00:00+00:00,1177154.767936355,1238256.6970901634,1211378.1796889794
2016-04-19 00:00:00+00:00,1183217.674482328,1246065.6165755913,1217283.5941591891
2016-04-20 00:00:00+00:00,1178920.8482054323,1240531.3781398302,1211684.988867827
2016-04-21 00:00:00+00:00,1178920.8482054323,1240531.3781398302,1197050.3385956166
2016-04-22 00:00:00+00:00,1183682.8637185188,1246786.2760709403,1201852.9953358527
2016-04-25 00:00:00+00:00,1180066.268230661,1242035.8850710585,1197978.032431011
2016-04-26 00:00:00+00:00,1185567.3172301794,1249261.5020207444,1203685.1288785269
2016-04-27 00:00:00+00:00,1190761.4846261886,1256084.0305929123,1209149.7896421044
2016-04-28 00:00:00+00:00,1196271.346867828,1263321.2237186427,1212708.6437110815
2016-04-29 00:00:00+00:00,1194276.0067645547,1260700.3484506963,1210554.6004522755
2016-05-02 00:00:00+00:00,1198142.8497382798,1265779.4390269062,1214369.641356153
2016-05-03 00:00:00+00:00,1191282.518149403,1256768.407092198,1207217.8852142554
2016-05-04 00:00:00+00:00,1182726.137581533,1245529.61818765,1199419.6535387025
2016-05-05 00:00:00+00:00,1180937.4784010067,1243180.217901786,1197869.84046368
2016-05-06 00:00:00+00:00,1179607.5058277266,1241433.3015647468,1196346.2935348724
2016-05-09 00:00:00+00:00,1182343.572203464,1245027.1193223645,1198673.4009848416
2016-05-10 00:00:00+00:00,1189636.9256741942,1254606.9246399996,1206424.8921483431
2016-05-11 00:00:00+00:00,1184509.836075752,1247872.5026218893,1201200.6611518199
2016-05-12 00:00:00+00:00,1186423.8110890337,1250386.505005517,1203173.1862869705
2016-05-13 00:00:00+00:00,1181758.8023163008,1244259.025235451,1198367.1623602812
2016-05-16 00:00:00+00:00,1188697.4403768303,1253372.9125653557,1205753.7213099957
2016-05-17 00:00:00+00:00,1181747.5729498211,1244244.2754848532,1199131.2219882507
2016-05-18 00:00:00+00:00,1176041.4991814105,1236749.3589078884,1193415.0162681572
2016-05-19 00:00:00+00:00,1176960.958314154,1237957.0666550247,1194281.242712486
2016-05-20 00:00:00+00:00,1183997.4354730914,1247199.465446627,1201597.1051264068
2016-05-23 00:00:00+00:00,1178837.8795190265,1240422.398934802,1196361.966727396
2016-05-24 00:00:00+00:00,1189999.0919724028,1255082.6293543496,1207626.5205040553
2016-05-25 00:00:00+00:00,1193268.8265189852,1259377.4191958557,1211119.374274435
2016-05-26 00:00:00+00:00,1195150.0087781425,1261848.3483619846,1212787.835455696
2016-05-27 00:00:00+00:00,1199851.3417658787,1268023.5399164099,1217571.0615597998
2016-05-31 00:00:00+00:00,1201641.249554148,1270374.5802460678,1219381.4892969704
2016-06-01 00:00:00+00:00,1203978.5554172753,1273444.6268613024,1221812.847954995
2016-06-02 00:00:00+00:00,1216100.07898202,1289366.2240208813,1232862.698153006
2016-06-03 00:00:00+00:00,1219290.0920631415,1293556.2998756298,1235713.4833905678
2016-06-06 00:00:00+00:00,1222275.1580977705,1297477.1781913175,1239061.5557608956
2016-06-07 00:00:00+00:00,1225978.0415233271,1302340.9082262171,1242952.219685495
2016-06-08 00:00:00+00:00,1230691.0683505612,1308531.459615628,1247683.2082409523
2016-06-09 00:00:00+00:00,1231638.3827451698,1309775.755193974,1248434.6695083757
2016-06-10 00:00:00+00:00,1220239.7104948405,1294803.621802124,1236484.5770509131
2016-06-13 00:00:00+00:00,1212552.1514034756,1284706.0281836812,1228512.610269202
2016-06-14 00:00:00+00:00,1210670.49325639,1282234.4739397026,1226245.1646846705
2016-06-15 00:00:00+00:00,1210269.9800111991,1281708.4005865513,1226101.6566603035
2016-06-16 00:00:00+00:00,1212406.875225779,1284515.208212428,1228249.1420088285
2016-06-17 00:00:00+00:00,1214841.9503250066,1287713.674525358,1230950.60303189
2016-06-20 00:00:00+00:00,1220596.0742629885,1295271.7049047484,1236948.0845151735
2016-06-21 00:00:00+00:00,1222005.5614106748,1297123.0634775546,1238300.3240272175
2016-06-22 00:00:00+00:00,1233402.7161689904,1312093.2036466545,1247272.1321475515
2016-06-23 00:00:00+00:00,1245254.2202595668,1327660.1307624895,1259723.6603636222
2016-06-24 00:00:00+00:00,1221552.790111104,1296528.3492736283,1234987.4255945883
2016-06-27 00:00:00+00:00,1208562.3029270836,1279465.3701236967,1221147.1124088406
2016-06-28 00:00:00+00:00,1218470.0142857241,1292479.1293415937,1231538.5687541175
2016-06-29 00:00:00+00:00,1230438.686741997,1308199.956873371,1243982.3497659056
2016-06-30 00:00:00+00:00,1245930.9588512392,1328549.0255603583,1243982.3497659056
2016-07-01 00:00:00+00:00,1245291.0587586474,1327708.5180579636,1244702.0533334296
2016-07-05 00:00:00+00:00,1239193.2262343285,1319699.027132156,1238875.9884895915
2016-07-06 00:00:00+00:00,1243765.9143427573,1325705.2438927747,1243128.7866994576
2016-07-07 00:00:00+00:00,1239776.9770490755,1320465.7826694727,1238824.7103375648
2016-07-08 00:00:00+00:00,1252820.8251768933,1337598.851313242,1251782.7722171326
2016-07-11 00:00:00+00:00,1256343.5297047358,1342225.916723374,1255589.7361376588
2016-07-12 00:00:00+00:00,1261097.9685470911,1348470.8627125071,1259382.4501987312
2016-07-13 00:00:00+00:00,1263227.3046071725,1351267.7414039436,1261294.6771266097
2016-07-14 00:00:00+00:00,1263480.917685974,1351600.8616799149,1260112.611339608
2016-07-15 00:00:00+00:00,1264577.6881773493,1353041.4675449214,1261458.7775786452
2016-07-18 00:00:00+00:00,1269460.5476570365,1359455.0937864713,1265532.1358592985
2016-07-19 00:00:00+00:00,1267285.1644493793,1356597.7322580272,1262676.00660401
2016-07-20 00:00:00+00:00,1269196.2132921035,1359107.8911224317,1264869.3742761395
2016-07-21 00:00:00+00:00,1265957.6282470485,1354854.016089398,1261887.011766186
2016-07-22 00:00:00+00:00,1272357.845891826,1363260.689271155,1268659.320253647
2016-07-25 00:00:00+00:00,1268194.3128566616,1357791.8968877213,1265102.4230047716
2016-07-26 00:00:00+00:00,1270507.5338805804,1360830.3081144276,1267727.4265452242
2016-07-27 00:00:00+00:00,1265949.3561742408,1354843.1507381722,1263128.521663742
2016-07-28 00:00:00+00:00,1267640.6733028118,1357064.6924318688,1265168.4147324008
2016-07-29 00:00:00+00:00,1271285.7062537705,1361852.4359831286,1268350.0247654053
2016-08-01 00:00:00+00:00,1264114.5175379345,1352433.0938287368,1261840.372359685
2016-08-02 00:00:00+00:00,1258284.6133477038,1344775.5262383258,1254412.5335158654
2016-08-03 00:00:00+00:00,1262858.0033612153,1350782.664949878,1257488.2681945735
2016-08-04 00:00:00+00:00,1262858.0033612153,1350782.664949878,1257919.416528637
2016-08-05 00:00:00+00:00,1266339.358526824,1355416.683556264,1261786.4581377294
2016-08-08 00:00:00+00:00,1266243.1706468526,1355288.6482354503,1261810.5932402716
2016-08-09 00:00:00+00:00,1261296.6196029193,1348704.3129738632,1256306.7943884754
2016-08-10 00:00:00+00:00,1260377.683257548,1347481.1203032034,1255304.0354775519
2016-08-11 00:00:00+00:00,1264347.6932481262,1352765.5854866523,1259448.9366515817
2016-08-12 00:00:00+00:00,1264903.36220965,1353505.2343257393,1260075.2425208837
2016-08-15 00:00:00+00:00,1264179.723069239,1352542.0010210478,1259712.8718596208
2016-08-16 00:00:00+00:00,1257407.9537412496,1343528.1246507035,1252999.514427532
2016-08-17 00:00:00+00:00,1260974.643901492,1348275.7323435505,1256387.674878828
2016-08-18 00:00:00+00:00,1270838.9650701846,1361406.0926947899,1266238.135824035
2016-08-19 00:00:00+00:00,1267340.5268350106,1356749.3348795457,1262885.6042289853
2016-08-22 00:00:00+00:00,1267373.4190902729,1356793.1176352946,1262787.2798621932
2016-08-23 00:00:00+00:00,1269122.5962674012,1359121.4407161318,1264686.922731537
2016-08-24 00:00:00+00:00,1264164.5775298043,1352521.8408511698,1259612.1004177942
2016-08-25 00:00:00+00:00,1263208.406418241,1351249.0851249963,1258712.9800945553
2016-08-26 00:00:00+00:00,1255099.4217527101,1340455.2465100267,1250778.9478612463
2016-08-29 00:00:00+00:00,1260168.2402002746,1347202.331447079,1255801.6333564746
2016-08-30 00:00:00+00:00,1257883.6942916163,1344161.3810860103,1253591.087640457
2016-08-31 00:00:00+00:00,1255150.4140701985,1340523.122189693,1250838.1590082622
2016-09-01 00:00:00+00:00,1254435.8486828892,1339571.9669232082,1250174.2545506887
2016-09-02 00:00:00+00:00,1263086.776795619,1351087.1843974043,1258828.1567782755
2016-09-06 00:00:00+00:00,1269455.7679789744,1359564.924312923,1265243.764201127
2016-09-07 00:00:00+00:00,1272220.6917573202,1363245.3038273912,1268062.4002394131
2016-09-08 00:00:00+00:00,1272560.3677803131,1363697.4452883492,1268358.637200696
2016-09-09 00:00:00+00:00,1245175.3042587875,1327245.2914979362,1240995.0697777793
2016-09-12 00:00:00+00:00,1256586.9855068712,1342435.3369595928,1252402.4309659356
2016-09-13 00:00:00+00:00,1242988.3520066303,1324334.247681468,1238838.3588078455
2016-09-14 00:00:00+00:00,1242896.6733672144,1324212.2145935895,1238799.454674889
2016-09-15 00:00:00+00:00,1251533.5924253464,1335708.7846685469,1247508.9916059128
2016-09-16 00:00:00+00:00,1251374.3617959942,1335496.8333840545,1247260.3636621162
2016-09-19 00:00:00+00:00,1257968.08692796,1344273.7158029394,1253792.7721332302
2016-09-20 00:00:00+00:00,1255979.764781415,1341627.0677638077,1251791.2511478942
2016-09-21 00:00:00+00:00,1268044.2756647954,1357686.0922674907,1263771.974521323
2016-09-22 00:00:00+00:00,1275352.1371045075,1367413.5588066876,1271121.0578816833
2016-09-23 00:00:00+00:00,1269211.1729566695,1359239.344809979,1264881.5759851723
2016-09-26 00:00:00+00:00,1263378.639847585,1351475.6821946667,1258831.2063911662
2016-09-27 00:00:00+00:00,1261571.3741662647,1349070.0377270598,1257298.5598917685
2016-09-28 00:00:00+00:00,1268261.4696024247,1357975.1982909471,1264170.7424807795
2016-09-29 00:00:00+00:00,1257704.2476121793,1343922.5202942186,1253682.583327379
2016-09-30 00:00:00+00:00,1262580.9463435737,1350413.875408534,1253682.583327379
2016-10-03 00:00:00+00:00,1252099.3615581056,1336461.877807111,1242576.1137238666
2016-10-04 00:00:00+00:00,1241749.822585464,1322685.645884404,1231991.7292267159
2016-10-05 00:00:00+00:00,1244630.2200664068,1326519.7320047559,1235322.7524020479
2016-10-06 00:00:00+00:00,1245044.1566304674,1327070.721389197,1236040.612763317
2016-10-07 00:00:00+00:00,1240077.9540005932,1320460.2279763839,1230926.1988639748
2016-10-10 00:00:00+00:00,1245163.3089332343,1327229.324565762,1236741.9253786516
2016-10-11 00:00:00+00:00,1232675.4500741842,1310606.783183477,1223467.5484039672
2016-10-12 00:00:00+00:00,1237250.9083874575,1316697.1583241432,1228219.616565915
2016-10-13 00:00:00+00:00,1237250.9083874575,1316697.1583241432,1229135.751509665
2016-10-14 00:00:00+00:00,1234232.6252634944,1312988.3092222842,1226180.1705078837
2016-10-17 00:00:00+00:00,1234366.8684626569,1313153.2665003776,1226309.80361985
2016-10-18 00:00:00+00:00,1238851.781353402,1318664.3019014953,1230751.344245562
2016-10-19 00:00:00+00:00,1241978.7322547515,1322506.6813489213,1233810.9686862903
2016-10-20 00:00:00+00:00,1238703.0572685096,1318481.550593542,1230499.6485265773
2016-10-21 00:00:00+00:00,1236885.6662085033,1316248.3508161197,1228732.2628423558
2016-10-24 00:00:00+00:00,1240808.1143301607,1321068.232714408,1232590.6552833102
2016-10-25 00:00:00+00:00,1237115.0140096738,1316530.17208717,1228935.3568697032
2016-10-26 00:00:00+00:00,1232976.2295957704,1311444.4573858466,1224664.8050836816
2016-10-27 00:00:00+00:00,1229077.896537929,1306654.2079405463,1220948.8668300607
2016-10-28 00:00:00+00:00,1229811.7424519656,1307555.9536176065,1221322.1178279868
2016-10-31 00:00:00+00:00,1238256.224509926,1317932.4850462459,1229702.6119872204
2016-11-01 00:00:00+00:00,1225680.4520568245,1302479.4475238307,1217268.2416729499
2016-11-02 00:00:00+00:00,1214051.858615532,1288190.2981732574,1205824.5356144742
2016-11-03 00:00:00+00:00,1215648.080191938,1290151.726149652,1207290.3924829618
2016-11-04 00:00:00+00:00,1216779.4620215292,1291541.9616942322,1208455.9748438282
2016-11-07 00:00:00+00:00,1235906.8993971744,1315045.6477362444,1227438.0002251933
2016-11-08 00:00:00+00:00,1239009.9354729964,1318858.6407823502,1230520.0773553401
2016-11-09 00:00:00+00:00,1238074.8453944223,1317709.6074227744,1229515.1058324398
2016-11-10 00:00:00+00:00,1236935.9816405894,1316310.1781323252,1228448.6615121511
2016-11-11 00:00:00+00:00,1237037.1131193629,1316434.4479171045,1228694.6223608414
2016-11-14 00:00:00+00:00,1245173.267062847,1326432.1075158038,1236757.1534285643
2016-11-15 00:00:00+00:00,1257407.751500098,1341465.7722693041,1248800.2377070496
2016-11-16 00:00:00+00:00,1258976.8988826002,1343393.931630523,1249565.0568316937
2016-11-17 00:00:00+00:00,1263805.9498104486,1349327.8418904284,1254461.7947009343
2016-11-18 00:00:00+00:00,1263514.3632434797,1348969.541978657,1254102.4743560913
2016-11-21 00:00:00+00:00,1272652.1332260803,1360197.9816581213,1263122.7899789782
2016-11-22 00:00:00+00:00,1280705.685679669,1370094.1410167736,1269616.837375825
2016-11-23 00:00:00+00:00,1281572.887494015,1371159.7536641534,1270503.8711731646
2016-11-25 00:00:00+00:00,1298054.99667941,1391412.8755014234,1284594.6298183147
2016-11-28 00:00:00+00:00,1296503.6280519974,1389506.562573139,1283064.4183453326
2016-11-29 00:00:00+00:00,1288315.9302225679,1379445.5661411337,1277141.303502466
2016-11-30 00:00:00+00:00,1280143.4327524952,1369403.2478240805,1268911.2766903627
2016-12-01 00:00:00+00:00,1276340.696850916,1364730.4676195977,1265241.200870187
2016-12-02 00:00:00+00:00,1277897.795107369,1366643.8210833936,1266780.848298951
2016-12-05 00:00:00+00:00,1283939.128598476,1374067.3772483652,1272783.8229006822
2016-12-06 00:00:00+00:00,1287180.0014750208,1378049.7433696818,1276095.3803955503
2016-12-07 00:00:00+00:00,1299838.8720556577,1393604.891397645,1288669.9988202564
2016-12-08 00:00:00+00:00,1309957.4119176725,1406038.4955156331,1298669.7268840657
2016-12-09 00:00:00+00:00,1312578.1301284253,1409258.8191178187,1301314.006800456
2016-12-12 00:00:00+00:00,1312621.7203518692,1409312.3825359705,1301285.489812042
2016-12-13 00:00:00+00:00,1318177.522016435,1416139.3199594808,1306817.4351169835
2016-12-14 00:00:00+00:00,1303589.7564036166,1398213.9567085358,1291983.7545031458
2016-12-15 00:00:00+00:00,1309809.0209804988,1405856.1535776977,1298158.8908436222
2016-12-16 00:00:00+00:00,1313779.8225935616,1410735.4519706639,1301559.2521764892
2016-12-19 00:00:00+00:00,1315843.2690869581,1413271.003262393,1303668.896896045
2016-12-20 00:00:00+00:00,1318071.4978922172,1416009.038119862,1305950.527973188
2016-12-21 00:00:00+00:00,1323610.1845987854,1422814.944780521,1309825.2183257744
2016-12-22 00:00:00+00:00,1323687.4340046356,1422909.868410194,1309260.6641082345
2016-12-23 00:00:00+00:00,1324176.2349418402,1423510.504216208,1309739.9101978354
2016-12-27 00:00:00+00:00,1327576.8128425297,1427689.114961052,1313069.5824583524
2016-12-28 00:00:00+00:00,1316928.3908993,1414604.3947614075,1302536.6224195666
2016-12-29 00:00:00+00:00,1346279.4775173375,1450670.8427290088,1325861.8553069374
2016-12-30 00:00:00+00:00,1341239.2174574747,1444477.3998913416,1320879.1865400025
2017-01-03 00:00:00+00:00,1346669.1833908882,1451149.7110855365,1320879.1865400025
2017-01-04 00:00:00+00:00,1357175.8569052713,1464060.2516236233,1330938.249270298
2017-01-05 00:00:00+00:00,1354711.1770080728,1461031.667011888,1325834.3360847852
2017-01-06 00:00:00+00:00,1354909.1933475907,1461274.9883614138,1325827.7826994518
2017-01-09 00:00:00+00:00,1345653.4791412293,1449901.6194919434,1314683.8211229825
2017-01-10 00:00:00+00:00,1349515.2275930727,1454646.9139818854,1320351.2238943372
2017-01-11 00:00:00+00:00,1355370.9782173666,1461842.426977733,1325902.8392949672
2017-01-12 00:00:00+00:00,1352934.1674619417,1458848.0878085857,1323787.8911135816
2017-01-13 00:00:00+00:00,1354043.2780742391,1460210.956608276,1326750.5630127953
2017-01-17 00:00:00+00:00,1354043.2780742391,1460210.956608276,1323962.212768138
2017-01-18 00:00:00+00:00,1355598.576935087,1462116.3757444536,1325438.9554132354
2017-01-19 00:00:00+00:00,1347273.926010761,1451917.7254576774,1317311.1228678115
2017-01-20 00:00:00+00:00,1351300.430389179,1456850.6542263369,1321277.2723819648
2017-01-23 00:00:00+00:00,1347586.732640354,1452300.9493852153,1317651.0625372431
2017-01-24 00:00:00+00:00,1362232.9602827823,1470244.2547686466,1332033.5646118424
2017-01-25 00:00:00+00:00,1369878.8633168545,1479611.3611950842,1339589.5126807669
2017-01-26 00:00:00+00:00,1369923.947040814,1479666.5939175691,1339614.5993542627
2017-01-27 00:00:00+00:00,1364044.7460292354,1472463.8996991802,1333839.6295870827
2017-01-30 00:00:00+00:00,1356249.1055938276,1462913.347815995,1326191.0773670785
2017-01-31 00:00:00+00:00,1363998.091098542,1472406.7420685936,1333835.3064755965
2017-02-01 00:00:00+00:00,1355465.329238273,1461953.1320632857,1325518.3289226994
2017-02-02 00:00:00+00:00,1361345.236548669,1469156.691578575,1331426.116441127
2017-02-03 00:00:00+00:00,1370274.2739318714,1480095.7844602629,1340112.4224209958
2017-02-06 00:00:00+00:00,1365085.019000306,1473738.3531664999,1335045.817771988
2017-02-07 00:00:00+00:00,1363914.8110195305,1472304.7144389169,1333893.2719714986
2017-02-08 00:00:00+00:00,1370348.5337312843,1480186.7612148998,1340301.637240691
2017-02-09 00:00:00+00:00,1377285.0742499805,1488684.8173608354,1347100.9461234468
2017-02-10 00:00:00+00:00,1384362.9174186417,1497355.9854275815,1354004.4768407217
2017-02-13 00:00:00+00:00,1390491.8397395934,1504864.6168350019,1360112.4439518172
2017-02-14 00:00:00+00:00,1390891.080726626,1505353.7327443545,1360471.3877706793
2017-02-15 00:00:00+00:00,1391836.902473045,1506512.472649852,1361328.46820756
2017-02-16 00:00:00+00:00,1393418.338246039,1508449.9124952436,1362880.178741679
2017-02-17 00:00:00+00:00,1391971.3094757264,1506677.1366134107,1361410.8450520984
2017-02-21 00:00:00+00:00,1399298.9576957626,1515654.344462726,1368673.8614221876
2017-02-22 00:00:00+00:00,1397871.7241032263,1513905.819939579,1367286.6475900467
2017-02-23 00:00:00+00:00,1395908.9467629353,1511501.1930229187,1365462.8384839953
2017-02-24 00:00:00+00:00,1401334.3584665274,1518147.943394761,1370725.2576766494
2017-02-27 00:00:00+00:00,1405153.0804542217,1522826.3149503914,1374403.9219748946
2017-02-28 00:00:00+00:00,1399988.644627965,1516499.2899016195,1369479.7657886855
2017-03-01 00:00:00+00:00,1409801.3356867095,1528520.9596857391,1379021.6764361183
2017-03-02 00:00:00+00:00,1405541.4793022173,1523302.1479983476,1374788.6451494563
2017-03-03 00:00:00+00:00,1403020.0416652155,1520213.0982696014,1372383.0462821764
2017-03-06 00:00:00+00:00,1400023.3773283437,1516541.841435359,1369504.4023392885
2017-03-07 00:00:00+00:00,1397208.3609946652,1513093.1241978765,1366808.9181270702
2017-03-08 00:00:00+00:00,1387000.1829187798,1500586.9375472309,1356735.4412082757
2017-03-09 00:00:00+00:00,1383506.444818065,1496306.7084533412,1353291.8252727012
2017-03-10 00:00:00+00:00,1390195.3178785213,1504501.3436129834,1359871.1828715475
2017-03-13 00:00:00+00:00,1389698.8937174743,1503893.1671911192,1359430.840637173
2017-03-14 00:00:00+00:00,1385646.4904185259,1498928.509280217,1355406.5920257717
2017-03-15 00:00:00+00:00,1400676.95904161,1517342.5538481714,1370191.3873518556
2017-03-16 00:00:00+00:00,1397993.4806937845,1514054.9857002224,1367535.9650878008
2017-03-17 00:00:00+00:00,1401218.2773901464,1518005.7307886488,1370682.7740432755
2017-03-20 00:00:00+00:00,1393466.7099789064,1508509.1734050119,1363116.0970069454
2017-03-21 00:00:00+00:00,1383368.5215241564,1496137.7366305266,1353373.02689873
2017-03-22 00:00:00+00:00,1387965.004945012,1501768.9549704196,1357905.7088959003
2017-03-23 00:00:00+00:00,1390640.408060279,1505046.6300341305,1360511.088947236
2017-03-24 00:00:00+00:00,1390885.4966933585,1505346.8916644093,1360819.6122277966
2017-03-27 00:00:00+00:00,1389145.2881296424,1503214.9369760114,1359079.632913548
2017-03-28 00:00:00+00:00,1397686.3435407311,1513678.707530418,1367462.2027725237
2017-03-29 00:00:00+00:00,1400933.3508752263,1517656.6631929602,1370550.0454650866
2017-03-30 00:00:00+00:00,1399571.1320863892,1515987.7892464474,1369164.68506472
2017-03-31 00:00:00+00:00,1400958.9568987405,1517688.0335028307,1369164.68506472
2017-04-03 00:00:00+00:00,1393654.9721472808,1508739.8161112268,1361875.4388440198
2017-04-04 00:00:00+00:00,1396581.8352968097,1512325.5585009854,1365746.0554459111
2017-04-05 00:00:00+00:00,1390118.544336721,1504407.28723618,1359285.2431448873
2017-04-06 00:00:00+00:00,1396665.506812766,1512428.065685726,1365845.497676936
2017-04-07 00:00:00+00:00,1394575.4151375168,1509867.46413535,1363763.4032781438
2017-04-10 00:00:00+00:00,1395215.5691198981,1510651.726040785,1364286.7312857092
2017-04-11 00:00:00+00:00,1397252.878276925,1513147.6629644402,1366093.4769633473
2017-04-12 00:00:00+00:00,1390413.264208546,1504768.3528151002,1359135.977894838
2017-04-13 00:00:00+00:00,1380373.720235418,1492468.7622435074,1348611.951160981
2017-04-17 00:00:00+00:00,1389902.4737033402,1504142.5759771583,1357968.8971897224
2017-04-18 00:00:00+00:00,1388692.7165605708,1502660.4849990269,1357022.5405819935
2017-04-19 00:00:00+00:00,1385807.6951479241,1499126.0035264806,1353568.900858837
2017-04-20 00:00:00+00:00,1394500.975125987,1509776.2666002421,1361851.2295334118
2017-04-21 00:00:00+00:00,1389501.4059709702,1503651.222095664,1357058.2630643228
2017-04-24 00:00:00+00:00,1403474.817105052,1520770.250240545,1371646.9802454265
2017-04-25 00:00:00+00:00,1408405.8981000227,1526811.3889093774,1376449.0336749738
2017-04-26 00:00:00+00:00,1410301.036944608,1529133.1509263685,1378626.6453560186
2017-04-27 00:00:00+00:00,1410301.036944608,1529133.1509263685,1378182.6272945062
2017-04-28 00:00:00+00:00,1401889.6431567902,1519031.0587290763,1369932.0447917678
2017-05-01 00:00:00+00:00,1400924.2794238569,1517871.6559380502,1368897.5723215374
2017-05-02 00:00:00+00:00,1399508.5669136462,1516171.3838233717,1367492.0486028723
2017-05-03 00:00:00+00:00,1394814.7415365125,1510534.0949371387,1362952.70313232
2017-05-04 00:00:00+00:00,1393349.181824594,1508773.95628427,1361677.289110889
2017-05-05 00:00:00+00:00,1403019.475654685,1520387.988668293,1370958.5081239115
2017-05-08 00:00:00+00:00,1401172.7628057885,1518170.084723706,1369130.172762238
2017-05-09 00:00:00+00:00,1395494.8755938823,1511350.9366077806,1363633.073619702
2017-05-10 00:00:00+00:00,1400759.3299217683,1517673.551424098,1368775.5505129169
2017-05-11 00:00:00+00:00,1396152.17993012,1512140.3597609291,1364284.1971698746
2017-05-12 00:00:00+00:00,1394142.2234065568,1509726.4000027983,1362215.772806036
2017-05-15 00:00:00+00:00,1399789.3433554948,1516508.596605692,1367673.8182917559
2017-05-16 00:00:00+00:00,1396386.9309725475,1512422.2959933581,1364341.22297683
2017-05-17 00:00:00+00:00,1378665.3709246311,1491138.6849771691,1347076.0000759945
2017-05-18 00:00:00+00:00,1379771.8941066384,1492467.6204051198,1348124.3456492454
2017-05-19 00:00:00+00:00,1386192.0652467438,1500178.2522475708,1354231.5952165322
2017-05-22 00:00:00+00:00,1392489.3499565523,1507741.2973665877,1360450.2840089318
2017-05-23 00:00:00+00:00,1393534.346329643,1508996.3390366242,1361520.287168414
2017-05-24 00:00:00+00:00,1398340.4183598752,1514768.4362634297,1366221.9251026544
2017-05-25 00:00:00+00:00,1402933.5674668993,1520284.8128504194,1370798.8039214518
2017-05-26 00:00:00+00:00,1401363.4594465976,1518399.1115765392,1369320.833477555
2017-05-30 00:00:00+00:00,1397925.586769547,1514270.2231161734,1366130.331000414
2017-05-31 00:00:00+00:00,1397568.5105486352,1513841.3742242882,1365877.050240541
2017-06-01 00:00:00+00:00,1411251.1856077036,1530274.2804035817,1379220.326530309
2017-06-02 00:00:00+00:00,1414153.5396597565,1533760.0104695652,1382202.5562101528
2017-06-05 00:00:00+00:00,1410367.3995143909,1529212.8524378308,1378441.7661561852
2017-06-06 00:00:00+00:00,1408037.1926816166,1526414.2717439232,1376100.059461424
2017-06-07 00:00:00+00:00,1407616.0456245758,1525908.4737149442,1375790.7294582312
2017-06-08 00:00:00+00:00,1410612.2626481333,1529506.933301857,1378754.8530911135
2017-06-09 00:00:00+00:00,1416770.274366395,1536902.711421291,1384770.3590235126
2017-06-12 00:00:00+00:00,1417551.6627303234,1537841.1596135194,1385508.3655144076
2017-06-13 00:00:00+00:00,1419208.5259584328,1539831.0539771512,1387178.9067698217
2017-06-14 00:00:00+00:00,1416463.3274740393,1536534.0679022179,1384616.9295071203
2017-06-15 00:00:00+00:00,1414044.0118063372,1533628.4674100766,1382339.1987805078
2017-06-16 00:00:00+00:00,1418333.4106711925,1538780.039658006,1386440.4855005748
2017-06-19 00:00:00+00:00,1420956.2486066215,1541930.0705935014,1389058.9885937334
2017-06-20 00:00:00+00:00,1409717.2972613166,1528432.0789936327,1378186.4137612805
2017-06-21 00:00:00+00:00,1402494.312419564,1519757.2671073189,1371045.6885335813
2017-06-22 00:00:00+00:00,1402950.3684540247,1520304.990852452,1371426.5328258413
2017-06-23 00:00:00+00:00,1408043.2671076765,1526421.5671355845,1376361.9578102578
2017-06-26 00:00:00+00:00,1413312.8410171515,1532750.3305744168,1381418.2724329748
2017-06-27 00:00:00+00:00,1404336.7858710324,1521970.0795314328,1372695.4815028438
2017-06-28 00:00:00+00:00,1412107.6945992394,1531302.9485433183,1380232.7029965909
2017-06-29 00:00:00+00:00,1405025.4064421833,1522797.1135134574,1373214.7846684724
2017-06-30 00:00:00+00:00,1405976.2397446183,1523939.0652431895,1373214.7846684724
2017-07-03 00:00:00+00:00,1412006.0568816892,1531180.8815447546,1378495.9473532927
2017-07-05 00:00:00+00:00,1405960.3912074498,1523920.0311344902,1372561.3630643392
2017-07-06 00:00:00+00:00,1397567.5995232025,1513840.2800818493,1364030.256512812
2017-07-07 00:00:00+00:00,1404449.363766115,1522105.285693953,1370426.7253887423
2017-07-10 00:00:00+00:00,1403325.0673751773,1520755.0046246278,1368779.4291641181
2017-07-11 00:00:00+00:00,1403225.7424518734,1520635.7152942244,1368551.5635863051
2017-07-12 00:00:00+00:00,1413179.5953209086,1532590.3023624115,1378732.8731222292
2017-07-13 00:00:00+00:00,1412505.5855849748,1531780.8160078272,1378159.2844104567
2017-07-14 00:00:00+00:00,1417811.4762170932,1538153.1958662088,1383424.7961904206
2017-07-17 00:00:00+00:00,1419493.8043853396,1540173.673647946,1384986.8722570727
2017-07-18 00:00:00+00:00,1416906.9662700708,1537066.8785318069,1382991.6494316547
2017-07-19 00:00:00+00:00,1426105.4840611517,1548114.3074297996,1392052.4816970697
2017-07-20 00:00:00+00:00,1429712.7381455195,1552446.6231266486,1396075.5554881536
2017-07-21 00:00:00+00:00,1428530.0853625836,1551026.2559732397,1395517.4890693726
2017-07-24 00:00:00+00:00,1426571.2166790464,1548673.6527611369,1392558.562374221
2017-07-25 00:00:00+00:00,1430988.4164408846,1553978.7140118151,1396441.2455016621
2017-07-26 00:00:00+00:00,1432906.7429561096,1556282.6260399714,1399364.9900919988
2017-07-27 00:00:00+00:00,1433523.205619747,1557022.99830423,1400378.282497153
2017-07-28 00:00:00+00:00,1427397.2201059822,1549665.6836878394,1394332.338618513
2017-07-31 00:00:00+00:00,1427163.4449838845,1549384.9195366844,1394488.0819890306
2017-08-01 00:00:00+00:00,1432840.724386507,1556203.337673063,1400614.849182767
2017-08-02 00:00:00+00:00,1429649.5753247233,1552370.7645168605,1397848.2843449563
2017-08-03 00:00:00+00:00,1422712.0553706703,1544038.7962409367,1391389.3340564624
2017-08-04 00:00:00+00:00,1423911.9068777293,1545479.819078903,1391974.0630161772
2017-08-07 00:00:00+00:00,1426634.3420304914,1548749.4663701977,1394555.406653757
2017-08-08 00:00:00+00:00,1423672.5560518485,1545192.3585020304,1391964.3572899972
2017-08-09 00:00:00+00:00,1418476.3141369175,1538951.6668606414,1386995.9360666338
2017-08-10 00:00:00+00:00,1418476.3141369175,1538951.6668606414,1375586.4968501304
2017-08-11 00:00:00+00:00,1417439.9225546226,1537732.0395298325,1374446.9827789336
2017-08-14 00:00:00+00:00,1427282.5553564553,1549314.8661151766,1383921.299362092
2017-08-15 00:00:00+00:00,1423210.0747877925,1544522.3642359823,1380205.1658849546
2017-08-16 00:00:00+00:00,1427964.9327537697,1550117.8889666824,1384643.9920791036
2017-08-17 00:00:00+00:00,1411445.6350909316,1530677.9521131297,1368955.8340539844
2017-08-18 00:00:00+00:00,1410094.8791538388,1529088.3802888556,1367581.640260986
2017-08-21 00:00:00+00:00,1408570.618725938,1527294.628092391,1366349.8293110647
2017-08-22 00:00:00+00:00,1418803.8350472108,1539337.0940104073,1376125.1547856994
2017-08-23 00:00:00+00:00,1421542.6533345238,1542560.1399077214,1378869.0861933478
2017-08-24 00:00:00+00:00,1424587.0744708462,1546142.8197439755,1381733.597469081
2017-08-25 00:00:00+00:00,1428708.0203089134,1550992.3556324872,1385493.5513221861
2017-08-28 00:00:00+00:00,1430173.4827609619,1552716.9142735703,1386866.2702501498
2017-08-29 00:00:00+00:00,1427987.2778618843,1550144.1847269263,1384878.1011416556
2017-08-30 00:00:00+00:00,1430624.2188336337,1553247.341230527,1387201.6388949307
2017-08-31 00:00:00+00:00,1438695.078624322,1562745.1424014461,1394753.602152786
2017-09-01 00:00:00+00:00,1443775.310115362,1568723.5672354156,1399486.2792443598
2017-09-05 00:00:00+00:00,1438975.0169371471,1563074.5742716915,1394901.2616081
2017-09-06 00:00:00+00:00,1438091.074266507,1562034.3490726468,1393985.0846131875
2017-09-07 00:00:00+00:00,1439220.5004405181,1563363.4596650978,1395485.4278462734
2017-09-08 00:00:00+00:00,1439591.5979192902,1563800.167792833,1395699.954873071
2017-09-11 00:00:00+00:00,1451072.651844207,1577311.0910698383,1406710.2935652116
2017-09-12 00:00:00+00:00,1449290.946304683,1575214.377039563,1404365.4179192686
2017-09-13 00:00:00+00:00,1448378.6378669355,1574140.7709587985,1403246.3572284079
2017-09-14 00:00:00+00:00,1452072.4394037712,1578487.6427260637,1407036.1496723422
2017-09-15 00:00:00+00:00,1456742.089846759,1583982.8951025656,1411680.7742979997
2017-09-18 00:00:00+00:00,1455014.4181598632,1581949.7681995688,1409962.807929289
2017-09-19 00:00:00+00:00,1455925.5876739288,1583022.0339930574,1410850.9959837229
2017-09-20 00:00:00+00:00,1455176.2465222983,1582140.2080845484,1409900.4453806966
2017-09-21 00:00:00+00:00,1452598.4800015346,1579106.6881728885,1407410.1479220835
2017-09-22 00:00:00+00:00,1453018.8958706455,1579601.4342640701,1407458.9633626833
2017-09-25 00:00:00+00:00,1456885.764946353,1584151.9721977627,1411403.1630087683
2017-09-26 00:00:00+00:00,1457796.6984718747,1585223.9602795423,1412264.0387779155
2017-09-27 00:00:00+00:00,1458792.7815444192,1586396.1524893066,1413042.833328474
2017-09-28 00:00:00+00:00,1462252.7868256127,1590467.8924356527,1416287.0530806119
2017-09-29 00:00:00+00:00,1462634.4008310668,1590916.9764294084,1416586.7220108372
2017-10-02 00:00:00+00:00,1471666.6532555877,1601546.1460443512,1416586.7220108372
2017-10-03 00:00:00+00:00,1471567.609170483,1601429.590800935,1416395.6136409752
2017-10-04 00:00:00+00:00,1471902.6063194498,1601823.816000756,1417183.1320277136
2017-10-05 00:00:00+00:00,1474580.7368298932,1604975.4444217219,1419613.0160016357
2017-10-06 00:00:00+00:00,1474110.360778969,1604421.9051058246,1418961.2279489636
2017-10-09 00:00:00+00:00,1472923.3389727783,1603025.015878019,1417862.9021107485
2017-10-10 00:00:00+00:00,1479477.1778106533,1610737.5842787486,1424346.3842508767
2017-10-11 00:00:00+00:00,1481837.6039805666,1613515.3377055065,1426642.2214040745
2017-10-12 00:00:00+00:00,1481152.796636771,1612709.4552889566,1426114.8284626813
2017-10-13 00:00:00+00:00,1477108.4410405122,1607950.0509238758,1422048.0420765523
2017-10-16 00:00:00+00:00,1475704.6880612748,1606298.112092617,1420397.55966887
2017-10-17 00:00:00+00:00,1478096.3542726187,1609112.6288518796,1422630.5518836076
2017-10-18 00:00:00+00:00,1479659.0823219023,1610951.6498089079,1423961.4257286296
2017-10-19 00:00:00+00:00,1481911.9161354385,1613602.7883724568,1426415.5486428551
2017-10-20 00:00:00+00:00,1483304.682907833,1615241.7986173043,1428045.360352429
2017-10-23 00:00:00+00:00,1479311.0753229638,1610542.1145960898,1424574.6389883817
2017-10-24 00:00:00+00:00,1482606.953925774,1614420.7099954416,1427351.169113351
2017-10-25 00:00:00+00:00,1473338.2699101216,1603513.3072924104,1418421.092337238
2017-10-26 00:00:00+00:00,1478855.3665746308,1610005.8357861778,1423579.628418795
2017-10-27 00:00:00+00:00,1485392.4259674505,1617698.6581081715,1429920.2329349765
2017-10-30 00:00:00+00:00,1481021.9941009074,1612555.5266480804,1425788.9148555524
2017-10-31 00:00:00+00:00,1482589.4187374294,1614400.0745567512,1427500.0595063844
2017-11-01 00:00:00+00:00,1482001.3367320946,1613708.0186787252,1426724.5415425862
2017-11-02 00:00:00+00:00,1484088.8372379215,1616164.5927318903,1428419.4483638797
2017-11-03 00:00:00+00:00,1484088.8372379215,1616164.5927318903,1430086.6309205377
2017-11-06 00:00:00+00:00,1486541.2071019872,1619057.2597501674,1432169.2321261996
2017-11-07 00:00:00+00:00,1483754.9515141961,1615770.7613465656,1429746.7252918514
2017-11-08 00:00:00+00:00,1484853.3440029263,1617066.3586264984,1430831.1028339742
2017-11-09 00:00:00+00:00,1481151.8275143593,1612700.2738768132,1426949.2949149474
2017-11-10 00:00:00+00:00,1478173.4751658905,1609187.189764395,1424040.1422866033
2017-11-13 00:00:00+00:00,1479633.371042097,1610909.1945537617,1425668.5667904546
2017-11-14 00:00:00+00:00,1480117.6821418372,1611480.458605458,1426443.6520572354
2017-11-15 00:00:00+00:00,1471579.4587402835,1601409.287209066,1418189.5116503297
2017-11-16 00:00:00+00:00,1478733.1658597293,1609847.3670215968,1425189.629196735
2017-11-17 00:00:00+00:00,1482107.255713697,1613827.2391364395,1428060.5516459579
2017-11-20 00:00:00+00:00,1484707.835934644,1616894.726118621,1430657.9024980764
2017-11-21 00:00:00+00:00,1491252.3693233992,1624614.2614795219,1436824.1870541093
2017-11-22 00:00:00+00:00,1491103.3040261902,1624438.4330797668,1436532.2125959801
2017-11-24 00:00:00+00:00,1492417.1493062424,1625988.1654282245,1437860.1859376407
2017-11-27 00:00:00+00:00,1491441.7551483274,1624837.6495326562,1437021.468380108
2017-11-28 00:00:00+00:00,1507772.5950163149,1644100.5195259163,1452887.0654533305
2017-11-29 00:00:00+00:00,1511904.5292825869,1648974.2990274788,1456627.4797677402
2017-11-30 00:00:00+00:00,1518887.994616039,1657211.5719361682,1463414.5708754882
2017-12-01 00:00:00+00:00,1514867.4487449005,1652469.1794417389,1459354.4695614376
2017-12-04 00:00:00+00:00,1515324.211504494,1653007.949139252,1459602.4509772402
2017-12-05 00:00:00+00:00,1505814.6246446315,1641791.0162165165,1450487.8762476335
2017-12-06 00:00:00+00:00,1501959.473432417,1637243.7132482955,1446867.1301321331
2017-12-07 00:00:00+00:00,1507296.6620536065,1643539.1378174268,1452020.064066255
2017-12-08 00:00:00+00:00,1512121.3129087463,1649230.0038682055,1456538.2179921507
2017-12-11 00:00:00+00:00,1513500.75784636,1650857.1136011346,1457796.3774286667
2017-12-12 00:00:00+00:00,1505295.5447182127,1641178.7409618732,1449699.3296887488
2017-12-13 00:00:00+00:00,1509256.4201921686,1645850.7498684,1453665.8934409637
2017-12-14 00:00:00+00:00,1500530.5475804128,1635558.2388244648,1445203.956119392
2017-12-15 00:00:00+00:00,1509164.2239986826,1645742.0008203813,1453521.6315154005
2017-12-18 00:00:00+00:00,1515189.42985255,1652848.9688626793,1459248.1096874308
2017-12-19 00:00:00+00:00,1507507.699854784,1643788.0652308734,1451848.720973155
2017-12-20 00:00:00+00:00,1506330.2118402608,1642399.1716573806,1450795.7703127638
2017-12-21 00:00:00+00:00,1504008.9634893346,1639661.1676375377,1448975.5282902338
2017-12-22 00:00:00+00:00,1503928.6434998733,1639566.4270407679,1448958.5663868624
2017-12-26 00:00:00+00:00,1503650.5534022085,1639238.4087979195,1448628.1522230706
2017-12-27 00:00:00+00:00,1505870.8801321723,1641857.371783754,1450861.955733179
2017-12-28 00:00:00+00:00,1511323.1916785128,1648288.5883855282,1456069.7353020676
2017-12-29 00:00:00+00:00,1506497.106254439,1642596.030204088,1451382.1458812556
2018-01-02 00:00:00+00:00,1514697.6577430728,1652268.904255608,1451382.1458812556
2018-01-03 00:00:00+00:00,1515854.2871563872,1653633.194285953,1451224.18727876
2018-01-04 00:00:00+00:00,1515830.5213848408,1653605.1616206837,1451877.1693033252
2018-01-05 00:00:00+00:00,1518684.9057109521,1656972.020559302,1456255.861488603
2018-01-08 00:00:00+00:00,1522683.3776553404,1661688.3759861551,1460277.8788793539
2018-01-09 00:00:00+00:00,1514828.9599608271,1652423.7804022653,1455780.9554844685
2018-01-10 00:00:00+00:00,1507650.252203409,1643956.2113507907,1446859.7306420035
2018-01-11 00:00:00+00:00,1522044.8840749233,1660935.2476148936,1462478.3491212595
2018-01-12 00:00:00+00:00,1525363.7984266086,1664850.038047724,1463267.406047561
2018-01-16 00:00:00+00:00,1517556.3303682674,1655640.8214121992,1452441.9512585541
2018-01-17 00:00:00+00:00,1525874.808650806,1665452.7947701898,1463250.7440684084
2018-01-18 00:00:00+00:00,1520324.867609862,1658906.4203273463,1451256.0847541918
2018-01-19 00:00:00+00:00,1527174.9585962873,1666986.3729311414,1457157.7957391976
2018-01-22 00:00:00+00:00,1527184.382795576,1666997.4891460552,1462396.2811954897
2018-01-23 00:00:00+00:00,1527184.382795576,1666997.4891460552,1466147.033569795
2018-01-24 00:00:00+00:00,1525138.564212847,1664532.6321949381,1464148.3380470227
2018-01-25 00:00:00+00:00,1525828.5521370838,1665363.9481022232,1464649.5600076392
2018-01-26 00:00:00+00:00,1527277.01555234,1667109.0955691948,1466264.1058691281
2018-01-29 00:00:00+00:00,1512369.361028319,1649147.954640769,1451792.2212106262
2018-01-30 00:00:00+00:00,1502481.6924059757,1637235.0270039411,1442074.5709250295
2018-01-31 00:00:00+00:00,1501306.9065188274,1635819.6135433065,1440809.8068667548
2018-02-01 00:00:00+00:00,1497185.7674143538,1630854.3549158126,1437264.002873091
2018-02-02 00:00:00+00:00,1468435.900126069,1596215.7457901197,1409211.7152931285
2018-02-05 00:00:00+00:00,1431854.2961429958,1552141.2508070807,1373622.3904024498
2018-02-06 00:00:00+00:00,1439291.3911047291,1561101.6617483553,1381259.504517239
2018-02-07 00:00:00+00:00,1434640.7671196451,1555498.465573758,1376677.934820017
2018-02-08 00:00:00+00:00,1403607.1709184505,1518108.358767394,1346312.215968527
2018-02-09 00:00:00+00:00,1421690.2731824464,1539895.3640715098,1363551.1970825344
2018-02-12 00:00:00+00:00,1434430.3509795358,1555244.9505798314,1375932.740794409
2018-02-13 00:00:00+00:00,1436359.4856670934,1557569.2236529232,1377962.4389668237
2018-02-14 00:00:00+00:00,1443589.7970675968,1566280.4962284712,1385430.329424487
2018-02-15 00:00:00+00:00,1452895.6204527868,1577492.4011600697,1393983.1421732055
2018-02-16 00:00:00+00:00,1454412.9783829728,1579320.5545814561,1395332.3899157527
2018-02-20 00:00:00+00:00,1443818.5015743861,1566556.045535761,1385366.3503024944
2018-02-21 00:00:00+00:00,1435234.2494151094,1556213.508918114,1377284.548015643
2018-02-22 00:00:00+00:00,1434792.1949211634,1555680.9098394988,1376653.9739715355
2018-02-23 00:00:00+00:00,1453799.3904342141,1578581.2874082145,1394763.6670576218
2018-02-26 00:00:00+00:00,1457902.0024823218,1583524.2241426273,1398744.1046173936
2018-02-27 00:00:00+00:00,1437254.2549163306,1558647.2655781687,1378956.3041148498
2018-02-28 00:00:00+00:00,1422114.2930772423,1540406.2345826696,1364271.4429220618
2018-03-01 00:00:00+00:00,1416838.2012372876,1534049.4580061769,1358956.1978814716
2018-03-02 00:00:00+00:00,1418406.0177955457,1535938.405332359,1360540.4829297399
2018-03-05 00:00:00+00:00,1431700.6085670108,1551956.0839046168,1372994.9200054046
2018-03-06 00:00:00+00:00,1436355.7653223593,1557564.7412820738,1377747.1915873776
2018-03-07 00:00:00+00:00,1437397.702724873,1558820.0953349192,1378876.9636010814
2018-03-08 00:00:00+00:00,1437858.7403010114,1559375.565738729,1379244.9041550958
2018-03-09 00:00:00+00:00,1452653.6091874717,1577200.8195141717,1393737.184982659
2018-03-12 00:00:00+00:00,1456274.646321816,1581563.54191106,1397150.9980805395
2018-03-13 00:00:00+00:00,1456215.8171266457,1581492.6629231242,1397048.3822390013
2018-03-14 00:00:00+00:00,1454211.1050942636,1579077.3322434046,1395011.1744539968
2018-03-15 00:00:00+00:00,1448503.845485171,1572201.0732055497,1389570.0362190779
2018-03-16 00:00:00+00:00,1458797.2235248613,1584602.810400528,1399403.1877651012
2018-03-19 00:00:00+00:00,1446273.090551338,1569513.399991846,1387233.2072605789
2018-03-20 00:00:00+00:00,1443399.7513553798,1566051.524070948,1384597.3784414332
2018-03-21 00:00:00+00:00,1448058.7356050776,1571664.7929159766,1389235.1373305975
2018-03-22 00:00:00+00:00,1427170.2089423721,1546497.7372553092,1368676.5502536446
2018-03-23 00:00:00+00:00,1408974.571674938,1524575.1467689055,1351153.866151886
2018-03-26 00:00:00+00:00,1427717.4751143092,1547157.0981778263,1369313.352152193
2018-03-27 00:00:00+00:00,1423996.3340415398,1542673.7678782898,1365146.3868469007
2018-03-28 00:00:00+00:00,1421935.309270553,1540190.5901048165,1362997.7386843276
2018-03-29 00:00:00+00:00,1435979.3367797018,1557111.2101049689,1376629.5673352154
2018-04-02 00:00:00+00:00,1415049.697956198,1531894.6214132812,1376629.5673352154
2018-04-03 00:00:00+00:00,1426451.8294547584,1545632.2144330353,1389205.8200044052
2018-04-04 00:00:00+00:00,1438564.8262100443,1560226.276928694,1402417.3246082205
2018-04-05 00:00:00+00:00,1453496.2273291636,1578216.0283900811,1416576.1600840644
2018-04-06 00:00:00+00:00,1435714.7400890288,1556792.4169344725,1398055.1230811586
2018-04-09 00:00:00+00:00,1436880.2650933778,1558196.672635796,1398953.929368891
2018-04-10 00:00:00+00:00,1447793.1706739534,1571344.833183486,1410922.532704279
2018-04-11 00:00:00+00:00,1444237.4129784445,1567060.761200636,1407438.4364533413
2018-04-12 00:00:00+00:00,1444615.3066850037,1567516.0576464003,1408743.1853152334
2018-04-13 00:00:00+00:00,1444327.8059364145,1567169.6690542768,1407700.8234874995
2018-04-16 00:00:00+00:00,1460119.5752633559,1586196.0151460352,1423266.5897189172
2018-04-17 00:00:00+00:00,1471177.0229854963,1599518.3239321727,1433875.378913798
2018-04-18 00:00:00+00:00,1474172.3510375496,1603127.1752899166,1436505.9824857598
2018-04-19 00:00:00+00:00,1468520.8659554007,1596318.1148940101,1429588.711690428
2018-04-20 00:00:00+00:00,1460347.7888558717,1586470.972986677,1421030.7256181308
2018-04-23 00:00:00+00:00,1458423.7674213254,1584152.860497585,1418994.6835721515
2018-04-24 00:00:00+00:00,1449882.4583045063,1573862.0628061546,1410504.6933106433
2018-04-25 00:00:00+00:00,1451694.220578532,1576044.9224558831,1412159.2053276238
2018-04-26 00:00:00+00:00,1466258.4605952709,1593592.3084001015,1426230.0137456383
2018-04-27 00:00:00+00:00,1469516.2663709729,1597517.3999401918,1429439.0957525924
2018-04-30 00:00:00+00:00,1463713.2326691463,1590525.749713594,1422853.537291058
2018-05-01 00:00:00+00:00,1467681.7732104433,1595307.1535103854,1426788.6481764356
2018-05-02 00:00:00+00:00,1467681.7732104433,1595307.1535103854,1425504.6317613432
2018-05-03 00:00:00+00:00,1468701.8295429829,1596528.4104623813,1426211.007001011
2018-05-04 00:00:00+00:00,1481390.8559265821,1611720.2789805115,1438627.380547234
2018-05-07 00:00:00+00:00,1485648.9345765433,1616818.240718039,1443038.7113731513
2018-05-08 00:00:00+00:00,1476279.4029377105,1605600.6194104196,1434078.5421614514
2018-05-09 00:00:00+00:00,1478749.427446965,1608557.8429551395,1436544.4530112927
2018-05-10 00:00:00+00:00,1489552.1129733135,1621491.3000382707,1447176.1412934714
2018-05-11 00:00:00+00:00,1491181.775269981,1623442.4044486077,1448814.6906464908
2018-05-14 00:00:00+00:00,1492107.2171188924,1624550.384719498,1450220.1359813218
2018-05-15 00:00:00+00:00,1483756.3961865138,1614552.4093202886,1442097.1156646067
2018-05-16 00:00:00+00:00,1488781.0249685594,1620568.1190762324,1447099.355100551
2018-05-17 00:00:00+00:00,1491564.5695507883,1623900.7028402817,1450030.52430137
2018-05-18 00:00:00+00:00,1492974.1715871817,1625588.3412888441,1451397.4211818061
2018-05-21 00:00:00+00:00,1500798.6427444823,1634956.1472537874,1459265.4333298022
2018-05-22 00:00:00+00:00,1493012.0491042957,1625633.6899422698,1451511.9302212792
2018-05-23 00:00:00+00:00,1492389.914458872,1624888.8425877036,1450819.3132667174
2018-05-24 00:00:00+00:00,1493596.235558196,1626333.104028854,1451886.9343928774
2018-05-25 00:00:00+00:00,1491880.5172802792,1624278.9695583046,1450005.6390417719
2018-05-29 00:00:00+00:00,1485268.266909844,1616362.4884036556,1443538.9404071905
2018-05-30 00:00:00+00:00,1500299.266069672,1634358.2712185907,1458416.1971925737
2018-05-31 00:00:00+00:00,1492428.907764183,1624935.5271125413,1450834.8517996215
2018-06-01 00:00:00+00:00,1494845.4841225152,1627828.7601463425,1453342.8731585161
2018-06-04 00:00:00+00:00,1499965.4356851003,1633958.5945880553,1458570.7588174804
2018-06-05 00:00:00+00:00,1496806.441441788,1630176.5057387517,1455366.903538399
2018-06-06 00:00:00+00:00,1499367.8087591697,1633243.0889686984,1457600.3045935715
2018-06-07 00:00:00+00:00,1500991.2236591626,1635186.7137170038,1458936.9297253657
2018-06-08 00:00:00+00:00,1505158.0362776092,1640175.4076896908,1462567.6027918684
2018-06-11 00:00:00+00:00,1506994.0950814243,1642373.6192069408,1464251.9663095248
2018-06-12 00:00:00+00:00,1511481.3104811518,1647745.913684419,1468243.027842282
2018-06-13 00:00:00+00:00,1502102.6645733565,1636517.3803673568,1459256.563847634
2018-06-14 00:00:00+00:00,1506315.408201996,1641561.064994698,1463555.1657536707
2018-06-15 00:00:00+00:00,1506608.6166898122,1641912.107278057,1463529.8908857477
2018-06-18 00:00:00+00:00,1509698.3073797245,1645611.222821193,1466929.0641918958
2018-06-19 00:00:00+00:00,1509010.6901159445,1644787.976754368,1466085.316577362
2018-06-20 00:00:00+00:00,1516659.8313414112,1653945.8699024264,1473508.6922380547
2018-06-21 00:00:00+00:00,1509348.1514927123,1645192.00057076,1466141.7280568872
2018-06-22 00:00:00+00:00,1511561.7639497416,1647842.236166515,1468412.574732241
2018-06-25 00:00:00+00:00,1499593.9758737292,1633513.866328887,1456400.585234105
2018-06-26 00:00:00+00:00,1504672.7581516735,1639594.411066225,1461617.218755961
2018-06-27 00:00:00+00:00,1494310.549162832,1627188.3121460325,1451494.7386341172
2018-06-28 00:00:00+00:00,1496862.296100933,1630243.3774286832,1454129.925218288
2018-06-29 00:00:00+00:00,1502979.7825278156,1637567.5051157977,1460099.0118140928
2018-07-02 00:00:00+00:00,1504491.4864747967,1639377.3845270784,1460099.0118140928
2018-07-03 00:00:00+00:00,1505538.8096838703,1640631.2866001953,1461342.7841150085
2018-07-05 00:00:00+00:00,1513770.4758022355,1650486.604539875,1469169.1133958949
2018-07-06 00:00:00+00:00,1524712.2562764399,1663586.5923004178,1479784.7927003633
2018-07-09 00:00:00+00:00,1523708.2793997559,1662384.5863903714,1479661.7203507465
2018-07-10 00:00:00+00:00,1525530.300834809,1664565.99174345,1481493.2253884391
2018-07-11 00:00:00+00:00,1515792.9284965526,1652907.9751389553,1471942.807953126
2018-07-12 00:00:00+00:00,1519958.7441103063,1657895.4754531414,1476091.52716653
2018-07-13 00:00:00+00:00,1521795.595436496,1660094.6358135375,1478266.9721405138
2018-07-16 00:00:00+00:00,1517646.1511306644,1655126.7359596156,1474437.604107394
2018-07-17 00:00:00+00:00,1521025.8268339788,1659173.0344987242,1478154.2634477634
2018-07-18 00:00:00+00:00,1522395.2612719683,1660812.5825063651,1479212.3658866005
2018-07-19 00:00:00+00:00,1527591.4351728505,1667033.6737322118,1483751.2662662454
2018-07-20 00:00:00+00:00,1527591.4351728505,1667033.6737322118,1475197.2912262296
2018-07-23 00:00:00+00:00,1524364.5386141266,1663223.774449096,1472016.213493329
2018-07-24 00:00:00+00:00,1518712.7867894813,1656550.9218078018,1466248.7608452812
2018-07-25 00:00:00+00:00,1520523.0982594308,1658688.301871297,1467956.2235855046
2018-07-26 00:00:00+00:00,1529979.0593366,1669852.6694527983,1477061.506470355
2018-07-27 00:00:00+00:00,1518406.094463192,1656188.8194432536,1465777.9973105052
2018-07-30 00:00:00+00:00,1515950.0740945614,1653289.0703897965,1463349.1670284704
2018-07-31 00:00:00+00:00,1528831.2788900563,1668497.519753736,1475965.911755487
2018-08-01 00:00:00+00:00,1515399.5457822087,1652639.0782427294,1463025.5300116327
2018-08-02 00:00:00+00:00,1520032.8707579782,1658109.5050699865,1467582.265160622
2018-08-03 00:00:00+00:00,1523938.661888847,1662720.9546651922,1471324.757041024
2018-08-06 00:00:00+00:00,1529339.4608284633,1669097.514816359,1476505.8093239048
2018-08-07 00:00:00+00:00,1530964.79560268,1671016.4984833037,1478259.280835316
2018-08-08 00:00:00+00:00,1528948.8116922977,1668636.2871827048,1476227.099775898
2018-08-09 00:00:00+00:00,1531938.9492234297,1672166.652234376,1478988.2309816286
2018-08-10 00:00:00+00:00,1525663.0882373897,1664756.9327604107,1472811.224810638
2018-08-13 00:00:00+00:00,1514197.9029304248,1651220.33482897,1461527.0910016159
2018-08-14 00:00:00+00:00,1524295.2440962817,1663141.9605052473,1471343.1834518323
2018-08-15 00:00:00+00:00,1511931.9755601424,1648545.022835999,1459485.3313692138
2018-08-16 00:00:00+00:00,1528516.6264352559,1668126.019105928,1475533.036303445
2018-08-17 00:00:00+00:00,1534865.0979823302,1675621.4676757595,1481640.0587944612
2018-08-20 00:00:00+00:00,1539011.3518000958,1680516.8243010638,1485765.904943142
2018-08-21 00:00:00+00:00,1545381.0174090357,1688037.2960594716,1492003.7230746427
2018-08-22 00:00:00+00:00,1540943.610564492,1682798.183851113,1487693.3467543246
2018-08-23 00:00:00+00:00,1534908.2005487548,1675672.3575738184,1481916.7378982482
2018-08-24 00:00:00+00:00,1540630.0090663617,1682427.9240360968,1487364.5858708788
2018-08-27 00:00:00+00:00,1544436.6396138074,1686922.2977260717,1491035.4336811474
2018-08-28 00:00:00+00:00,1540117.1571946645,1681822.415324316,1486831.372514914
2018-08-29 00:00:00+00:00,1545492.7391782077,1688169.202577245,1491931.0651512404
2018-08-30 00:00:00+00:00,1539051.879351298,1680564.6739564403,1485688.3649011692
2018-08-31 00:00:00+00:00,1536836.6641225424,1677949.2362569682,1483568.1079893955
2018-09-04 00:00:00+00:00,1534408.1729801518,1675081.9901292818,1481219.4699879026
2018-09-05 00:00:00+00:00,1537142.7145847909,1678310.5807920343,1483747.8088642014
2018-09-06 00:00:00+00:00,1529835.9689379823,1669683.7269418773,1476747.8779403586
2018-09-07 00:00:00+00:00,1517659.6427936966,1655307.5065072055,1464837.4625634043
2018-09-10 00:00:00+00:00,1525190.6596709427,1664199.1506239602,1472111.5897220816
2018-09-11 00:00:00+00:00,1524557.4377898562,1663451.5246784426,1471473.9647268073
2018-09-12 00:00:00+00:00,1525272.480790353,1664295.7543478515,1472074.2178630577
2018-09-13 00:00:00+00:00,1524380.0328120764,1663242.0679805395,1471150.6903995997
2018-09-14 00:00:00+00:00,1526155.6841436813,1665338.5258657658,1472862.9900548388
2018-09-17 00:00:00+00:00,1520096.1607501407,1658184.2296517575,1466937.2308223199
2018-09-18 00:00:00+00:00,1523005.5828955786,1661619.2964859318,1469742.6104794196
2018-09-19 00:00:00+00:00,1512250.5118201918,1648921.108975335,1459369.3677387517
2018-09-20 00:00:00+00:00,1517415.006839842,1655018.6722268832,1464349.8879174269
2018-09-21 00:00:00+00:00,1516070.556116001,1653431.3198727774,1463038.2028116414
2018-09-24 00:00:00+00:00,1506960.5346479777,1642675.3927370412,1454283.7409282676
2018-09-25 00:00:00+00:00,1501036.064552677,1635680.5498723371,1448688.2715988504
2018-09-26 00:00:00+00:00,1491959.1296464505,1624963.6870405779,1439946.3809813636
2018-09-27 00:00:00+00:00,1491786.7762053937,1624760.1945394783,1439658.6423623266
2018-09-28 00:00:00+00:00,1495642.0810869036,1629312.036545243,1443350.5556491902
2018-10-01 00:00:00+00:00,1492279.3838605431,1625341.8015163545,1443350.5556491902
2018-10-02 00:00:00+00:00,1493431.8414535697,1626702.4733809736,1441273.4378115183
2018-10-03 00:00:00+00:00,1495352.4202883847,1628970.0427910145,1442261.251441303
2018-10-04 00:00:00+00:00,1487219.771990712,1619368.0706313034,1434572.0343523908
2018-10-05 00:00:00+00:00,1482655.9991539237,1613979.761913388,1435749.6892574776
2018-10-08 00:00:00+00:00,1484387.6732807516,1616024.2972414745,1438520.2811763152
2018-10-09 00:00:00+00:00,1478516.029343833,1609091.8246261068,1437524.4734805052
2018-10-10 00:00:00+00:00,1478516.029343833,1609091.8246261068,1415538.401464178
2018-10-11 00:00:00+00:00,1458093.4674738913,1585261.1052472964,1395474.693898318
2018-10-12 00:00:00+00:00,1463518.5804736644,1591591.5718322066,1400078.992613364
2018-10-15 00:00:00+00:00,1465904.4389718776,1594375.5871144494,1402610.0088623096
2018-10-16 00:00:00+00:00,1487740.7986534731,1619856.0416793968,1423131.8362471103
2018-10-17 00:00:00+00:00,1483843.6449272502,1615308.5232330263,1419522.8513157459
2018-10-18 00:00:00+00:00,1473981.4565972434,1603800.5134128048,1410575.2415345
2018-10-19 00:00:00+00:00,1472106.0219397396,1601612.1025111317,1409447.4960968592
2018-10-22 00:00:00+00:00,1466657.3959457986,1595254.1990370918,1404105.5744901665
2018-10-23 00:00:00+00:00,1456024.462772288,1582846.8209497945,1394117.962074357
2018-10-24 00:00:00+00:00,1433730.0189540754,1556831.8362616864,1374120.243359308
2018-10-25 00:00:00+00:00,1439432.9702247628,1563486.5073175642,1378556.8647844207
2018-10-26 00:00:00+00:00,1423988.2683750966,1545464.3630825405,1363703.79624791
2018-10-29 00:00:00+00:00,1422759.5225955257,1544030.561777526,1363091.3052354788
2018-10-30 00:00:00+00:00,1439038.7205974841,1563026.464532888,1378081.667923333
2018-10-31 00:00:00+00:00,1438182.5332853345,1562027.3949890435,1376745.2052607827
2018-11-01 00:00:00+00:00,1447758.8710092907,1573201.8508888297,1385617.1083345558
2018-11-02 00:00:00+00:00,1439278.702275951,1563306.494828402,1377440.9195125436
2018-11-05 00:00:00+00:00,1451858.182010027,1577985.2630154348,1389802.7009843744
2018-11-06 00:00:00+00:00,1461881.7277225591,1589681.5578572485,1399418.9826891266
2018-11-07 00:00:00+00:00,1476559.429072936,1606808.7030329788,1413420.4120559993
2018-11-08 00:00:00+00:00,1476941.2653044718,1607254.260849885,1413463.3330223423
2018-11-09 00:00:00+00:00,1465213.5692414278,1593569.4236772414,1402853.6549922416
2018-11-12 00:00:00+00:00,1455816.095384499,1582603.6808003015,1394046.3097380323
2018-11-13 00:00:00+00:00,1455384.5483440536,1582100.1163363962,1393633.06113446
2018-11-14 00:00:00+00:00,1443385.3071728079,1568098.4180709354,1382108.2292653492
2018-11-15 00:00:00+00:00,1447297.2858825792,1572663.2355234239,1385518.711829
2018-11-16 00:00:00+00:00,1452272.197049518,1578468.3697033983,1390788.3164950856
2018-11-19 00:00:00+00:00,1444656.4107803726,1569581.645962038,1384191.7921085723
2018-11-20 00:00:00+00:00,1425406.1397165887,1547118.85159723,1366267.8059308368
2018-11-21 00:00:00+00:00,1428969.7432015662,1551277.1562785264,1369081.920641275
2018-11-23 00:00:00+00:00,1422283.6886540456,1543475.3197269677,1362775.3057402219
2018-11-26 00:00:00+00:00,1436480.0204660175,1560040.7634638534,1376013.5933318997
2018-11-27 00:00:00+00:00,1436858.454756556,1560482.3516171211,1376525.8037196964
2018-11-28 00:00:00+00:00,1453012.4398292108,1579332.145661938,1391285.174732242
2018-11-29 00:00:00+00:00,1449305.6730002495,1575006.7862547194,1387868.2283105778
2018-11-30 00:00:00+00:00,1456098.7844149289,1582933.5455351248,1394468.5225194732
2018-12-03 00:00:00+00:00,1471248.2295621238,1600611.1600453225,1408507.4476191688
2018-12-04 00:00:00+00:00,1445528.143767522,1570598.8554738665,1384538.7351540918
2018-12-06 00:00:00+00:00,1440104.5591224595,1564270.1722985231,1379469.2836965143
2018-12-07 00:00:00+00:00,1424584.944685847,1546160.6139159095,1365420.9471405458
2018-12-10 00:00:00+00:00,1421553.2768110402,1542623.0153112698,1362501.5698119097
2018-12-11 00:00:00+00:00,1423712.6371099185,1545142.7339267903,1364697.88015126
2018-12-12 00:00:00+00:00,1430496.7954080608,1553059.045976867,1370931.7856303682
2018-12-13 00:00:00+00:00,1427974.3403387696,1550115.6386176555,1369155.0916473158
2018-12-14 00:00:00+00:00,1413241.8088549497,1532924.5131473911,1355321.796884395
2018-12-17 00:00:00+00:00,1384783.56286753,1499717.098795643,1327910.480828336
2018-12-18 00:00:00+00:00,1377956.0674739084,1491750.217469898,1320919.3268956952
2018-12-19 00:00:00+00:00,1368655.2619410448,1480897.2751180972,1312448.9132056348
2018-12-20 00:00:00+00:00,1359546.5956581451,1470268.5365942346,1304156.6747322606
2018-12-21 00:00:00+00:00,1342633.3191915923,1450532.7391062668,1288501.300285503
2018-12-24 00:00:00+00:00,1305338.790171858,1407014.4253367153,1252323.3379669534
2018-12-26 00:00:00+00:00,1346243.4163831295,1454745.2964558117,1290354.2646809167
2018-12-27 00:00:00+00:00,1350800.713269243,1460063.1240579765,1294815.1479275536
2018-12-28 00:00:00+00:00,1351052.7545482046,1460357.226483963,1295133.9417541882
2018-12-31 00:00:00+00:00,1358056.7719956087,1468530.088212885,1295133.9417541882
2019-01-02 00:00:00+00:00,1358036.4767482164,1468506.4060544753,1294510.8028910724
2019-01-03 00:00:00+00:00,1349006.2533299872,1457969.2010956542,1286490.3011479876
2019-01-04 00:00:00+00:00,1378458.4531423459,1492336.4422521126,1314725.3458194425
2019-01-07 00:00:00+00:00,1387395.70966375,1502765.1658145315,1321928.8241097275
2019-01-08 00:00:00+00:00,1403824.3077630098,1521935.400850859,1337651.5414092075
2019-01-09 00:00:00+00:00,1408113.89565343,1526940.843650756,1340825.0307598705
2019-01-10 00:00:00+00:00,1415219.1021478758,1535231.7810549831,1347960.6791157234
2019-01-11 00:00:00+00:00,1414544.8321257788,1534444.9875182826,1346945.64111495
2019-01-14 00:00:00+00:00,1414544.8321257788,1534444.9875182826,1335308.6282094696
2019-01-15 00:00:00+00:00,1423177.6095861043,1544432.9684802825,1344523.1731157196
2019-01-16 00:00:00+00:00,1430066.024052527,1552402.750264325,1350945.418885427
2019-01-17 00:00:00+00:00,1439365.120393946,1563161.6511683217,1360418.558488191
2019-01-18 00:00:00+00:00,1450708.5704674749,1576285.8355804062,1370743.2786363186
2019-01-22 00:00:00+00:00,1439337.2722220696,1563129.4312933385,1359076.62375619
2019-01-23 00:00:00+00:00,1442919.0811385536,1567273.5250605852,1361916.220862829
2019-01-24 00:00:00+00:00,1451654.0573129947,1577379.7482471324,1365641.6654457198
2019-01-25 00:00:00+00:00,1452291.4027554204,1578117.1463990505,1368540.4403016542
2019-01-28 00:00:00+00:00,1448553.8771813116,1573792.8910303987,1364841.3705768827
2019-01-29 00:00:00+00:00,1454065.3715683115,1580169.599020674,1368408.4199377233
2019-01-30 00:00:00+00:00,1466368.8250874244,1594404.4915660354,1380567.6704816225
2019-01-31 00:00:00+00:00,1474082.1361240242,1603328.6650596308,1388093.6371948854
2019-02-01 00:00:00+00:00,1477054.4902456414,1606767.6296936055,1390982.79219651
2019-02-04 00:00:00+00:00,1482881.671658923,1613509.582360109,1396452.8816793333
2019-02-05 00:00:00+00:00,1488732.5035535991,1620278.8982430282,1401472.3006409418
2019-02-06 00:00:00+00:00,1483659.7672365762,1614409.826094172,1397064.2083331498
2019-02-07 00:00:00+00:00,1481501.645563754,1611912.9149574155,1394185.8110265767
2019-02-08 00:00:00+00:00,1482808.286979711,1613424.6774981178,1395119.1295024194
2019-02-11 00:00:00+00:00,1486451.7653165525,1617640.1217663242,1398603.8137988271
2019-02-12 00:00:00+00:00,1493887.040660847,1626242.6125553367,1404998.764490252
2019-02-13 00:00:00+00:00,1497445.4852009907,1630359.6741249913,1408704.4561837572
2019-02-14 00:00:00+00:00,1497120.2826510915,1629983.420145074,1408359.7705482864
2019-02-15 00:00:00+00:00,1509175.05919461,1643930.5975362638,1419984.166620323
2019-02-19 00:00:00+00:00,1519208.1720802458,1655538.7434605479,1427933.0600974238
2019-02-20 00:00:00+00:00,1523836.1761301341,1660893.2677205303,1432102.0761681844
2019-02-21 00:00:00+00:00,1524249.6168227517,1661371.6117744292,1431214.5898454261
2019-02-22 00:00:00+00:00,1530964.4428549758,1669140.5546067017,1438051.51337886
2019-02-25 00:00:00+00:00,1526288.7899083672,1663730.901360076,1433865.5233434143
2019-02-26 00:00:00+00:00,1522242.548916548,1659049.4673511852,1430059.7578416872
2019-02-27 00:00:00+00:00,1526520.8641481735,1663999.407423114,1434820.778146749
2019-02-28 00:00:00+00:00,1521490.30448541,1658179.1329667408,1430026.065500985
2019-03-01 00:00:00+00:00,1528616.8004509648,1666424.3711136589,1436216.0865905946
2019-03-04 00:00:00+00:00,1522763.7602990095,1659652.5003135344,1430064.6262179327
2019-03-05 00:00:00+00:00,1521355.3835905339,1658023.03171942,1428552.1503878357
2019-03-06 00:00:00+00:00,1512982.8242797023,1648336.1188592052,1420210.0757988854
2019-03-07 00:00:00+00:00,1511532.9958472895,1646658.6913050194,1418258.815489186
2019-03-08 00:00:00+00:00,1509297.791716498,1644072.5970373135,1415696.5572650218
2019-03-11 00:00:00+00:00,1523547.572455931,1660559.3580354084,1429469.422313915
2019-03-12 00:00:00+00:00,1527493.8314570072,1665125.1145320882,1433300.7169426852
2019-03-13 00:00:00+00:00,1532849.3021684852,1671321.3057063213,1438306.007863557
2019-03-14 00:00:00+00:00,1529761.3271961566,1667748.5696574086,1435140.7257638448
2019-03-15 00:00:00+00:00,1530715.7219450327,1668852.788621214,1435759.524110885
2019-03-18 00:00:00+00:00,1537803.789464223,1677053.5656902865,1443049.6220299625
2019-03-19 00:00:00+00:00,1528917.6708836653,1666772.473235792,1434988.6257952042
2019-03-20 00:00:00+00:00,1523597.239556035,1660616.8220500385,1429750.0763214082
2019-03-21 00:00:00+00:00,1536745.9815939767,1675829.6994527946,1442308.9505739515
2019-03-22 00:00:00+00:00,1519564.2754865275,1655950.7492210101,1424981.3005040325
2019-03-25 00:00:00+00:00,1520195.959028285,1656681.5966473548,1426508.5848503988
2019-03-26 00:00:00+00:00,1528447.711548909,1666228.7380462738,1434432.6697834514
2019-03-27 00:00:00+00:00,1523772.0830720419,1660819.1131107348,1430271.3155865401
2019-03-28 00:00:00+00:00,1522764.2761604646,1659653.0971567193,1430013.0626001884
2019-03-29 00:00:00+00:00,1526415.6021906422,1663877.6210765205,1432845.5328612213
2019-04-01 00:00:00+00:00,1533122.610321306,1671637.5187257905,1432845.5328612213
2019-04-02 00:00:00+00:00,1526901.06141714,1664439.2893848228,1427946.9072650922
2019-04-03 00:00:00+00:00,1530764.546284927,1668909.2775761988,1430929.059343314
2019-04-04 00:00:00+00:00,1533971.1257938794,1672619.237115379,1434480.3495150576
2019-04-05 00:00:00+00:00,1543181.2112216707,1683275.1538622133,1442682.1110398076
2019-04-08 00:00:00+00:00,1543181.2112216707,1683275.1538622133,1439456.9835375303
2019-04-09 00:00:00+00:00,1534510.2075525988,1673435.5429641684,1431263.1490081784
2019-04-10 00:00:00+00:00,1539047.9125093967,1678584.802824855,1435575.8272860842
2019-04-11 00:00:00+00:00,1542202.5561687173,1682164.6036546503,1438510.3892341207
2019-04-12 00:00:00+00:00,1547983.1560722985,1688724.2657167707,1444053.1535112213
2019-04-15 00:00:00+00:00,1546127.575538245,1686618.6051563676,1442299.3070694287
2019-04-16 00:00:00+00:00,1541603.1997455107,1681484.4708558794,1438094.5733780614
2019-04-17 00:00:00+00:00,1537731.430168492,1677090.8957198616,1434431.4386857515
2019-04-18 00:00:00+00:00,1534531.3443543287,1673459.5284118266,1431428.472485084
2019-04-22 00:00:00+00:00,1533067.4593477238,1671798.3529107883,1430020.4763485955
2019-04-23 00:00:00+00:00,1542478.5621358217,1682477.807457289,1438856.1926872432
2019-04-24 00:00:00+00:00,1545812.3181458488,1686260.8599411305,1441936.6099358161
2019-04-25 00:00:00+00:00,1540332.8123181716,1680042.8709613513,1436749.1781196236
2019-04-26 00:00:00+00:00,1547357.3343492309,1688014.1008406454,1443338.8995586876
2019-04-29 00:00:00+00:00,1545951.177880328,1686418.4340592867,1442015.445632398
2019-04-30 00:00:00+00:00,1553741.8419862418,1695259.06040027,1449106.566629244
2019-05-01 00:00:00+00:00,1540233.4620029056,1679930.1310200337,1436430.0897774193
2019-05-02 00:00:00+00:00,1540870.7000577492,1680653.2508281192,1437000.0368508985
2019-05-03 00:00:00+00:00,1554489.8575688177,1696107.8874287345,1449712.2618487384
2019-05-06 00:00:00+00:00,1549356.0356637728,1690282.170834278,1444875.5228126198
2019-05-07 00:00:00+00:00,1534429.0938784801,1673343.4974499114,1430883.9679533402
2019-05-08 00:00:00+00:00,1523839.585128318,1661326.8209866444,1421067.7403389863
2019-05-09 00:00:00+00:00,1519825.8555812528,1656772.153672412,1417264.8234692602
2019-05-10 00:00:00+00:00,1532505.3958237965,1671160.5390444242,1429002.6702234312
2019-05-13 00:00:00+00:00,1515140.978169914,1651455.8866528238,1412603.2568373727
2019-05-14 00:00:00+00:00,1519539.3618318834,1656447.0486296625,1416829.0565033345
2019-05-15 00:00:00+00:00,1521385.178668313,1658541.6296208235,1418572.8542467349
2019-05-16 00:00:00+00:00,1529992.9210012893,1668309.4533353054,1426646.4591889498
2019-05-17 00:00:00+00:00,1525284.6575644691,1662966.6485122554,1422143.1036279683
2019-05-20 00:00:00+00:00,1522605.2899335735,1659926.1775417647,1419618.5699397905
2019-05-21 00:00:00+00:00,1530685.0356741762,1669094.8455849162,1427240.397939198
2019-05-22 00:00:00+00:00,1527730.9014359517,1665742.5772023757,1424408.337126804
2019-05-23 00:00:00+00:00,1515705.290324269,1652096.2522017048,1413080.1196518894
2019-05-24 00:00:00+00:00,1519127.6288595134,1655979.8256418016,1416311.3939834794
2019-05-28 00:00:00+00:00,1502843.3256931375,1637500.856768283,1401179.6627179626
2019-05-29 00:00:00+00:00,1490817.5770917665,1623854.3757481836,1389977.8334901961
2019-05-30 00:00:00+00:00,1487004.469643304,1619527.3687444688,1386409.2154403205
2019-05-31 00:00:00+00:00,1481627.1112651583,1613425.2938152396,1381210.0579555684
2019-06-03 00:00:00+00:00,1492221.6202573164,1625447.6444123806,1391069.78454139
2019-06-04 00:00:00+00:00,1511091.1116651546,1646860.2121361592,1408913.6031855186
2019-06-05 00:00:00+00:00,1518944.3243012582,1655771.8167886278,1416237.536345371
2019-06-06 00:00:00+00:00,1524440.7038748972,1662008.9536203737,1421319.048200791
2019-06-07 00:00:00+00:00,1525868.6370206592,1663629.3319616762,1422665.6467161747
2019-06-10 00:00:00+00:00,1524333.64859821,1661887.470305709,1421354.7455901797
2019-06-11 00:00:00+00:00,1523498.3544325395,1660939.6019978086,1420558.3369768946
2019-06-12 00:00:00+00:00,1524878.5590194198,1662505.8193139236,1421713.6345550506
2019-06-13 00:00:00+00:00,1533812.061543535,1672643.30652403,1430157.5786747143
2019-06-14 00:00:00+00:00,1534774.226746704,1673735.1445142028,1430982.452947142
2019-06-17 00:00:00+00:00,1533183.0751387384,1671929.5504561556,1429550.9205573122
2019-06-18 00:00:00+00:00,1540805.043250529,1680578.7453313502,1436770.9159969448
2019-06-19 00:00:00+00:00,1547177.4157071058,1687809.9342297912,1442744.332239701
2019-06-20 00:00:00+00:00,1557974.5958322403,1700062.270323982,1452928.7497894836
2019-06-21 00:00:00+00:00,1560000.7952289367,1702361.5443672463,1454761.2971011566
2019-06-24 00:00:00+00:00,1553186.862575085,1694629.2853856788,1448329.7578297844
2019-06-25 00:00:00+00:00,1546575.18401956,1687126.5386619796,1442094.3946358296
2019-06-26 00:00:00+00:00,1535871.9400388943,1674980.7986604804,1432309.2947394294
2019-06-27 00:00:00+00:00,1544410.9657487432,1684670.6446852265,1440413.1565083428
2019-06-28 00:00:00+00:00,1556351.7579737324,1698220.719600703,1451550.011927002
2019-07-01 00:00:00+00:00,1559773.4636819002,1702103.5749264462,1451550.011927002
2019-07-02 00:00:00+00:00,1563153.5943484362,1705939.2520651715,1454251.0507331456
2019-07-03 00:00:00+00:00,1572534.0678457501,1716583.949354623,1463348.347583846
2019-07-05 00:00:00+00:00,1573598.215799204,1717791.514499277,1463770.4864089342
2019-07-08 00:00:00+00:00,1567993.0013132903,1711430.8748724945,1458041.6830670517
2019-07-09 00:00:00+00:00,1567190.043561372,1710519.7010167353,1457804.1216715432
2019-07-10 00:00:00+00:00,1568004.2248316603,1711443.6110052285,1459321.129845121
2019-07-11 00:00:00+00:00,1568004.2248316603,1711443.6110052285,1459608.5654324898
2019-07-12 00:00:00+00:00,1571676.5703677966,1715517.7217264413,1462895.1378036875
2019-07-15 00:00:00+00:00,1569061.7123174407,1712616.7906695523,1460623.6787019216
2019-07-16 00:00:00+00:00,1567265.8537654562,1710624.460016452,1458786.764394575
2019-07-17 00:00:00+00:00,1561795.252078481,1704555.35873906,1453843.2342813353
2019-07-18 00:00:00+00:00,1567888.7151688465,1711315.4642524128,1459657.7689397053
2019-07-19 00:00:00+00:00,1560223.9344912232,1702812.1344793371,1452406.695876509
2019-07-22 00:00:00+00:00,1558499.1480800398,1700898.651464066,1450854.811943266
2019-07-23 00:00:00+00:00,1562697.5449425268,1705556.3650427721,1454464.5644716367
2019-07-24 00:00:00+00:00,1570746.3635213254,1714485.7475701803,1461784.5746688854
2019-07-25 00:00:00+00:00,1560589.5734594855,1703217.7754044712,1452516.1737399574
2019-07-26 00:00:00+00:00,1570609.8733670535,1714334.3249996766,1461803.1288015258
2019-07-29 00:00:00+00:00,1565354.4266723671,1708503.91729079,1456926.477220681
2019-07-30 00:00:00+00:00,1563420.7298925407,1706358.6685104822,1454985.0268248736
2019-07-31 00:00:00+00:00,1556171.5995418092,1698316.4624079335,1448204.9120518889
2019-08-01 00:00:00+00:00,1548192.9624635845,1689464.9394395198,1441230.7154889053
2019-08-02 00:00:00+00:00,1538504.750165296,1678716.8087951005,1432244.259234391
2019-08-05 00:00:00+00:00,1503937.2074890411,1640367.4773290101,1400211.8009934882
2019-08-06 00:00:00+00:00,1514248.326377314,1651806.6623395276,1409859.5021830075
2019-08-07 00:00:00+00:00,1515648.5316500256,1653360.05410436,1411272.5488050783
2019-08-08 00:00:00+00:00,1537208.9187226892,1677279.209658184,1431290.547781022
2019-08-09 00:00:00+00:00,1524518.1962028975,1663200.0855210212,1419751.4485256667
2019-08-12 00:00:00+00:00,1513705.5727335855,1651204.529883,1409875.4278230444
2019-08-13 00:00:00+00:00,1524346.3428901318,1663009.4309605705,1419702.983199673
2019-08-14 00:00:00+00:00,1495137.9556493293,1630605.5619792528,1392718.8800217204
2019-08-15 00:00:00+00:00,1498980.1835008743,1634868.1406307681,1396573.095920322
2019-08-16 00:00:00+00:00,1518297.3578241009,1656298.6694955966,1414480.5776252442
2019-08-19 00:00:00+00:00,1529399.5298768575,1668615.451166548,1424987.5387336665
2019-08-20 00:00:00+00:00,1519095.2098810317,1657183.8088669053,1415370.8468371134
2019-08-21 00:00:00+00:00,1531860.6794892484,1671345.8576393821,1427229.6237184855
2019-08-22 00:00:00+00:00,1530847.2694646853,1670221.5776375607,1426328.3329132774
2019-08-23 00:00:00+00:00,1501199.6228612359,1637330.39305341,1398912.47588203
2019-08-26 00:00:00+00:00,1514811.8411979906,1652431.8273055935,1411643.3336676413
2019-08-27 00:00:00+00:00,1506907.7513163285,1643663.0072118863,1404406.220635961
2019-08-28 00:00:00+00:00,1516752.3253005068,1654584.6059612539,1413499.3367425795
2019-08-29 00:00:00+00:00,1531495.7034934666,1670940.9522178287,1427185.770229606
2019-08-30 00:00:00+00:00,1533049.4955979707,1672664.7336564776,1428631.30196413
2019-09-03 00:00:00+00:00,1531335.1964183585,1670762.8852061345,1427438.1074760803
2019-09-04 00:00:00+00:00,1540786.7925403342,1681248.5131826422,1436137.1460376496
2019-09-05 00:00:00+00:00,1549404.6338713306,1690809.1711912192,1443841.241705746
2019-09-06 00:00:00+00:00,1545987.759852583,1687018.481307647,1440636.4077484144
2019-09-09 00:00:00+00:00,1549941.7165257055,1691405.0122358147,1443952.3043100333
2019-09-10 00:00:00+00:00,1557814.0806682035,1700138.635703062,1451123.7464395396
2019-09-11 00:00:00+00:00,1570824.707728188,1714572.6628590557,1463174.704041744
2019-09-12 00:00:00+00:00,1572507.359432296,1716439.4015088682,1464793.9236832908
2019-09-13 00:00:00+00:00,1575537.2050770286,1719800.7209989217,1467416.8386227929
2019-09-16 00:00:00+00:00,1576144.0330344038,1720473.9376836661,1468021.8400598664
2019-09-17 00:00:00+00:00,1577646.0934906662,1722140.327882669,1469657.709863243
2019-09-18 00:00:00+00:00,1577730.5487485635,1722234.0227891735,1469738.2730040534
2019-09-19 00:00:00+00:00,1576694.650738341,1721084.7945512529,1468841.475024365
2019-09-20 00:00:00+00:00,1576641.2432622223,1721025.5441433303,1468901.3717521313
2019-09-23 00:00:00+00:00,1577797.6844704496,1722308.5033525142,1469989.9655746606
2019-09-24 00:00:00+00:00,1572719.7412746877,1716675.0185368862,1465604.9084899717
2019-09-25 00:00:00+00:00,1578901.4165300531,1723532.9868803108,1471283.0838102007
2019-09-26 00:00:00+00:00,1577571.4756556223,1722057.546641428,1470187.3043193931
2019-09-27 00:00:00+00:00,1572788.3370225816,1716751.1188572873,1465709.2257883518
2019-09-30 00:00:00+00:00,1575827.0039925454,1720122.2247509747,1465709.2257883518
2019-10-01 00:00:00+00:00,1561924.8848731213,1704699.1737350258,1452957.6298126327
2019-10-02 00:00:00+00:00,1538948.904780298,1679209.5552050043,1431244.4252378044
2019-10-03 00:00:00+00:00,1545631.2124342625,1686622.9265742195,1437511.6464906759
2019-10-04 00:00:00+00:00,1561866.9886191236,1704634.943463988,1452860.3484226381
2019-10-07 00:00:00+00:00,1561866.9886191236,1704634.943463988,1447316.7735525765
2019-10-08 00:00:00+00:00,1543413.4658536715,1684174.3107282363,1430385.6536972271
2019-10-09 00:00:00+00:00,1551857.0334202924,1693536.2486712488,1438178.6586851035
2019-10-10 00:00:00+00:00,1557630.1466759634,1699937.278521621,1443196.0853232262
2019-10-11 00:00:00+00:00,1571449.3521351437,1715259.539273348,1455794.0236734939
2019-10-14 00:00:00+00:00,1564779.7009666283,1707864.4589535051,1449621.0486288518
2019-10-15 00:00:00+00:00,1570610.3165698333,1714329.2454333995,1454948.6056334395
2019-10-16 00:00:00+00:00,1570427.5084791614,1714126.5540962548,1454768.8307160148
2019-10-17 00:00:00+00:00,1578216.7665099036,1722763.0160811387,1462002.6200358807
2019-10-18 00:00:00+00:00,1578567.5131608876,1723151.9119304728,1462330.126840842
2019-10-21 00:00:00+00:00,1587929.937828747,1733532.6470930756,1470912.4625845044
2019-10-22 00:00:00+00:00,1591415.4582867697,1737397.2725573294,1474027.56390085
2019-10-23 00:00:00+00:00,1594292.060102901,1740586.7499289373,1476659.4303065739
2019-10-24 00:00:00+00:00,1594920.5223817683,1741283.567335544,1477288.993485874
2019-10-25 00:00:00+00:00,1594620.506243228,1740950.9197373863,1476661.001321629
2019-10-28 00:00:00+00:00,1590737.8046640605,1736645.9134768692,1472949.4351138216
2019-10-29 00:00:00+00:00,1592519.2436904656,1738621.1119321277,1474623.7031392155
2019-10-30 00:00:00+00:00,1599484.4066786247,1746343.84561592,1481385.2758502515
2019-10-31 00:00:00+00:00,1597506.6123518124,1744150.9351422885,1479643.3434160142
2019-11-01 00:00:00+00:00,1611698.1278488305,1759886.0004866587,1492431.4066969298
2019-11-04 00:00:00+00:00,1606672.7705047936,1754314.0567288657,1487391.3855125317
2019-11-05 00:00:00+00:00,1601759.5758816716,1748866.4751467102,1482833.787730684
2019-11-06 00:00:00+00:00,1600898.0383952803,1747911.2319489105,1481987.767127411
2019-11-07 00:00:00+00:00,1596720.7682525085,1743279.6181743694,1477889.661840412
2019-11-08 00:00:00+00:00,1597616.4344471158,1744272.7021125753,1478824.3319786577
2019-11-11 00:00:00+00:00,1592575.263273723,1738683.2245235075,1474154.5128697185
2019-11-12 00:00:00+00:00,1593015.126300555,1739170.929551996,1474687.8341333722
2019-11-13 00:00:00+00:00,1597236.866857214,1743851.8505952747,1478767.245235513
2019-11-14 00:00:00+00:00,1598685.2257203772,1745457.741196512,1480178.5344271134
2019-11-15 00:00:00+00:00,1607436.6306531045,1755160.9986463909,1488382.0639205882
2019-11-18 00:00:00+00:00,1606623.3558420474,1754259.2674466749,1487746.775712794
2019-11-19 00:00:00+00:00,1600923.8976453836,1747939.903797961,1482416.2151579387
2019-11-20 00:00:00+00:00,1598958.305233582,1745760.5223889358,1480825.776261482
2019-11-21 00:00:00+00:00,1598151.2217426433,1744865.655912487,1480066.209412627
2019-11-22 00:00:00+00:00,1600289.8101451336,1747236.8493389376,1481989.7475713936
2019-11-25 00:00:00+00:00,1609856.933323025,1757844.547184414,1490788.3420797868
2019-11-26 00:00:00+00:00,1610401.163617632,1758447.9710576306,1491418.643429204
2019-11-27 00:00:00+00:00,1615739.9489005483,1764367.4329575172,1496318.5889356511
2019-11-29 00:00:00+00:00,1608169.4752124385,1755973.5515432826,1489328.9883456652
2019-12-02 00:00:00+00:00,1600092.9060974102,1747018.5288883734,1481839.7242705561
2019-12-03 00:00:00+00:00,1592911.6087445973,1739056.15283857,1475382.99592484
2019-12-04 00:00:00+00:00,1604183.498450686,1751554.0373046168,1485911.0946743386
2019-12-05 00:00:00+00:00,1608304.8110408443,1756123.6072652277,1489875.562476004
2019-12-06 00:00:00+00:00,1617720.087900965,1766562.9431247748,1498351.5839205144
2019-12-09 00:00:00+00:00,1616092.2775409133,1764758.0828623849,1496971.6861017055
2019-12-10 00:00:00+00:00,1615750.043407473,1764378.6254003623,1496676.320635763
2019-12-11 00:00:00+00:00,1619525.9307506892,1768565.1997018154,1500137.212710335
2019-12-12 00:00:00+00:00,1624948.1163957054,1774577.133060981,1504868.244201809
2019-12-13 00:00:00+00:00,1627465.0870206794,1777367.863710019,1507281.9575264119
2019-12-16 00:00:00+00:00,1641891.0637116153,1793362.8915797297,1520561.017544053
2019-12-17 00:00:00+00:00,1647335.0351798702,1799398.9803120347,1525717.2381377588
2019-12-18 00:00:00+00:00,1651892.4217998476,1804452.0541912813,1529936.3665138725
2019-12-19 00:00:00+00:00,1654127.57792622,1806930.3185958636,1531991.124288638
2019-12-20 00:00:00+00:00,1661956.5164538817,1815610.7769539373,1539272.1371410456
2019-12-23 00:00:00+00:00,1658413.449442693,1811682.3458464735,1535907.0245923866
2019-12-24 00:00:00+00:00,1657014.2724734521,1810130.9864413436,1534674.4195945929
2019-12-26 00:00:00+00:00,1660640.9544951115,1814152.1270028327,1538025.8349169425
2019-12-27 00:00:00+00:00,1658858.5212691724,1812175.8262132506,1536387.9117551513
2019-12-30 00:00:00+00:00,1656383.6522895156,1809431.7764236534,1534134.9662255547
2019-12-31 00:00:00+00:00,1662176.8651376867,1815855.0920123914,1534134.9662255547
2020-01-02 00:00:00+00:00,1656826.263317491,1809922.5283415017,1530838.146791613
2020-01-03 00:00:00+00:00,1652812.8533209173,1805472.5970735473,1527044.6162354634
2020-01-06 00:00:00+00:00,1656092.8066931902,1809109.29680798,1528891.176277724
2020-01-07 00:00:00+00:00,1652362.1831585197,1804972.9094640336,1526353.013188523
2020-01-08 00:00:00+00:00,1651455.7782893342,1803967.9188519956,1527647.5016346152
2020-01-09 00:00:00+00:00,1657421.5497151045,1810582.561469537,1532823.5952068001
2020-01-10 00:00:00+00:00,1654739.8500599437,1807609.1849251648,1530259.8043629155
2020-01-13 00:00:00+00:00,1664346.3941133888,1818260.5912845696,1541431.4799012262
2020-01-14 00:00:00+00:00,1664346.3941133888,1818260.5912845696,1544840.3895789525
2020-01-15 00:00:00+00:00,1672781.1237895277,1827628.4833380159,1552729.8163285684
2020-01-16 00:00:00+00:00,1682872.1952867846,1838835.963852457,1562137.4010168682
2020-01-17 00:00:00+00:00,1687047.8867064524,1843473.6259910092,1565998.3078429038
2020-01-21 00:00:00+00:00,1682269.4795969913,1838166.5677084557,1561534.0387848387
2020-01-22 00:00:00+00:00,1683030.7982534834,1839012.1135962475,1562258.4865460228
2020-01-23 00:00:00+00:00,1691965.4541251024,1848935.2403535626,1570605.9400987749
2020-01-24 00:00:00+00:00,1679772.440265792,1835393.272557805,1559245.0788192395
2020-01-27 00:00:00+00:00,1662383.2536916432,1816080.2620668246,1542981.6212797994
2020-01-28 00:00:00+00:00,1671907.2846395543,1826657.9684379133,1551942.0756625608
2020-01-29 00:00:00+00:00,1666109.0905038898,1820218.3006769556,1546542.9867557155
2020-01-30 00:00:00+00:00,1673068.0583407122,1827947.1624190423,1553067.6479582605
2020-01-31 00:00:00+00:00,1650186.2064173946,1802533.814625933,1531799.218921357
2020-02-03 00:00:00+00:00,1659860.014852517,1813277.8688689887,1540883.7209215746
2020-02-04 00:00:00+00:00,1664994.9153665563,1818980.8606147445,1545712.981072098
2020-02-05 00:00:00+00:00,1684465.642664325,1840605.699647058,1563790.378615743
2020-02-06 00:00:00+00:00,1680865.092826952,1836606.808929199,1560545.6544278045
2020-02-07 00:00:00+00:00,1673132.9585842032,1828019.2427937088,1553516.5347609813
2020-02-10 00:00:00+00:00,1676434.8019801627,1831686.3801766927,1556537.817721407
2020-02-11 00:00:00+00:00,1686952.9074684042,1843368.1388819355,1566377.876726417
2020-02-12 00:00:00+00:00,1693701.2829986594,1850863.1097856723,1572763.882568793
2020-02-13 00:00:00+00:00,1694221.7961501463,1851441.209049401,1573030.730378796
2020-02-14 00:00:00+00:00,1696071.838218969,1853495.92746487,1574681.6578006432
2020-02-18 00:00:00+00:00,1696102.3931778283,1853529.8628211033,1574744.4707338777
2020-02-19 00:00:00+00:00,1698089.5768037222,1855736.8952231507,1576801.3614162658
2020-02-20 00:00:00+00:00,1699689.8309716915,1857514.19086619,1578251.439045167
2020-02-21 00:00:00+00:00,1689515.052296848,1846213.7423689156,1568663.5626746006
2020-02-24 00:00:00+00:00,1649980.487823034,1802305.336694885,1531757.6327624475
2020-02-25 00:00:00+00:00,1606564.295457895,1754085.8656430931,1491326.3984641982
2020-02-26 00:00:00+00:00,1585148.4442801762,1730300.7071651546,1471183.674357368
2020-02-27 00:00:00+00:00,1531164.5786429488,1670344.4257744297,1421142.4594790912
2020-02-28 00:00:00+00:00,1501066.9775207832,1636917.0262956135,1393435.448192237
2020-03-02 00:00:00+00:00,1555340.6263175865,1697195.1505268377,1443777.082743554
2020-03-03 00:00:00+00:00,1528976.1472978166,1667913.8809443365,1419406.9387806684
2020-03-04 00:00:00+00:00,1581418.4314764657,1726158.0305596457,1468069.9569591908
2020-03-05 00:00:00+00:00,1541360.3065362596,1681668.141172333,1430717.3087873925
2020-03-06 00:00:00+00:00,1522279.9984690242,1660476.9147568613,1412703.205065662
2020-03-09 00:00:00+00:00,1399815.136698099,1524463.3554064475,1298549.7059525382
2020-03-10 00:00:00+00:00,1434920.9524850093,1563453.0451021674,1331256.3871869277
2020-03-11 00:00:00+00:00,1369258.2986277912,1490525.9120587304,1270110.6020659409
2020-03-12 00:00:00+00:00,1237204.1701500535,1343862.193327957,1147314.6865903721
2020-03-13 00:00:00+00:00,1321255.3488167922,1437212.2352317718,1225324.2187189094
2020-03-16 00:00:00+00:00,1183568.2037662896,1284292.3004496158,1097263.9874458155
2020-03-17 00:00:00+00:00,1259274.471360319,1368374.2058361578,1166905.612642362
2020-03-18 00:00:00+00:00,1175330.2646643403,1275142.9705702914,1088816.6031379513
2020-03-19 00:00:00+00:00,1180286.7811354022,1280647.8430492978,1093629.0160750311
2020-03-20 00:00:00+00:00,1128694.993397873,1223348.2831432223,1045974.8425011318
2020-03-23 00:00:00+00:00,1080880.2813269438,1170243.6694275981,1001840.8173382182
2020-03-24 00:00:00+00:00,1181809.5152218267,1282339.0423046912,1095691.9114911836
2020-03-25 00:00:00+00:00,1214994.8240722194,1319195.7529530695,1126648.2487146638
2020-03-26 00:00:00+00:00,1281409.5875841896,1392958.204059871,1188125.798799696
2020-03-27 00:00:00+00:00,1255996.541795529,1364733.6279515314,1164334.5510475761
2020-03-30 00:00:00+00:00,1282955.5770480123,1394675.2315129056,1189240.9946153553
2020-03-31 00:00:00+00:00,1265316.5211964517,1375084.7078699756,1189240.9946153553
2020-04-01 00:00:00+00:00,1204094.581506287,1307089.5800661189,1125073.0587584777
2020-04-02 00:00:00+00:00,1225109.8631785887,1330429.8526934453,1147209.2535345575
2020-04-03 00:00:00+00:00,1201125.565186047,1303792.0915323002,1123326.4029946583
2020-04-06 00:00:00+00:00,1278843.959796393,1390108.7322820863,1201870.662314821
2020-04-07 00:00:00+00:00,1276101.3722193057,1387062.7230611916,1200020.1838060631
2020-04-08 00:00:00+00:00,1327701.1458936958,1444371.1524150537,1253696.4139442185
2020-04-09 00:00:00+00:00,1369826.4521901775,1491156.9223514812,1295627.22468989
2020-04-13 00:00:00+00:00,1341565.328122704,1459769.175531084,1266609.649763141
2020-04-14 00:00:00+00:00,1341565.328122704,1459769.175531084,1292631.0353634437
2020-04-15 00:00:00+00:00,1293060.8179209812,1406418.2643193046,1245495.8376135782
2020-04-16 00:00:00+00:00,1284151.2385130664,1396618.4708990816,1236727.344200664
2020-04-17 00:00:00+00:00,1333076.4550128824,1450432.1239107985,1284466.2299522574
2020-04-20 00:00:00+00:00,1296939.1842757147,1410684.1434752347,1249318.1895921174
2020-04-21 00:00:00+00:00,1272821.4087389982,1384156.6041611838,1226008.0145523127
2020-04-22 00:00:00+00:00,1292726.2358353152,1406050.2519618722,1245245.9099506743
2020-04-23 00:00:00+00:00,1294757.864186164,1408284.873511718,1247425.6221934513
2020-04-24 00:00:00+00:00,1313309.0860296628,1428689.6685570946,1265598.2092878192
2020-04-27 00:00:00+00:00,1342535.878411617,1460836.69981027,1294043.181698309
2020-04-28 00:00:00+00:00,1360249.2863378783,1480319.9695021356,1311211.2438020913
2020-04-29 00:00:00+00:00,1394716.322745611,1518230.8316358759,1344656.4205645025
2020-04-30 00:00:00+00:00,1354614.1428457743,1474121.7821817694,1305790.944775149
2020-05-01 00:00:00+00:00,1314153.276785377,1429618.207900479,1266396.4430922272
2020-05-04 00:00:00+00:00,1317835.2728599869,1433668.0961447202,1270291.1135925022
2020-05-05 00:00:00+00:00,1325401.7471018112,1441990.5860282993,1277836.0853527663
2020-05-06 00:00:00+00:00,1303008.3853606377,1417359.757904935,1256304.857855993
2020-05-07 00:00:00+00:00,1317619.8904467206,1433431.1934740418,1270467.4827757338
2020-05-08 00:00:00+00:00,1351027.6240987862,1470176.9110257847,1303068.3845667252
2020-05-11 00:00:00+00:00,1339931.5464250413,1457972.152080503,1292319.8339192534
2020-05-12 00:00:00+00:00,1311253.2518359919,1426428.4226012744,1264464.0654660065
2020-05-13 00:00:00+00:00,1275988.4730764374,1387640.1104901005,1230073.1874558653
2020-05-14 00:00:00+00:00,1289393.0776196872,1402384.0562353877,1243280.983255832
2020-05-15 00:00:00+00:00,1288115.355541399,1400978.6686359956,1242113.1292154822
2020-05-18 00:00:00+00:00,1353570.0164676565,1472973.330347885,1306071.8918718696
2020-05-19 00:00:00+00:00,1333861.372953043,1451295.4681062123,1287042.4486780926
2020-05-20 00:00:00+00:00,1354608.3761570149,1474115.4393056387,1306964.152384329
2020-05-21 00:00:00+00:00,1345958.5670005085,1464601.3714717734,1298774.2269303051
2020-05-22 00:00:00+00:00,1350398.7745278482,1469485.229005182,1303430.2052563604
2020-05-26 00:00:00+00:00,1382745.1034589354,1505063.4899885936,1334509.6330862653
2020-05-27 00:00:00+00:00,1412345.099352363,1537621.0139427932,1363113.166550643
2020-05-28 00:00:00+00:00,1405408.4852640429,1529991.3176362587,1356312.2067461938
2020-05-29 00:00:00+00:00,1407614.5740990993,1532417.831151701,1358897.4467196723
2020-06-01 00:00:00+00:00,1418738.2415308328,1544652.9365270918,1369533.2421973448
2020-06-02 00:00:00+00:00,1438694.8726821071,1566603.5644627193,1389657.2460892736
2020-06-03 00:00:00+00:00,1470023.120424901,1601062.0211463429,1419962.4971705223
2020-06-04 00:00:00+00:00,1466381.9969478576,1597057.0893466608,1415966.4610967266
2020-06-05 00:00:00+00:00,1506470.6359083266,1641151.2448980988,1455092.9661595263
2020-06-08 00:00:00+00:00,1536229.2902209645,1673883.2798658323,1483901.9524886971
2020-06-09 00:00:00+00:00,1504981.2257542834,1639513.018090822,1453671.7797711159
2020-06-10 00:00:00+00:00,1474619.5361200152,1606117.6946212964,1424343.6500741546
2020-06-11 00:00:00+00:00,1383456.780642338,1505846.2754670011,1335903.0591676978
2020-06-12 00:00:00+00:00,1404126.6694733826,1528581.4272950725,1355741.0808338365
2020-06-15 00:00:00+00:00,1421108.856867061,1547260.4154562552,1372541.654093236
2020-06-16 00:00:00+00:00,1444675.4833702925,1573181.7368530934,1395564.0357063983
2020-06-17 00:00:00+00:00,1428527.2467745915,1555420.024936797,1379802.0003842667
2020-06-18 00:00:00+00:00,1427864.81557868,1554691.4059327084,1379210.3672765028
2020-06-19 00:00:00+00:00,1410655.6369224538,1535762.7463359486,1362330.6213088396
2020-06-22 00:00:00+00:00,1416741.494970231,1542456.682033972,1368415.6962069161
2020-06-23 00:00:00+00:00,1414363.848760743,1539841.4697312836,1366086.7157517427
2020-06-24 00:00:00+00:00,1380145.5278424602,1502204.173868792,1332870.6743418814
2020-06-25 00:00:00+00:00,1385096.9034210206,1507650.2735772384,1337618.8514187036
2020-06-26 00:00:00+00:00,1356979.6478387346,1476723.6401600398,1310286.507766057
2020-06-29 00:00:00+00:00,1388144.64890242,1511002.5391273496,1340429.7782039975
2020-06-30 00:00:00+00:00,1403713.491501182,1528126.9660250202,1340429.7782039975
2020-07-01 00:00:00+00:00,1401675.8034957682,1525885.67936112,1338663.369266315
2020-07-02 00:00:00+00:00,1407743.282161828,1532559.3992738882,1344572.3680762807
2020-07-06 00:00:00+00:00,1413136.7419998697,1538491.7547547908,1349866.5863013782
2020-07-07 00:00:00+00:00,1393686.8927958393,1517098.5446460557,1331837.9978115866
2020-07-08 00:00:00+00:00,1403793.5749195649,1528215.0510984682,1341824.9736346516
2020-07-09 00:00:00+00:00,1373980.4551360728,1495423.108660531,1313794.5459283283
2020-07-10 00:00:00+00:00,1398035.4947811277,1521881.6437320507,1336160.2797151315
2020-07-13 00:00:00+00:00,1396015.0014200448,1519659.269741203,1334019.4461702616
2020-07-14 00:00:00+00:00,1415708.0504755643,1541319.979379972,1352891.9261399163
2020-07-15 00:00:00+00:00,1438006.9729110454,1565846.9321525302,1373891.4146166258
2020-07-16 00:00:00+00:00,1439985.130018926,1568022.7397998306,1375886.9737760245
2020-07-17 00:00:00+00:00,1446377.78456958,1575054.1260342477,1382315.359248573
2020-07-20 00:00:00+00:00,1446377.78456958,1575054.1260342477,1368023.4090582174
2020-07-21 00:00:00+00:00,1469761.1213512227,1600912.003045236,1389391.2472459541
2020-07-22 00:00:00+00:00,1487567.0667202848,1620602.2615278934,1406953.9758271165
2020-07-23 00:00:00+00:00,1487392.3913211124,1620409.1011149543,1406640.3555941607
2020-07-24 00:00:00+00:00,1477127.1414924553,1609057.5318314433,1396990.6056943615
2020-07-27 00:00:00+00:00,1480648.1555710796,1612951.1570163013,1401016.1087756557
2020-07-28 00:00:00+00:00,1477983.6842930277,1610004.7182231324,1397966.0418440807
2020-07-29 00:00:00+00:00,1500863.8168615843,1635306.1394650019,1419617.0337504987
2020-07-30 00:00:00+00:00,1488997.4342047223,1622183.997566616,1408733.7112733172
2020-07-31 00:00:00+00:00,1484752.457261928,1617489.796190385,1404734.5338717708
2020-08-03 00:00:00+00:00,1490315.7626622356,1623641.8380550283,1410338.8538931308
2020-08-04 00:00:00+00:00,1502824.1250833033,1637473.8971881268,1422347.9896917315
2020-08-05 00:00:00+00:00,1508641.9426429104,1643907.3849462466,1427988.3854997724
2020-08-06 00:00:00+00:00,1514631.8929345899,1650531.2213726102,1434042.8594180676
2020-08-07 00:00:00+00:00,1532164.1193992696,1669918.7946640488,1450271.5756541556
2020-08-10 00:00:00+00:00,1547668.6842846682,1687064.129209727,1464603.3911487667
2020-08-11 00:00:00+00:00,1537921.9422705239,1676285.9387994756,1454998.6615756056
2020-08-12 00:00:00+00:00,1552706.4500075392,1692635.01619171,1469384.7696269734
2020-08-13 00:00:00+00:00,1543058.238842379,1681965.7836516981,1460662.8228238854
2020-08-14 00:00:00+00:00,1541010.198743841,1679701.009831088,1458471.5337242093
2020-08-17 00:00:00+00:00,1541305.381568553,1680027.4303607342,1459297.18394472
2020-08-18 00:00:00+00:00,1533862.2976389476,1671796.6825153157,1452713.0114393365
2020-08-19 00:00:00+00:00,1528877.6536782037,1666284.5389027896,1447906.5193639682
2020-08-20 00:00:00+00:00,1516645.6490747358,1652758.083136963,1436295.6118053268
2020-08-21 00:00:00+00:00,1519132.1363805542,1655507.702814584,1438975.6737890819
2020-08-24 00:00:00+00:00,1540280.6724056187,1678894.2814113512,1458817.6041791053
2020-08-25 00:00:00+00:00,1531688.8234770976,1669393.2005790765,1451058.9918775032
2020-08-26 00:00:00+00:00,1520076.0187576092,1656551.471488261,1440378.7203346984
2020-08-27 00:00:00+00:00,1525495.9359554183,1662544.951102373,1445790.3477742076
2020-08-28 00:00:00+00:00,1534398.1566219279,1672389.248743418,1454270.1804860546
2020-08-31 00:00:00+00:00,1522749.1404339243,1659507.4761075776,1443376.8963650665
2020-09-01 00:00:00+00:00,1527215.4528819975,1664446.435805818,1448345.571736908
2020-09-02 00:00:00+00:00,1547809.345899433,1687219.6763315394,1467813.0257762247
2020-09-03 00:00:00+00:00,1518786.3649151812,1655125.3401043762,1439146.9900939253
2020-09-04 00:00:00+00:00,1512806.5144675793,1648512.6723374908,1433136.4025559304
2020-09-08 00:00:00+00:00,1487331.4363944842,1620341.6956368277,1409201.773252364
2020-09-09 00:00:00+00:00,1506470.3668609748,1641506.0022858637,1428144.3958248221
2020-09-10 00:00:00+00:00,1488735.9038334112,1621894.7907592577,1411376.5823126298
2020-09-11 00:00:00+00:00,1493423.1138197794,1627078.0244646943,1415840.020472406
2020-09-14 00:00:00+00:00,1512508.9032963018,1648183.5664816475,1433884.5214325981
2020-09-15 00:00:00+00:00,1508655.0158153228,1643921.841586355,1430509.0650369097
2020-09-16 00:00:00+00:00,1522144.2662536218,1658838.591152986,1442858.2368093794
2020-09-17 00:00:00+00:00,1514132.5629777713,1649979.0498526993,1434887.577311249
2020-09-18 00:00:00+00:00,1501113.7604854226,1635582.5333580223,1422815.7811093028
2020-09-21 00:00:00+00:00,1476760.7724809702,1608652.3918410272,1400222.37382957
2020-09-22 00:00:00+00:00,1488235.7663879457,1621341.7262982614,1411787.7109923456
2020-09-23 00:00:00+00:00,1456102.9243817744,1585808.4281908073,1381387.7645490551
2020-09-24 00:00:00+00:00,1463165.3981671506,1593618.2878460365,1388019.280086222
2020-09-25 00:00:00+00:00,1479070.6995659373,1611206.7668228867,1403157.9714223964
2020-09-28 00:00:00+00:00,1501590.211440626,1636109.4047073286,1425076.414565469
2020-09-29 00:00:00+00:00,1494478.8015463222,1628245.4302823439,1418478.0214006451
2020-09-30 00:00:00+00:00,1504118.060061446,1638904.76275866,1418478.0214006451
2020-10-01 00:00:00+00:00,1512997.905556398,1648724.317376943,1427516.569715903
2020-10-02 00:00:00+00:00,1525886.7942910292,1662977.17199819,1439363.727596372
2020-10-05 00:00:00+00:00,1548727.2831714125,1688234.7542609342,1461148.5557558532
2020-10-06 00:00:00+00:00,1539054.981899098,1677538.8822796058,1451731.9557219725
2020-10-07 00:00:00+00:00,1558482.8892398481,1699022.746763497,1470685.9725267538
2020-10-08 00:00:00+00:00,1583299.3698121961,1726465.4299219213,1493912.0832993232
2020-10-09 00:00:00+00:00,1583918.633633813,1727150.2273007666,1494867.012123715
2020-10-12 00:00:00+00:00,1591027.853351316,1735011.77977362,1501115.7232683506
2020-10-13 00:00:00+00:00,1581697.2742165136,1724693.7926547572,1492030.4356916621
2020-10-14 00:00:00+00:00,1579577.7518679684,1722349.971979269,1489716.8942904696
2020-10-15 00:00:00+00:00,1587454.7385017495,1731060.5402568218,1497470.5947200563
2020-10-16 00:00:00+00:00,1587454.7385017495,1731060.5402568218,1497324.1247682406
2020-10-19 00:00:00+00:00,1570791.882941557,1712694.1770970302,1482069.1820800428
2020-10-20 00:00:00+00:00,1577609.1945756578,1720208.4486330864,1489041.9250441073
2020-10-21 00:00:00+00:00,1566081.605096621,1707502.3494915452,1477000.2974299453
2020-10-22 00:00:00+00:00,1581695.8460301536,1724712.894131616,1491683.4100485411
2020-10-23 00:00:00+00:00,1588246.902704308,1731933.6904425046,1497745.90517972
2020-10-26 00:00:00+00:00,1559999.6687535073,1700798.633481474,1470965.1541988696
2020-10-27 00:00:00+00:00,1546134.508229606,1685515.9844462664,1457325.5475065755
2020-10-28 00:00:00+00:00,1504750.4932983217,1639901.1230263524,1418639.3051190998
2020-10-29 00:00:00+00:00,1515369.6457848598,1651605.9121792337,1428969.2919729582
2020-10-30 00:00:00+00:00,1507477.3896583181,1642906.8004545635,1421243.1778791565
2020-11-02 00:00:00+00:00,1535112.765370114,1673367.4465633074,1447840.7445906715
2020-11-03 00:00:00+00:00,1561659.078049117,1702627.6905505823,1473151.7978236258
2020-11-04 00:00:00+00:00,1557275.699886172,1697796.1828347214,1468053.2436600376
2020-11-05 00:00:00+00:00,1582427.764698637,1725519.6396513283,1493342.9658917128
2020-11-06 00:00:00+00:00,1571611.1726627466,1713597.2259470965,1482964.5977136698
2020-11-09 00:00:00+00:00,1612632.3990037113,1758812.209508382,1521503.619534274
2020-11-10 00:00:00+00:00,1646455.80082938,1796093.5073619073,1553158.638211188
2020-11-11 00:00:00+00:00,1647958.273776503,1797749.5838780205,1554846.8060137252
2020-11-12 00:00:00+00:00,1617244.3486617964,1763895.6564595415,1525600.5021887973
2020-11-13 00:00:00+00:00,1646865.648411791,1796545.2552337851,1553718.5054704056
2020-11-16 00:00:00+00:00,1674755.6228911052,1827286.5287180343,1580229.5575144347
2020-11-17 00:00:00+00:00,1671105.4710983946,1823263.207914999,1576886.0804204512
2020-11-18 00:00:00+00:00,1653498.0447623765,1803855.7068880345,1560356.4520183483
2020-11-19 00:00:00+00:00,1662053.2758591797,1813285.5720556357,1568529.8311105082
2020-11-20 00:00:00+00:00,1661300.568420569,1812455.9124501345,1568265.484766426
2020-11-23 00:00:00+00:00,1688069.0966655824,1841961.089952578,1594046.3328425144
2020-11-24 00:00:00+00:00,1719540.6390306202,1876650.0887371527,1624017.5013972216
2020-11-25 00:00:00+00:00,1712657.769362915,1869063.5569184055,1617432.5700460244
2020-11-27 00:00:00+00:00,1706742.5668781977,1862543.6206082352,1611867.2997218762
2020-11-30 00:00:00+00:00,1673943.8882383148,1826391.807319971,1580394.184357639
2020-12-01 00:00:00+00:00,1684649.946588782,1838192.3870563973,1590319.4157678792
2020-12-02 00:00:00+00:00,1691130.5678477578,1845335.5470696043,1596374.2401661226
2020-12-03 00:00:00+00:00,1696276.0592134749,1851007.081742455,1600893.1120156627
2020-12-04 00:00:00+00:00,1714554.233774358,1871153.90415657,1618036.0044865706
2020-12-07 00:00:00+00:00,1710918.2611701349,1867146.2121348165,1614414.4319315297
2020-12-08 00:00:00+00:00,1710759.2942111238,1866970.9933741991,1614519.3218491105
2020-12-09 00:00:00+00:00,1707329.888613932,1863190.9864964634,1610783.97186735
2020-12-10 00:00:00+00:00,1707453.160373098,1863326.8608001212,1610640.5952314397
2020-12-11 00:00:00+00:00,1698248.8425939074,1853181.5503303714,1601838.779690673
2020-12-14 00:00:00+00:00,1686292.0193441065,1840002.3352042488,1590842.142740279
2020-12-15 00:00:00+00:00,1717934.8903934131,1874880.1782612593,1621946.987508677
2020-12-16 00:00:00+00:00,1708505.7700610745,1864487.0828115914,1613074.892572707
2020-12-17 00:00:00+00:00,1718180.9891915845,1875151.4366829677,1622183.3697150748
2020-12-18 00:00:00+00:00,1706200.5382670849,1861946.1783343866,1611264.2982480174
2020-12-21 00:00:00+00:00,1692022.6460466196,1846318.825842444,1598662.4977666854
2020-12-22 00:00:00+00:00,1693083.7449643041,1847488.404970119,1600816.8006778017
2020-12-23 00:00:00+00:00,1705141.9870661818,1860779.4073863465,1612378.8530454976
2020-12-24 00:00:00+00:00,1709997.1991090307,1866130.9863683905,1616524.1003853153
2020-12-28 00:00:00+00:00,1706968.0007712895,1862792.1014724004,1612909.418720011
2020-12-29 00:00:00+00:00,1697568.4706008136,1852431.621300274,1603331.4447456226
2020-12-30 00:00:00+00:00,1707997.2861165986,1863926.6146042405,1613518.484425997
2020-12-31 00:00:00+00:00,1714855.6127833852,1871486.0942970018,1613518.484425997
2021-01-04 00:00:00+00:00,1693481.4711248856,1847926.7922007467,1597410.3366084052
2021-01-05 00:00:00+00:00,1709701.4991843507,1865805.055906869,1612160.1738984738
2021-01-06 00:00:00+00:00,1757452.9427941458,1918438.3126481096,1650189.7020832181
2021-01-07 00:00:00+00:00,1767756.0527800408,1929794.7490639845,1657359.6235484637
2021-01-08 00:00:00+00:00,1757281.2720997343,1918249.0914005234,1651086.2131058702
2021-01-11 00:00:00+00:00,1761060.3694725276,1922414.5403845953,1653261.8530334898
2021-01-12 00:00:00+00:00,1776027.9217499036,1938912.282908163,1667044.6781601335
2021-01-13 00:00:00+00:00,1777380.610474719,1940403.262186737,1666952.096214732
2021-01-14 00:00:00+00:00,1792207.745580138,1956746.2321525812,1677747.2803739707
2021-01-15 00:00:00+00:00,1781175.435758655,1944586.0470065991,1669921.355274032
2021-01-19 00:00:00+00:00,1789314.1468361502,1953556.8097166233,1673339.2203944975
2021-01-20 00:00:00+00:00,1802124.7903153126,1967677.134387205,1682402.0097130854
2021-01-21 00:00:00+00:00,1796707.055304407,1961705.5235576944,1673800.853694938
2021-01-22 00:00:00+00:00,1796282.315040176,1961237.3604680444,1673139.9192015352
2021-01-25 00:00:00+00:00,1796282.315040176,1961237.3604680444,1673881.8183847193
2021-01-26 00:00:00+00:00,1785098.577655264,1948727.5226999768,1663284.7862902365
2021-01-27 00:00:00+00:00,1759742.8159761818,1920365.2271475936,1639848.5448985102
2021-01-28 00:00:00+00:00,1768351.0963224943,1929994.225655704,1647182.3287892963
2021-01-29 00:00:00+00:00,1745620.543240107,1904568.4201622077,1625429.0557251757
2021-02-01 00:00:00+00:00,1760486.3963659087,1921196.9768322338,1639242.8801829077
2021-02-02 00:00:00+00:00,1776910.3204854724,1939568.3511930075,1654823.7065683303
2021-02-03 00:00:00+00:00,1781683.6282699907,1944907.6491348513,1659578.646420078
2021-02-04 00:00:00+00:00,1796576.1648826806,1961566.0532593168,1673603.4403946155
2021-02-05 00:00:00+00:00,1809921.485445283,1976493.78175071,1686479.6829949094
2021-02-08 00:00:00+00:00,1826381.9490589558,1994906.0282392616,1703008.060627055
2021-02-09 00:00:00+00:00,1828067.1135989644,1996791.0094653452,1704753.2425953269
2021-02-10 00:00:00+00:00,1832062.6515967406,2001260.3143522576,1708278.3270006992
2021-02-11 00:00:00+00:00,1831219.4945511324,2000317.180810174,1707685.339810754
2021-02-12 00:00:00+00:00,1834272.0498668912,2003731.689794417,1710658.433361092
2021-02-16 00:00:00+00:00,1833944.021185348,2003364.7654427318,1710025.43516769
2021-02-17 00:00:00+00:00,1836962.8148519346,2006741.5095242956,1712507.4802789085
2021-02-18 00:00:00+00:00,1831206.8332839734,2000303.018246029,1706673.2747879338
2021-02-19 00:00:00+00:00,1843398.208752226,2013939.9737671053,1718885.6076973835
2021-02-22 00:00:00+00:00,1841937.9849969966,2012306.605452534,1717650.104631455
2021-02-23 00:00:00+00:00,1847184.4967031784,2018175.216993891,1722274.7440442261
2021-02-24 00:00:00+00:00,1868134.8481423827,2041609.7352294526,1742939.2856468835
2021-02-25 00:00:00+00:00,1837755.256050858,2007627.9136393135,1714003.6897670852
2021-02-26 00:00:00+00:00,1818642.4125320688,1986248.7839729567,1696862.3516559617
2021-03-01 00:00:00+00:00,1855049.5827092016,2026972.8976422218,1731327.6741559578
2021-03-02 00:00:00+00:00,1850436.289947675,2021812.5883433681,1726801.046247728
2021-03-03 00:00:00+00:00,1848189.137157351,2019298.9816768756,1724166.0757414477
2021-03-04 00:00:00+00:00,1832346.972259067,2001578.3480504209,1708548.906030057
2021-03-05 00:00:00+00:00,1871655.623084286,2045547.9825098747,1745728.8250168588
2021-03-08 00:00:00+00:00,1895955.2271680161,2072728.8876450262,1768774.848852025
2021-03-09 00:00:00+00:00,1890750.0933206517,2066906.5603003718,1763657.7487253228
2021-03-10 00:00:00+00:00,1920055.5543117805,2099686.886777999,1791808.0155039097
2021-03-11 00:00:00+00:00,1925190.0273706208,2105430.1748023815,1797112.1680163697
2021-03-12 00:00:00+00:00,1941745.0870289276,2123948.2339661727,1812528.054882835
2021-03-15 00:00:00+00:00,1956185.7104730837,2140101.1397738378,1825861.5411455275
2021-03-16 00:00:00+00:00,1944664.4567605115,2127213.765019896,1814574.75485357
2021-03-17 00:00:00+00:00,1946083.6793513834,2128801.2704983903,1816353.8720312337
2021-03-18 00:00:00+00:00,1931746.6557350338,2112764.248763647,1802752.572341866
2021-03-19 00:00:00+00:00,1938019.3489985561,2119780.7203057436,1809483.1561904454
2021-03-22 00:00:00+00:00,1929762.9437259822,2110545.3201034227,1801818.2242125482
2021-03-23 00:00:00+00:00,1906016.5773809357,2083983.2523139557,1778547.297664185
2021-03-24 00:00:00+00:00,1906243.2254021442,2084236.7748957356,1777838.4281006318
2021-03-25 00:00:00+00:00,1934451.6117847264,2115789.942249356,1804771.4829896877
2021-03-26 00:00:00+00:00,1963596.5832313588,2148390.7492965795,1832979.7954718203
2021-03-29 00:00:00+00:00,1952391.6606918466,2135857.214365567,1821483.1253426478
2021-03-30 00:00:00+00:00,1958109.1052767301,2142252.5991768474,1827988.2520014413
2021-03-31 00:00:00+00:00,1953990.8706856773,2137646.0490718335,1827988.2520014413
2021-04-01 00:00:00+00:00,1964520.0706670333,2149423.7383237295,1835989.2950984857
2021-04-05 00:00:00+00:00,1976357.7635449236,2162665.073697931,1846243.0956081785
2021-04-06 00:00:00+00:00,1976406.0651104553,2162719.1025728905,1844553.1721563765
2021-04-07 00:00:00+00:00,1971724.1442176437,2157482.0276312865,1840143.292502604
2021-04-08 00:00:00+00:00,1971436.0259905504,2157159.746075943,1840904.5221957478
2021-04-09 00:00:00+00:00,1977654.6578356952,2164115.7459214916,1846450.0163191832
2021-04-12 00:00:00+00:00,1978882.7566208264,2165489.465281701,1846829.4141959564
2021-04-13 00:00:00+00:00,1973769.2325263184,2159769.6102239722,1842040.724440729
2021-04-14 00:00:00+00:00,1984211.8245539293,2171450.42207134,1850830.9958930055
2021-04-15 00:00:00+00:00,1994111.2297476202,2182523.6392536843,1859972.727101066
2021-04-16 00:00:00+00:00,2003557.6556658153,2193090.165599709,1869148.9926905648
2021-04-19 00:00:00+00:00,2003557.6556658153,2193090.165599709,1865356.0535732505
2021-04-20 00:00:00+00:00,1990106.172918837,2177812.079969205,1853068.1785810862
2021-04-21 00:00:00+00:00,2006843.7831146773,2196822.52265661,1868327.352483544
2021-04-22 00:00:00+00:00,1990604.8727755444,2178378.4992449093,1853687.7939460776
2021-04-23 00:00:00+00:00,2007152.0564713338,2197172.657049167,1869108.170446466
2021-04-26 00:00:00+00:00,2006498.2129709362,2196430.0268740454,1868284.4112797335
2021-04-27 00:00:00+00:00,2005290.2518626302,2195058.034388298,1867184.0881223415
2021-04-28 00:00:00+00:00,2011173.2624923312,2201739.9104205836,1872489.9663719898
2021-04-29 00:00:00+00:00,2025166.095327555,2217632.857115839,1885767.177490963
2021-04-30 00:00:00+00:00,2018425.4540757448,2209976.8911389434,1879457.3349388493
2021-05-03 00:00:00+00:00,2036694.0709975497,2230726.238919575,1896407.0043380752
2021-05-04 00:00:00+00:00,2037596.4046037325,2231751.102153008,1897257.0492890913
2021-05-05 00:00:00+00:00,2039173.233256714,2233542.051421429,1898338.4414388945
2021-05-06 00:00:00+00:00,2055409.9886366231,2251983.6272478206,1913581.7997785753
2021-05-07 00:00:00+00:00,2068820.057887068,2267214.6757629225,1926073.9260627727
2021-05-10 00:00:00+00:00,2068689.912375153,2267066.85753999,1926165.7439707862
2021-05-11 00:00:00+00:00,2050439.63929277,2246338.3445442487,1908786.1673903398
2021-05-12 00:00:00+00:00,2005871.0662663276,2195717.7187042977,1867215.385476954
2021-05-13 00:00:00+00:00,2032563.4134976098,2226034.671440997,1892301.9964458148
2021-05-14 00:00:00+00:00,2050996.9581008626,2246971.3427522304,1909419.1437987431
2021-05-17 00:00:00+00:00,2052152.9079516118,2248284.2612710665,1910309.6063949785
2021-05-18 00:00:00+00:00,2036368.792597854,2230356.7903362634,1895608.113249997
2021-05-19 00:00:00+00:00,2020201.758195262,2211994.4030336747,1880776.755833471
2021-05-20 00:00:00+00:00,2027731.133836472,2220546.207169652,1887985.5740677929
2021-05-21 00:00:00+00:00,2032002.7072694884,2225397.825828663,1892073.3928140441
2021-05-24 00:00:00+00:00,2037661.0481935118,2231824.5238209893,1897195.2003669662
2021-05-25 00:00:00+00:00,2022783.1779804484,2214926.3588089747,1883330.888041649
2021-05-26 00:00:00+00:00,2039447.4002360527,2233853.448065664,1898510.1412968496
2021-05-27 00:00:00+00:00,2045701.0154507998,2240956.2537970687,1904139.2405698134
2021-05-28 00:00:00+00:00,2046800.4113187941,2242204.9387583467,1905206.520426448
2021-06-01 00:00:00+00:00,2054717.2206475572,2251196.7869523596,1912171.0493849132
2021-06-02 00:00:00+00:00,2056533.955980223,2253260.2202929454,1913779.2380175104
2021-06-03 00:00:00+00:00,2054775.3953032123,2251262.861257129,1912232.685421809
2021-06-04 00:00:00+00:00,2057772.8140224693,2254667.3052671077,1914809.5315840035
2021-06-07 00:00:00+00:00,2064712.2748883627,2262549.0889583863,1920724.1966101748
2021-06-08 00:00:00+00:00,2066412.3277615395,2264479.9953024187,1922262.2395815628
2021-06-09 00:00:00+00:00,2057499.8365509869,2254357.2596563036,1913950.7868506669
2021-06-10 00:00:00+00:00,2054956.7573710922,2251468.850831313,1911451.6261550884
2021-06-11 00:00:00+00:00,2064186.6443650885,2261952.082048766,1920065.635023654
2021-06-14 00:00:00+00:00,2054835.0752802135,2251330.6452937443,1911471.4906220625
2021-06-15 00:00:00+00:00,2057152.6004376714,2253962.871678931,1913815.844867863
2021-06-16 00:00:00+00:00,2044357.1335327774,2239429.8835517177,1901971.0689279158
2021-06-17 00:00:00+00:00,2021381.3975098757,2213334.227854535,1880738.994752399
2021-06-18 00:00:00+00:00,1984331.9085498482,2171253.7170629003,1846435.6811732787
2021-06-21 00:00:00+00:00,2015831.1591874189,2207030.3119253227,1875774.2632392163
2021-06-22 00:00:00+00:00,2013651.3881973499,2204554.545612599,1873591.9000809235
2021-06-23 00:00:00+00:00,2007173.8720896002,2197197.4350524712,1867489.699045191
2021-06-24 00:00:00+00:00,2015685.852806082,2206865.2741091596,1875220.5777896934
2021-06-25 00:00:00+00:00,2023997.2737526689,2216305.3189965263,1883205.8714149832
2021-06-28 00:00:00+00:00,2016416.4223011942,2207695.0490503544,1876148.639360768
2021-06-29 00:00:00+00:00,2007538.0922993785,2197611.113429645,1868014.2668929563
2021-06-30 00:00:00+00:00,2014225.702002801,2205206.846601531,1868014.2668929563
2021-07-01 00:00:00+00:00,2026312.7126492423,2218935.1758234245,1879053.8105207807
2021-07-02 00:00:00+00:00,2025379.1962735173,2217874.895451805,1877991.2118792348
2021-07-06 00:00:00+00:00,2008504.5105374006,2198708.763471139,1862257.4157222859
2021-07-07 00:00:00+00:00,2014014.1258139545,2204966.5400724015,1867498.6856985795
2021-07-08 00:00:00+00:00,1998869.8408717266,2187765.783359385,1853568.6488491823
2021-07-09 00:00:00+00:00,2025893.3978742696,2218458.9214833886,1878384.8102497815
2021-07-12 00:00:00+00:00,2028844.3762103445,2221810.6188806472,1881290.8181486297
2021-07-13 00:00:00+00:00,2010393.8042891829,2200854.6080790423,1864259.8292737599
2021-07-14 00:00:00+00:00,2009358.378109595,2199678.5793740014,1863762.4573398745
2021-07-15 00:00:00+00:00,2009905.142579753,2200299.5900500678,1865017.4140130489
2021-07-16 00:00:00+00:00,1999998.9856348017,2189048.2568757995,1855902.3104800945
2021-07-19 00:00:00+00:00,1970671.3139319634,2155738.123855711,1828940.996743979
2021-07-20 00:00:00+00:00,1998101.1809987721,2186892.7456742004,1853872.294474262
2021-07-21 00:00:00+00:00,2008811.079518705,2199056.962047915,1864261.7325263822
2021-07-22 00:00:00+00:00,1997828.099543829,2186582.58195982,1854201.401904738
2021-07-23 00:00:00+00:00,2010664.1516939844,2201161.666481319,1866282.3545587775
2021-07-26 00:00:00+00:00,2017334.5407596075,2208737.840591661,1872067.3983342578
2021-07-27 00:00:00+00:00,2020768.8168510543,2212638.4636821304,1875208.1049228907
2021-07-28 00:00:00+00:00,2020768.8168510543,2212638.4636821304,1875256.6905803673
2021-07-29 00:00:00+00:00,2034574.8009329515,2228328.3438632735,1887840.766975176
2021-07-30 00:00:00+00:00,2022472.6961728455,2214574.845923588,1876746.3309256854
2021-08-02 00:00:00+00:00,2020648.8987019344,2212502.18209727,1875286.5321532735
2021-08-03 00:00:00+00:00,2034014.194938023,2227691.240355325,1887396.6596791092
2021-08-04 00:00:00+00:00,2012956.5737946033,2203760.200693083,1868145.5128596628
2021-08-05 00:00:00+00:00,2028496.802323772,2221420.9717155523,1882239.713410092
2021-08-06 00:00:00+00:00,2036163.8571042125,2230134.2347566932,1888960.730461299
2021-08-09 00:00:00+00:00,2031747.4618000914,2225115.2000581753,1885004.1123417916
2021-08-10 00:00:00+00:00,2046144.1444148426,2241476.3825636357,1898003.9918529356
2021-08-11 00:00:00+00:00,2058809.9068232873,2255870.4520781655,1909506.6178152678
2021-08-12 00:00:00+00:00,2056027.8559455466,2252708.7763388148,1907085.2444548027
2021-08-13 00:00:00+00:00,2053567.7606931615,2249912.9886923023,1905205.899130113
2021-08-16 00:00:00+00:00,2054107.425298581,2250526.2932526153,1906021.8751945007
2021-08-17 00:00:00+00:00,2039558.3129215792,2233991.8811757197,1892817.7360854924
2021-08-18 00:00:00+00:00,2025380.531910649,2217879.4705010136,1879604.5157647817
2021-08-19 00:00:00+00:00,2013724.555704202,2204632.97760427,1869321.4632098984
2021-08-20 00:00:00+00:00,2030038.3084625243,2223172.8241349123,1884380.6153221591
2021-08-23 00:00:00+00:00,2036023.6644493574,2229974.9121076227,1889476.0042091506
2021-08-24 00:00:00+00:00,2043525.0555294836,2238499.905801727,1895751.0653288846
2021-08-25 00:00:00+00:00,2049447.7811466772,2245230.8171752524,1901084.7472191642
2021-08-26 00:00:00+00:00,2037512.9275717735,2231667.392687804,1890158.5554853217
2021-08-27 00:00:00+00:00,2056641.0909284744,2253405.690325384,1907479.6654015488
2021-08-30 00:00:00+00:00,2051997.7369939135,2248128.7273476105,1903437.468664333
2021-08-31 00:00:00+00:00,2048849.5418716702,2244550.9451365164,1900561.378703761
2021-09-01 00:00:00+00:00,2050735.8884303635,2246694.6931888424,1902613.2098043899
2021-09-02 00:00:00+00:00,2063147.812281236,2260800.2865954735,1913950.494115131
2021-09-03 00:00:00+00:00,2056061.1911482387,2252746.6602978976,1907298.0761769204
2021-09-07 00:00:00+00:00,2036980.5328733725,2231062.3500499567,1889451.4703470487
2021-09-08 00:00:00+00:00,2037874.5603889928,2232078.3721252773,1890927.1383868307
2021-09-09 00:00:00+00:00,2032253.3844848485,2225690.158442719,1885490.6678703227
2021-09-10 00:00:00+00:00,2017391.1401221275,2208799.8859427148,1871565.1264404743
2021-09-13 00:00:00+00:00,2026384.4290668275,2219020.354483003,1879458.7865520895
2021-09-14 00:00:00+00:00,2010334.3446255536,2200780.15513995,1864886.3550446106
2021-09-15 00:00:00+00:00,2024700.7783664665,2217106.9611603054,1877918.0706928102
2021-09-16 00:00:00+00:00,2018255.1106855362,2209781.749643231,1872116.6787100513
2021-09-17 00:00:00+00:00,2005411.2482973523,2195185.2775092428,1860131.5080682128
2021-09-20 00:00:00+00:00,1981704.1326584755,2168243.206476276,1838498.5856095604
2021-09-21 00:00:00+00:00,1981117.9974925588,2167577.090213311,1837796.2691452433
2021-09-22 00:00:00+00:00,1997438.8218807438,2186124.9733333467,1852496.590258308
2021-09-23 00:00:00+00:00,2014493.4799092773,2205506.825391899,1867776.7292157575
2021-09-24 00:00:00+00:00,2015104.1401714985,2206200.8133241464,1868308.7892139954
2021-09-27 00:00:00+00:00,2028031.8631504285,2220892.589249079,1879544.2654082396
2021-09-28 00:00:00+00:00,2011871.0730683769,2202526.577922696,1864157.157636024
2021-09-29 00:00:00+00:00,2022549.379748902,2214661.993360022,1874345.9877648437
2021-09-30 00:00:00+00:00,1994978.0936465925,2183328.466331516,1874345.9877648437
2021-10-01 00:00:00+00:00,2011068.548089201,2201614.5443660184,1889695.7761632244
2021-10-04 00:00:00+00:00,2014794.5363826524,2205848.9625381534,1893603.4437470168
2021-10-05 00:00:00+00:00,2020426.7711119,2212249.744078228,1899067.1311936136
2021-10-06 00:00:00+00:00,2018474.104995098,2210030.626829891,1897763.6439949968
2021-10-07 00:00:00+00:00,2031554.8740633787,2224896.332754298,1909887.2177876735
2021-10-08 00:00:00+00:00,2030318.7385040282,2223491.5202687257,1908819.3910080611
2021-10-11 00:00:00+00:00,2022487.0191149805,2214591.123303354,1901244.5513948053
2021-10-12 00:00:00+00:00,2022487.0191149805,2214591.123303354,1905937.6508077763
2021-10-13 00:00:00+00:00,2028573.9353939353,2221482.829107819,1911746.261773002
2021-10-14 00:00:00+00:00,2053954.3735799894,2250218.974826047,1935657.9483045943
2021-10-15 00:00:00+00:00,2058305.062996367,2255144.8962828517,1939831.2924556101
2021-10-18 00:00:00+00:00,2055614.7090199846,2252098.8336683214,1937221.0022778218
2021-10-19 00:00:00+00:00,2064073.8480312612,2261676.4087084704,1945134.100593346
2021-10-20 00:00:00+00:00,2081210.5473193508,2281078.8589050383,1961355.9800291557
2021-10-21 00:00:00+00:00,2076050.155074255,2275236.1787105035,1956208.8054673206
2021-10-22 00:00:00+00:00,2082015.5530349233,2281990.299494721,1961853.866179521
2021-10-25 00:00:00+00:00,2085017.057719214,2285388.6520113107,1964927.3775492657
2021-10-26 00:00:00+00:00,2078628.518682981,2278155.4440057585,1958981.3944588134
2021-10-27 00:00:00+00:00,2053536.297667879,2249745.622465319,1935180.1401392005
2021-10-28 00:00:00+00:00,2073939.2333214765,2272846.1587020643,1954403.6315909496
2021-10-29 00:00:00+00:00,2067659.7705376213,2265736.44860698,1948365.317500893
2021-11-01 00:00:00+00:00,2085506.7250134,2285943.0613014903,1965435.0779371124
2021-11-02 00:00:00+00:00,2084896.5795065216,2285252.244615567,1964955.5563988246
2021-11-03 00:00:00+00:00,2107000.491661337,2310278.654166396,1985768.074906189
2021-11-04 00:00:00+00:00,2100440.676880523,2302851.5249716905,1979530.689923498
2021-11-05 00:00:00+00:00,2113187.089544476,2317283.2211075462,1991399.1487242838
2021-11-08 00:00:00+00:00,2110505.7700340874,2314247.387462642,1989383.9388848366
2021-11-09 00:00:00+00:00,2112724.1672329605,2316759.0929225874,1991309.3651831998
2021-11-10 00:00:00+00:00,2109428.854499032,2313028.0861442513,1987899.5272181283
2021-11-11 00:00:00+00:00,2114409.903024189,2318667.7104564565,1993111.574014964
2021-11-12 00:00:00+00:00,2119235.3071934897,2324131.1116925534,1997701.3860778634
2021-11-15 00:00:00+00:00,2126692.3544114316,2332574.1020740285,2004412.150798057
2021-11-16 00:00:00+00:00,2125270.542603343,2330964.303574821,2002870.0302128198
2021-11-17 00:00:00+00:00,2111372.725140607,2315228.9681622926,1989567.7070407292
2021-11-18 00:00:00+00:00,2110911.1463634684,2314706.361148849,1989173.222466612
2021-11-19 00:00:00+00:00,2100148.0000703125,2302520.1515176585,1978686.9753119242
2021-11-22 00:00:00+00:00,2111087.537292918,2314906.0738336686,1988934.2880019743
2021-11-23 00:00:00+00:00,2120609.2298843893,2325686.6893528695,1998144.4524092015
2021-11-24 00:00:00+00:00,2117472.019728454,2322134.6888898043,1995326.726461276
2021-11-26 00:00:00+00:00,2078070.8744295675,2277524.0700945775,1957746.3007099845
2021-11-29 00:00:00+00:00,2082460.040877249,2282493.5558732525,1961741.8404363897
2021-11-30 00:00:00+00:00,2038102.2370399192,2232270.927506242,1919744.3270550359
2021-12-01 00:00:00+00:00,2022320.266279623,2214402.3230257295,1904777.755726177
2021-12-02 00:00:00+00:00,2059217.3496254717,2256177.802071104,1939714.0758266116
2021-12-03 00:00:00+00:00,2056108.191817522,2252657.5629335735,1936520.4170706861
2021-12-06 00:00:00+00:00,2085780.592845634,2286253.1389241433,1964667.2532570083
2021-12-07 00:00:00+00:00,2104226.0490465285,2307137.3850251166,1982240.232619773
2021-12-08 00:00:00+00:00,2104159.8090490233,2307062.3870204827,1982181.070704119
2021-12-09 00:00:00+00:00,2094055.2490308266,2295621.839502236,1972262.4171080259
2021-12-10 00:00:00+00:00,2104413.326509669,2307349.42362079,1982028.5757288754
2021-12-13 00:00:00+00:00,2090909.9030333115,2292060.6275067506,1968844.570840658
2021-12-14 00:00:00+00:00,2086742.5214435363,2287342.2501584413,1964947.580794688
2021-12-15 00:00:00+00:00,2107492.8441114137,2310836.1036338327,1984509.727099046
2021-12-16 00:00:00+00:00,2107617.543578948,2310977.290403099,1984780.637040349
2021-12-17 00:00:00+00:00,2090859.8650743337,2292003.973714169,1968859.7720933838
2021-12-20 00:00:00+00:00,2076677.050994129,2275945.9604869876,1955329.0198683797
2021-12-21 00:00:00+00:00,2098616.386921943,2300786.034151644,1976447.2173603897
2021-12-22 00:00:00+00:00,2112323.2721900013,2316305.1930218944,1989239.344063768
2021-12-23 00:00:00+00:00,2119344.0871456377,2324254.2741270717,1995977.2451511982
2021-12-27 00:00:00+00:00,2136749.2498995224,2343960.6830345406,2012420.6532808251
2021-12-28 00:00:00+00:00,2141707.33446083,2349574.3071726495,2016958.1784603815
2021-12-29 00:00:00+00:00,2149865.589133893,2358811.2160618105,2024607.0746292567
2021-12-30 00:00:00+00:00,2146228.383360595,2354693.1124127526,2021130.6921421841
2021-12-31 00:00:00+00:00,2149203.1204587775,2358061.1582321413,2021130.6921421841
2022-01-03 00:00:00+00:00,2153341.9750650153,2362747.236864809,2029156.2825843575
2022-01-04 00:00:00+00:00,2168008.6072895364,2379353.036879368,2045177.497167074
2022-01-05 00:00:00+00:00,2154353.5804574233,2363892.5929753887,2025708.1259017123
2022-01-06 00:00:00+00:00,2161868.604771916,2372401.2259703833,2037244.7404362762
2022-01-07 00:00:00+00:00,2164200.748471041,2375041.717071547,2040349.746382571
2022-01-10 00:00:00+00:00,2162624.744832892,2373257.3400696083,2034042.468904077
2022-01-11 00:00:00+00:00,2168963.990139262,2380434.7369109103,2046342.8808239375
2022-01-12 00:00:00+00:00,2169743.135929998,2381316.8984722756,2051681.5485518149
2022-01-13 00:00:00+00:00,2177375.1945427214,2389958.039606938,2053617.1528530254
2022-01-14 00:00:00+00:00,2173957.62949502,2386088.616766704,2055578.3721144663
2022-01-18 00:00:00+00:00,2149034.7879513963,2357870.5694241086,2029790.5242247714
2022-01-19 00:00:00+00:00,2135553.999499288,2342607.4010533895,2011811.2220885889
2022-01-20 00:00:00+00:00,2116268.685605405,2320772.2543859486,1985560.006007382
2022-01-21 00:00:00+00:00,2096500.8380451375,2298390.7752379766,1963575.081885204
2022-01-24 00:00:00+00:00,2106178.7298228047,2309348.2420212375,1978018.7340239952
2022-01-25 00:00:00+00:00,2106178.7298228047,2309348.2420212375,1980167.789215129
2022-01-26 00:00:00+00:00,2093279.4703599913,2294854.0542187085,1968850.1400749048
2022-01-27 00:00:00+00:00,2085749.1564378287,2286392.654979901,1962663.9456287923
2022-01-28 00:00:00+00:00,2107389.7272840133,2310708.9732075306,1982015.6675314838
2022-01-31 00:00:00+00:00,2128294.7640287867,2334198.8122537974,2000007.5916639823
2022-02-01 00:00:00+00:00,2146203.03451596,2354321.3500171388,2016970.197462262
2022-02-02 00:00:00+00:00,2154647.011612857,2363809.382271665,2025526.3661388245
2022-02-03 00:00:00+00:00,2136036.8880257756,2342898.2108143372,2009145.5567953782
2022-02-04 00:00:00+00:00,2130747.1614658134,2336954.436258508,2004803.2623213395
2022-02-07 00:00:00+00:00,2131279.528073284,2337552.6273105377,2005675.783954463
2022-02-08 00:00:00+00:00,2152863.8847513213,2361805.7807718003,2024734.8208351396
2022-02-09 00:00:00+00:00,2172006.8901648335,2383315.7222043425,2041599.538653165
2022-02-10 00:00:00+00:00,2141948.018179902,2349540.2223829934,2014189.4512482637
2022-02-11 00:00:00+00:00,2140169.7656174707,2347542.097864721,2014498.413917484
2022-02-14 00:00:00+00:00,2123472.456947157,2328780.251236082,1998502.9630561513
2022-02-15 00:00:00+00:00,2144860.632731026,2352812.967025589,2016645.9883371354
2022-02-16 00:00:00+00:00,2150761.8998820856,2359443.8960806206,2022597.1715438764
2022-02-17 00:00:00+00:00,2129766.9012394818,2335852.971801826,2003952.721419797
2022-02-18 00:00:00+00:00,2126710.293321822,2332418.429739549,2001000.0216856168
2022-02-22 00:00:00+00:00,2101267.8214606494,2303830.124621762,1978198.7047749727
2022-02-23 00:00:00+00:00,2084177.9597062918,2284627.187701158,1963769.991447678
2022-02-24 00:00:00+00:00,2089380.0734630853,2290472.5165728237,1965981.0183461022
2022-02-25 00:00:00+00:00,2148804.5281857206,2357244.5052513825,2021972.0428561931
2022-02-28 00:00:00+00:00,2152093.189473925,2360939.792912474,2025184.1999339762
2022-03-01 00:00:00+00:00,2126829.286450022,2332552.135767582,2002254.7311825606
2022-03-02 00:00:00+00:00,2177484.3152449876,2389470.403255212,2049641.082108961
2022-03-03 00:00:00+00:00,2177979.8597268304,2390027.219311595,2051412.2352215457
2022-03-04 00:00:00+00:00,2179722.2758598244,2391985.0764067704,2055078.2699567087
2022-03-07 00:00:00+00:00,2138663.586975727,2345849.687834477,2018138.3294426042
2022-03-08 00:00:00+00:00,2133606.84657668,2340167.707002653,2013341.2325157651
2022-03-09 00:00:00+00:00,2149528.927910097,2358058.4733461766,2026280.1617963233
2022-03-10 00:00:00+00:00,2159237.79308296,2368967.790704325,2036839.7260264102
2022-03-11 00:00:00+00:00,2141703.5744175245,2349265.554382922,2020459.2781323225
2022-03-14 00:00:00+00:00,2128091.837356452,2333970.794722447,2006835.6721145962
2022-03-15 00:00:00+00:00,2146911.9580702027,2355117.9283914585,2023043.5147336414
2022-03-16 00:00:00+00:00,2172673.9133995245,2384065.219496038,2045312.423646889
2022-03-17 00:00:00+00:00,2198175.638527807,2412720.1042484054,2069123.2450139897
2022-03-18 00:00:00+00:00,2202273.299519511,2417324.4203439206,2072390.5222928475
2022-03-21 00:00:00+00:00,2212086.8243904514,2428351.338043674,2083634.57915829
2022-03-22 00:00:00+00:00,2218393.40211319,2435437.692277275,2089061.3250039706
2022-03-23 00:00:00+00:00,2205060.3658158826,2420456.0933236126,2078598.2287260669
2022-03-24 00:00:00+00:00,2222304.1683875406,2439832.0050667524,2094609.4302589488
2022-03-25 00:00:00+00:00,2243287.8797896733,2463410.2464947496,2116209.909609299
2022-03-28 00:00:00+00:00,2231752.5796625186,2450448.6647168566,2104011.2963721165
2022-03-29 00:00:00+00:00,2253461.2056626137,2474841.4527747547,2122934.719060041
2022-03-30 00:00:00+00:00,2242271.6024371125,2462268.3115759324,2114078.670424124
2022-03-31 00:00:00+00:00,2215987.444649085,2432734.2503137905,2114078.670424124
2022-04-01 00:00:00+00:00,2229181.213644646,2447559.3622666243,2128843.8305017687
2022-04-04 00:00:00+00:00,2222302.0822610296,2439829.661001226,2121628.107909441
2022-04-05 00:00:00+00:00,2202835.2293691197,2417955.829983797,2101088.988265879
2022-04-06 00:00:00+00:00,2205948.484507722,2421454.0234100297,2104718.555762616
2022-04-07 00:00:00+00:00,2209740.4409659486,2425714.8361491645,2106885.1189930034
2022-04-08 00:00:00+00:00,2223504.3003429035,2441180.5272822333,2124406.959332962
2022-04-11 00:00:00+00:00,2206959.8851445727,2422590.4786318494,2107646.9104110263
2022-04-12 00:00:00+00:00,2214725.6871972336,2431316.4829201587,2119890.536128572
2022-04-13 00:00:00+00:00,2234666.630552046,2453723.02329385,2143250.1104784273
2022-04-14 00:00:00+00:00,2235436.2711421144,2454587.8260590835,2146283.0606084494
2022-04-18 00:00:00+00:00,2235745.6127725216,2454935.4162210757,2154454.5350176194
2022-04-19 00:00:00+00:00,2260360.3269010233,2482593.615539618,2172517.594176645
2022-04-20 00:00:00+00:00,2278071.8923591496,2502495.126689692,2189452.952109222
2022-04-21 00:00:00+00:00,2241578.5055489913,2461489.516755134,2149266.884035965
2022-04-22 00:00:00+00:00,2189391.0531606777,2402849.3492298266,2096746.9151120607
2022-04-25 00:00:00+00:00,2185124.205435843,2398054.927315388,2086038.1790071074
2022-04-26 00:00:00+00:00,2156190.404184629,2365543.607546595,2061952.7070664084
2022-04-27 00:00:00+00:00,2158539.6601677397,2368183.3371770894,2070617.6829847344
2022-04-28 00:00:00+00:00,2190251.8925247365,2403816.627037242,2105385.954494685
2022-04-29 00:00:00+00:00,2135689.9241138054,2342508.3465655185,2053289.4497724287
2022-05-02 00:00:00+00:00,2138400.869540261,2345554.4867138527,2055935.920948477
2022-05-03 00:00:00+00:00,2161068.918267783,2371025.3252779385,2085430.2994701033
2022-05-04 00:00:00+00:00,2216483.9675809033,2433292.165800552,2141173.542993185
2022-05-05 00:00:00+00:00,2169503.770675704,2380503.104621744,2095906.1854065014
2022-05-06 00:00:00+00:00,2169564.6648694677,2380571.5280752787,2097323.4083721703
2022-05-09 00:00:00+00:00,2121917.759063737,2327033.3228047676,2039441.0041523788
2022-05-10 00:00:00+00:00,2107972.5820428813,2311363.895016104,2027896.2209736411
2022-05-11 00:00:00+00:00,2095123.8854044261,2296926.521876012,2021270.495607725
2022-05-12 00:00:00+00:00,2095123.8854044261,2296926.521876012,2023747.9182381115
2022-05-13 00:00:00+00:00,2138127.1689147237,2344935.883110262,2063376.994173103
2022-05-16 00:00:00+00:00,2150314.6374597135,2358542.1134291016,2075712.4843447437
2022-05-17 00:00:00+00:00,2193615.334587107,2406883.5106525505,2115541.9970685393
2022-05-18 00:00:00+00:00,2126483.657884138,2331936.9332284816,2051509.421377412
2022-05-19 00:00:00+00:00,2118913.3971326607,2323485.406894031,2043729.4509427138
2022-05-20 00:00:00+00:00,2112213.9165146975,2316006.0295345634,2037892.3206031646
2022-05-23 00:00:00+00:00,2153241.9057471906,2361810.149475917,2076201.3989111625
2022-05-24 00:00:00+00:00,2151358.703023976,2359707.720255728,2076102.623390707
2022-05-25 00:00:00+00:00,2180222.895148522,2391932.0369433193,2104136.5692947325
2022-05-26 00:00:00+00:00,2211640.285455819,2427006.77350243,2132640.91524096
2022-05-27 00:00:00+00:00,2242468.589249117,2461423.8470893158,2161936.3083334607
2022-05-31 00:00:00+00:00,2220413.2556061735,2436801.0184685104,2140925.1297436217
2022-06-01 00:00:00+00:00,2225294.2515582247,2442250.2185927005,2146374.9710770743
2022-06-02 00:00:00+00:00,2248891.523091064,2468594.4844414117,2167527.3717412096
2022-06-03 00:00:00+00:00,2237519.734500068,2455898.8886222243,2158042.108495442
2022-06-06 00:00:00+00:00,2252066.003619116,2472138.511082211,2171425.460025344
2022-06-07 00:00:00+00:00,2282638.921939203,2506270.4693840183,2200300.0489989594
2022-06-08 00:00:00+00:00,2246713.9268699265,2466163.3909278694,2166728.4765101485
2022-06-09 00:00:00+00:00,2197304.477365812,2411002.1121603902,2121843.5534113743
2022-06-10 00:00:00+00:00,2156503.4506307915,2365451.375766486,2083746.7404636112
2022-06-13 00:00:00+00:00,2068080.3099065772,2266734.762569283,1999696.730606909
2022-06-14 00:00:00+00:00,2049055.1574736068,2245494.863167824,1980731.1490157198
2022-06-15 00:00:00+00:00,2054951.0458404685,2252077.100878433,1984716.2485853112
2022-06-16 00:00:00+00:00,1985452.799298724,2174488.4576165625,1917952.2424767746
2022-06-17 00:00:00+00:00,1965238.2745452847,2151920.7292514914,1897432.1485800266
2022-06-21 00:00:00+00:00,2006969.8753843312,2198510.3692980595,1937450.4027993237
2022-06-22 00:00:00+00:00,1982197.8019796691,2170854.541102499,1914188.481796548
2022-06-23 00:00:00+00:00,1968694.473504343,2155779.2695948845,1900919.1273183133
2022-06-24 00:00:00+00:00,2019729.4186547277,2212755.270432314,1949235.6845693514
2022-06-27 00:00:00+00:00,2041372.2567035784,2236917.584218721,1970965.0991025385
2022-06-28 00:00:00+00:00,2037746.8291553678,2232870.115128391,1968358.9793382518
2022-06-29 00:00:00+00:00,2018084.3492673263,2210918.696012218,1949713.567014255
2022-06-30 00:00:00+00:00,1996040.8864429456,2186309.1201100424,1949713.567014255
2022-07-01 00:00:00+00:00,2017849.6837741558,2210656.712751611,1971562.8134542329
2022-07-05 00:00:00+00:00,1978761.0261539645,2167017.684968993,1931733.072101239
2022-07-06 00:00:00+00:00,1969861.7761546206,2157082.4597243886,1922285.193103873
2022-07-07 00:00:00+00:00,2008823.2973760737,2200579.5509664724,1959662.1257935518
2022-07-08 00:00:00+00:00,2004434.3914789436,2195679.725849909,1955205.714720195
2022-07-11 00:00:00+00:00,1992777.3164766775,2182665.632993848,1945178.7178264712
2022-07-12 00:00:00+00:00,1984377.3884420905,2173287.8565443447,1936002.2979092717
2022-07-13 00:00:00+00:00,1983709.499034436,2172542.2171136034,1936700.851138452
2022-07-14 00:00:00+00:00,1962614.5048281811,2148991.522505831,1916733.7358940148
2022-07-15 00:00:00+00:00,1995154.1569811678,2185319.165121202,1946956.31023519
2022-07-18 00:00:00+00:00,2002082.8129423084,2193054.3964745607,1953814.6671429474
2022-07-19 00:00:00+00:00,2047276.0166395248,2243508.6098397593,1996587.8391764027
2022-07-20 00:00:00+00:00,2054012.7649146086,2251029.5932410676,2001541.4629293159
2022-07-21 00:00:00+00:00,2050909.3515645715,2247564.906816706,1998817.0916392645
2022-07-22 00:00:00+00:00,2046710.6931810207,2242877.476216509,1995963.1052929235
2022-07-25 00:00:00+00:00,2077040.118962104,2276737.5966420276,2026680.1500025638
2022-07-26 00:00:00+00:00,2072165.7374351318,2271295.7809382123,2023439.188016643
2022-07-27 00:00:00+00:00,2100599.4353222093,2303039.488898544,2049645.162171013
2022-07-28 00:00:00+00:00,2119330.148919773,2323950.67339136,2067507.0298503016
2022-07-29 00:00:00+00:00,2144208.4381259293,2351725.0821316247,2090698.9046905956
2022-08-01 00:00:00+00:00,2136225.863566412,2342813.2439108198,2083934.3197651592
2022-08-02 00:00:00+00:00,2120352.139856744,2325091.6358497133,2066126.3735724555
2022-08-03 00:00:00+00:00,2128911.53437859,2334647.442523112,2073993.9592257615
2022-08-04 00:00:00+00:00,2109279.154525117,2312729.627432371,2053445.263822334
2022-08-05 00:00:00+00:00,2117713.7756519155,2322146.1356497854,2059594.3772873522
2022-08-08 00:00:00+00:00,2128718.0972101926,2334431.4870393523,2070511.3680543788
2022-08-09 00:00:00+00:00,2137619.0251813703,2344368.5855910475,2078304.1144788912
2022-08-10 00:00:00+00:00,2169721.4154859735,2380208.06404035,2108310.9518964747
2022-08-11 00:00:00+00:00,2195809.555486002,2409333.164147907,2135958.827646181
2022-08-12 00:00:00+00:00,2195809.555486002,2409333.164147907,2159445.0873187697
2022-08-15 00:00:00+00:00,2192070.5681202305,2405168.1264629746,2155183.0170327732
2022-08-16 00:00:00+00:00,2211879.156641148,2427233.865018346,2175691.1621738505
2022-08-17 00:00:00+00:00,2197882.777342617,2411642.6255922215,2161179.6739272038
2022-08-18 00:00:00+00:00,2223580.310198186,2440268.3422055114,2187353.625444947
2022-08-19 00:00:00+00:00,2207038.1755004697,2421841.2635167856,2169732.4898750894
2022-08-22 00:00:00+00:00,2184019.140702269,2396199.2545913276,2146861.8819080116
2022-08-23 00:00:00+00:00,2194474.556060595,2407846.044141275,2157415.97738178
2022-08-24 00:00:00+00:00,2201652.223409714,2415841.5926881004,2165108.5833800416
2022-08-25 00:00:00+00:00,2222949.518922651,2439565.6734941965,2186951.761646896
2022-08-26 00:00:00+00:00,2182001.6543104635,2393951.879559351,2145864.182275867
2022-08-29 00:00:00+00:00,2179196.9625208913,2390827.5986096137,2142626.410013684
2022-08-30 00:00:00+00:00,2133994.2527900254,2340474.128251927,2096855.9038658303
2022-08-31 00:00:00+00:00,2116930.7938746926,2321466.3214675896,2080554.2281933862
2022-09-01 00:00:00+00:00,2107763.597329518,2311254.5407524756,2070093.3935208453
2022-09-02 00:00:00+00:00,2108082.809477958,2311610.126502754,2070990.4071131872
2022-09-06 00:00:00+00:00,2088798.8865674282,2290128.8381809574,2051341.770588511
2022-09-07 00:00:00+00:00,2114680.825091807,2318959.9731294187,2077399.0306068875
2022-09-08 00:00:00+00:00,2122801.2536111902,2328005.70864344,2086489.516846754
2022-09-09 00:00:00+00:00,2153353.4445875334,2362039.262203597,2117587.175923638
2022-09-12 00:00:00+00:00,2172942.150474104,2383860.062927217,2137052.2900441457
2022-09-13 00:00:00+00:00,2109095.0625163587,2312737.723800949,2073080.7930364832
2022-09-14 00:00:00+00:00,2121326.833606731,2326363.281354648,2085123.4092766133
2022-09-15 00:00:00+00:00,2092902.7981460867,2294700.382481219,2057055.2989552978
2022-09-16 00:00:00+00:00,2071858.467133632,2271258.0909871445,2034846.458736434
2022-09-19 00:00:00+00:00,2092612.3735314605,2294376.864548095,2056225.7656482377
2022-09-20 00:00:00+00:00,2069214.3030152302,2268312.629523672,2032803.7459576174
2022-09-21 00:00:00+00:00,2042576.8926275948,2238639.9381663343,2006037.4042897944
2022-09-22 00:00:00+00:00,2026631.271519809,2220877.344627886,1988767.8667366563
2022-09-23 00:00:00+00:00,1965534.6995670483,2152818.9374417597,1927061.4237566201
2022-09-26 00:00:00+00:00,1929345.8888920217,2112506.4823598773,1890744.88988078
2022-09-27 00:00:00+00:00,1930906.5831911643,2114245.014730994,1893447.038329681
2022-09-28 00:00:00+00:00,1977977.6360771295,2166679.7223029626,1941134.9489271624
2022-09-29 00:00:00+00:00,1936830.9646393857,2120844.46789247,1900290.423427744
2022-09-30 00:00:00+00:00,1919135.3393015536,2101132.4605545374,1900290.423427744
2022-10-03 00:00:00+00:00,1977276.8429632387,2165899.0751803173,1956862.686852864
2022-10-04 00:00:00+00:00,2032041.8939988245,2226904.4969874653,2011342.1209448406
2022-10-05 00:00:00+00:00,2021240.4290562915,2214872.2261779997,1998781.4932011268
2022-10-06 00:00:00+00:00,1992946.9842121443,2183354.7984671616,1970183.9570006083
2022-10-07 00:00:00+00:00,1966555.0758410331,2153955.583602392,1943030.395196497
2022-10-10 00:00:00+00:00,1959718.872884743,2146340.4086500895,1933084.8868891369
2022-10-11 00:00:00+00:00,1960820.332460715,2147567.3773968555,1935763.0654006458
2022-10-12 00:00:00+00:00,1949984.8858785657,2135497.2528062053,1925211.8188034599
2022-10-13 00:00:00+00:00,2002297.8212145343,2193771.145111484,1979237.867911315
2022-10-14 00:00:00+00:00,1960424.8591026226,2147126.8406207967,1936872.8020580257
2022-10-17 00:00:00+00:00,1996544.3854712055,2187362.1165846223,1971460.6893946666
2022-10-18 00:00:00+00:00,2015361.7621584474,2208323.6966507724,1992382.4364970033
2022-10-19 00:00:00+00:00,2001347.621158518,2192712.6716120113,1983812.6310802388
2022-10-20 00:00:00+00:00,1976022.0740469752,2164501.327792893,1961511.095326779
2022-10-21 00:00:00+00:00,2013730.5329347006,2206506.5920379385,1997286.724708567
2022-10-24 00:00:00+00:00,2023980.3296865118,2217924.333142123,2008004.1581993094
2022-10-25 00:00:00+00:00,2052899.7278529783,2250139.040335727,2032238.7842539523
2022-10-26 00:00:00+00:00,2062405.0976713384,2260727.5285090543,2043001.306601907
2022-10-27 00:00:00+00:00,2074629.6150622857,2274345.005818424,2054712.2852238733
2022-10-28 00:00:00+00:00,2099982.8666400216,2302587.2109736335,2083995.4253168749
2022-10-31 00:00:00+00:00,2100561.834562485,2303232.151161852,2082762.1597189608
2022-11-01 00:00:00+00:00,2110061.4974774336,2313814.2821412534,2092191.884497087
2022-11-02 00:00:00+00:00,2071816.9466415267,2271211.839315931,2057271.16649118
2022-11-03 00:00:00+00:00,2073992.2070247927,2273634.9663780285,2058341.3301597973
2022-11-04 00:00:00+00:00,2108767.555415974,2312372.897905127,2084561.0169208853
2022-11-07 00:00:00+00:00,2121711.717987304,2326792.022559848,2091822.583334119
2022-11-08 00:00:00+00:00,2121711.717987304,2326792.022559848,2098869.327677219
2022-11-09 00:00:00+00:00,2080368.3565657244,2280628.6595431166,2056368.032386995
2022-11-10 00:00:00+00:00,2157438.400626599,2366683.8882270763,2131827.5557057704
2022-11-11 00:00:00+00:00,2159390.723890092,2368863.8224278693,2134923.0884645423
2022-11-14 00:00:00+00:00,2145523.8529446963,2353380.28709481,2122046.881735479
2022-11-15 00:00:00+00:00,2163750.871663916,2373732.2965327483,2140174.0266648256
2022-11-16 00:00:00+00:00,2151591.1699523395,2360154.9601724376,2127310.8266874617
2022-11-17 00:00:00+00:00,2143695.3828680897,2351338.6454621693,2120124.9432066055
2022-11-18 00:00:00+00:00,2160131.342765309,2369690.7861003447,2135135.200895302
2022-11-21 00:00:00+00:00,2159083.919334053,2368521.249168013,2133503.1948421844
2022-11-22 00:00:00+00:00,2197603.7041097535,2411531.8498251447,2172554.8927808166
2022-11-23 00:00:00+00:00,2200543.783794692,2414814.6976906084,2174261.9849341493
2022-11-25 00:00:00+00:00,2206948.6174424277,2421966.2366699204,2180168.467919466
2022-11-28 00:00:00+00:00,2176495.900082011,2387963.1997126713,2149212.011912892
2022-11-29 00:00:00+00:00,2180689.139946293,2392645.307006687,2154102.9113828805
2022-11-30 00:00:00+00:00,2213399.998228644,2429169.7494698693,2185775.9499677047
2022-12-01 00:00:00+00:00,2200326.6680739988,2414572.2696081693,2172758.251842232
2022-12-02 00:00:00+00:00,2194462.125474846,2408024.011323819,2166652.322616446
2022-12-05 00:00:00+00:00,2152598.776068611,2361280.0377017907,2124024.0765952896
2022-12-06 00:00:00+00:00,2140066.964950461,2347287.2096875138,2110644.3500363072
2022-12-07 00:00:00+00:00,2141126.2116106404,2348469.948255853,2111099.5558785796
2022-12-08 00:00:00+00:00,2142910.168871442,2350461.887561343,2112338.793205455
2022-12-09 00:00:00+00:00,2125154.088243575,2330635.7203704305,2093878.9287603146
2022-12-12 00:00:00+00:00,2157738.231319707,2367018.6745785875,2126408.709323528
2022-12-13 00:00:00+00:00,2164670.3330143644,2374758.952969021,2134077.0291164457
2022-12-14 00:00:00+00:00,2157527.106170579,2366782.935476443,2126978.9782806607
2022-12-15 00:00:00+00:00,2127071.730046072,2332776.9297840055,2096958.4977500525
2022-12-16 00:00:00+00:00,2104568.431851621,2307650.0922965733,2074870.0312988807
2022-12-19 00:00:00+00:00,2092958.4015255643,2294686.5105715212,2063483.8603061398
2022-12-20 00:00:00+00:00,2097723.6215240113,2300007.2821072405,2069146.240754039
2022-12-21 00:00:00+00:00,2128480.1128391093,2334349.5084013687,2100074.004433255
2022-12-22 00:00:00+00:00,2106681.1025370015,2310009.067968376,2077614.9203028204
2022-12-23 00:00:00+00:00,2133728.198461963,2340209.440284513,2105259.816773668
2022-12-27 00:00:00+00:00,2142408.9395184405,2349902.222556331,2113732.4259005208
2022-12-28 00:00:00+00:00,2108681.335663167,2312242.4975867295,2079419.422619062
2022-12-29 00:00:00+00:00,2130439.816370636,2336537.6832962097,2101473.3559376784
2022-12-30 00:00:00+00:00,2122845.1893707477,2328057.6393153276,2094511.5991813785
2023-01-03 00:00:00+00:00,2103903.213420692,2306907.3196032923,2094511.5991813785
2023-01-04 00:00:00+00:00,2124926.833839736,2330381.9715899527,2114984.2618698673
2023-01-05 00:00:00+00:00,2110356.1339301383,2314112.5516345752,2102157.287498515
2023-01-06 00:00:00+00:00,2156072.2732732724,2365158.491385353,2147899.646788296
2023-01-09 00:00:00+00:00,2156026.2865988044,2365107.1433702335,2147139.0722391503
2023-01-10 00:00:00+00:00,2166632.9531925996,2376950.3845468257,2158609.600068179
2023-01-11 00:00:00+00:00,2182370.669402365,2394522.8769970043,2174086.55271375
2023-01-12 00:00:00+00:00,2193733.07375231,2407209.963356547,2186643.7967656027
2023-01-13 00:00:00+00:00,2196661.7396041797,2410480.0667111333,2190004.8785362835
2023-01-17 00:00:00+00:00,2187035.441441461,2399731.4898825223,2180762.045156274
2023-01-18 00:00:00+00:00,2149406.220404845,2357715.279032201,2143383.6753574917
2023-01-19 00:00:00+00:00,2145920.7688717954,2353823.4773289803,2140448.7934482065
2023-01-20 00:00:00+00:00,2145920.7688717954,2353823.4773289803,2161643.870119106
2023-01-23 00:00:00+00:00,2160518.182833398,2370151.885322188,2176677.5201905193
2023-01-24 00:00:00+00:00,2157043.8875606935,2366265.600336997,2173160.2833722034
2023-01-25 00:00:00+00:00,2159464.182369843,2368972.899123727,2175421.014902683
2023-01-26 00:00:00+00:00,2174224.0701231007,2385483.0474145873,2191036.4211774757
2023-01-27 00:00:00+00:00,2170007.1160753537,2380766.037513974,2186707.4529527193
2023-01-30 00:00:00+00:00,2154845.045240544,2363806.014371251,2170724.665161679
2023-01-31 00:00:00+00:00,2185531.2810904654,2398131.0927756387,2201890.3608359853
2023-02-01 00:00:00+00:00,2187907.3600998567,2400788.9325540736,2203988.732735113
2023-02-02 00:00:00+00:00,2192221.975730974,2405615.1849672804,2208658.598561299
2023-02-03 00:00:00+00:00,2178779.5553223975,2390578.732248681,2195196.0252842195
2023-02-06 00:00:00+00:00,2170670.2408812605,2381507.797144121,2186348.27348759
2023-02-07 00:00:00+00:00,2182165.5273440983,2394366.2204140057,2198577.703747484
2023-02-08 00:00:00+00:00,2163175.0659178533,2373123.8275516373,2179330.724387405
2023-02-09 00:00:00+00:00,2145931.1090146517,2353835.0436291285,2161789.6467269706
2023-02-10 00:00:00+00:00,2177595.546496558,2389254.3210052433,2193971.393779979
2023-02-13 00:00:00+00:00,2189175.4471801165,2402207.392239596,2205595.890148181
2023-02-14 00:00:00+00:00,2186382.063496636,2399082.7628644607,2203395.8404154344
2023-02-15 00:00:00+00:00,2191144.6274216464,2404410.0822832184,2208106.692880474
2023-02-16 00:00:00+00:00,2182840.473378879,2395121.2030608146,2200014.9380439413
2023-02-17 00:00:00+00:00,2178921.937711284,2390737.9986600406,2194849.18974085
2023-02-21 00:00:00+00:00,2146763.8635306517,2354766.5480401977,2162188.767685189
2023-02-22 00:00:00+00:00,2145443.854187672,2353290.0090337885,2160896.3464135323
2023-02-23 00:00:00+00:00,2153855.2863170514,2362698.887618512,2169772.1723821126
2023-02-24 00:00:00+00:00,2150674.636928127,2359141.0697034816,2166541.1201986917
2023-02-27 00:00:00+00:00,2151984.669645251,2360606.4490334033,2168408.694020669
2023-02-28 00:00:00+00:00,2131198.670439762,2337355.5995016666,2147578.2890288047
2023-03-01 00:00:00+00:00,2135639.3705159454,2342322.887735741,2153259.6846323917
2023-03-02 00:00:00+00:00,2148243.7885373496,2356421.9658677853,2166188.6856382815
2023-03-03 00:00:00+00:00,2173057.2116819937,2384177.820286903,2191554.9639776396
2023-03-06 00:00:00+00:00,2159524.841797077,2369040.75168166,2177247.7121860026
2023-03-07 00:00:00+00:00,2134033.6000393033,2340526.7014006115,2151405.6445739837
2023-03-08 00:00:00+00:00,2135618.110564055,2342299.1067311545,2152938.4855741397
2023-03-09 00:00:00+00:00,2104723.7606938835,2307741.2356800223,2121172.901092556
2023-03-10 00:00:00+00:00,2073845.8036375742,2273201.701339325,2089460.198995796
2023-03-13 00:00:00+00:00,2047641.9193719833,2243890.5018062554,2061825.9905601451
2023-03-14 00:00:00+00:00,2066560.2454691485,2265052.205370709,2081021.2585039148
2023-03-15 00:00:00+00:00,2030892.149667717,2225154.506907231,2043025.5310623245
2023-03-16 00:00:00+00:00,2055765.0797344323,2252976.9247124773,2068601.965510819
2023-03-17 00:00:00+00:00,2023346.7599508374,2216714.3679833757,2035806.2704700297
2023-03-20 00:00:00+00:00,2048411.9391905107,2244751.8322989605,2061267.6920624615
2023-03-21 00:00:00+00:00,2063397.624429903,2261514.5536474288,2077624.2306221055
2023-03-22 00:00:00+00:00,2026152.4899646223,2219852.807744307,2039842.5237910005
2023-03-23 00:00:00+00:00,2007293.268643467,2198757.2177325394,2020545.6762373552
2023-03-24 00:00:00+00:00,2030216.5885373647,2224398.8362254407,2042947.483416439
2023-03-27 00:00:00+00:00,2051324.6179655117,2248009.9030446745,2064775.1657698955
2023-03-28 00:00:00+00:00,2064219.3061119516,2262433.6721831034,2078128.5765466206
2023-03-29 00:00:00+00:00,2085494.9323597737,2286232.2098281435,2099896.140820621
2023-03-30 00:00:00+00:00,2089782.6806567505,2291028.40891857,2104276.350988214
2023-03-31 00:00:00+00:00,2110098.4530967707,2313753.2711421386,2104276.350988214
2023-04-03 00:00:00+00:00,2124899.120135475,2330309.034417419,2119014.125139695
2023-04-04 00:00:00+00:00,2101099.174748891,2303686.8382181185,2094139.532272932
2023-04-05 00:00:00+00:00,2119902.5151385814,2324719.920812449,2110905.768969102
2023-04-06 00:00:00+00:00,2115824.367890966,2320158.17773312,2107016.7792233005
2023-04-10 00:00:00+00:00,2128098.0257618325,2333887.273435394,2120323.6507493695
2023-04-11 00:00:00+00:00,2141062.3877928937,2348388.978543685,2133909.056129287
2023-04-12 00:00:00+00:00,2136310.1496218126,2343073.2093298766,2128807.296447269
2023-04-13 00:00:00+00:00,2143954.7804253013,2351624.3575705956,2135232.8333069235
2023-04-14 00:00:00+00:00,2143954.7804253013,2351624.3575705956,2130093.940791918
2023-04-17 00:00:00+00:00,2147671.1277349917,2355787.556307876,2133651.5733374897
2023-04-18 00:00:00+00:00,2147822.7673977967,2355957.4290350736,2133854.694889148
2023-04-19 00:00:00+00:00,2147951.1780639556,2356101.2797246515,2133905.9228866408
2023-04-20 00:00:00+00:00,2138768.086908276,2345814.019057713,2124713.0170428334
2023-04-21 00:00:00+00:00,2136078.9200838325,2342801.508386639,2122215.076884632
2023-04-24 00:00:00+00:00,2146696.2205691403,2354695.426874425,2132776.259877125
2023-04-25 00:00:00+00:00,2114972.7350572445,2319157.52801312,2101675.2243641783
2023-04-26 00:00:00+00:00,2093367.6540688262,2294954.664719021,2080172.9782069207
2023-04-27 00:00:00+00:00,2115971.170490846,2320276.0147394775,2102544.692624441
2023-04-28 00:00:00+00:00,2128786.889214457,2334632.6879891385,2115460.504265246
2023-05-01 00:00:00+00:00,2127486.867243577,2333176.3521365956,2114120.079112146
2023-05-02 00:00:00+00:00,2090026.4895670316,2291211.7605510904,2076762.5096328612
2023-05-03 00:00:00+00:00,2075544.8317153698,2274988.836626687,2062580.478304564
2023-05-04 00:00:00+00:00,2061262.8304944846,2258989.575929607,2049316.9700146592
2023-05-05 00:00:00+00:00,2097524.5502947876,2299611.3837166787,2085324.2711885576
2023-05-08 00:00:00+00:00,2091808.9776228904,2293208.573928575,2079533.9226361294
2023-05-09 00:00:00+00:00,2091126.523580533,2292444.062011192,2078687.0382283018
2023-05-10 00:00:00+00:00,2090818.8689189984,2292099.415133038,2078220.9749986725
2023-05-11 00:00:00+00:00,2074213.0554942102,2273496.928411377,2061756.8798594796
2023-05-12 00:00:00+00:00,2079138.173421873,2279014.2396389744,2066758.8636085954
2023-05-15 00:00:00+00:00,2083706.904681694,2284132.3124741646,2070854.6846580785
2023-05-16 00:00:00+00:00,2047034.2192864215,2243050.1248292746,2034322.8119839127
2023-05-17 00:00:00+00:00,2073276.2492787258,2272447.4811642882,2059902.3011334161
2023-05-18 00:00:00+00:00,2079873.486271612,2279837.9660758325,2066221.631453119
2023-05-19 00:00:00+00:00,2071480.6240746612,2270435.9510355787,2058303.9911303867
2023-05-22 00:00:00+00:00,2077902.0629365996,2277629.499951698,2064307.10542145
2023-05-23 00:00:00+00:00,2073975.622483703,2273230.9465945126,2060677.3717557571
2023-05-24 00:00:00+00:00,2059481.6756613872,2256994.256080809,2046468.3639479696
2023-05-25 00:00:00+00:00,2044788.131818198,2240533.9691171455,2031474.488119159
2023-05-26 00:00:00+00:00,2052973.150069523,2249703.149177277,2039015.0677891616
2023-05-30 00:00:00+00:00,2043349.4708744797,2238922.3244227315,2029387.6473858447
2023-05-31 00:00:00+00:00,2024923.7018896134,2218281.051748567,2011275.2681504553
2023-06-01 00:00:00+00:00,2033992.616024141,2228440.4068160877,2020560.9685852877
2023-06-02 00:00:00+00:00,2086496.0844762132,2287256.8616163596,2072297.3146105688
2023-06-05 00:00:00+00:00,2075151.3927136746,2274548.09074947,2061212.628326173
2023-06-06 00:00:00+00:00,2098550.396206406,2300760.576740904,2083997.674527688
2023-06-07 00:00:00+00:00,2133830.094938959,2340282.2858212213,2118550.949645008
2023-06-08 00:00:00+00:00,2137268.3662304357,2344133.972842447,2121952.7085518027
2023-06-09 00:00:00+00:00,2126870.522475144,2332485.8984335796,2111621.592558852
2023-06-12 00:00:00+00:00,2124232.902612256,2329531.132700579,2108689.70566314
2023-06-13 00:00:00+00:00,2139785.5685633756,2346953.8421121067,2123898.1928075715
2023-06-14 00:00:00+00:00,2129292.551450351,2335199.1507566185,2113649.703153353
2023-06-15 00:00:00+00:00,2150832.3361181472,2359328.8665386825,2134900.8605446448
2023-06-16 00:00:00+00:00,2148453.330510014,2356663.810687218,2132651.463662318
2023-06-20 00:00:00+00:00,2130350.56799475,2336384.3825916997,2114675.219219786
2023-06-21 00:00:00+00:00,2137551.799363059,2344451.485809216,2121969.356895428
2023-06-22 00:00:00+00:00,2123723.732582651,2328960.7403643224,2108198.7118367776
2023-06-23 00:00:00+00:00,2104499.7622641507,2307425.2910948717,2088904.8606024534
2023-06-26 00:00:00+00:00,2122613.2084905724,2327716.6875047297,2107184.1511448547
2023-06-27 00:00:00+00:00,2139974.2744976683,2347165.2379376036,2123821.6537348353
2023-06-28 00:00:00+00:00,2138720.697280287,2345760.9313285635,2122454.1519888435
2023-06-29 00:00:00+00:00,2154497.1585402144,2363434.345065978,2138247.7228869707
2023-06-30 00:00:00+00:00,2166623.939052106,2377019.24257616,2138247.7228869707
2023-07-03 00:00:00+00:00,2177918.485781555,2389671.839000501,2149436.720558756
2023-07-05 00:00:00+00:00,2171592.8870998104,2382585.654031805,2143491.152034398
2023-07-06 00:00:00+00:00,2147682.870372412,2355800.7108731545,2120302.3876173478
2023-07-07 00:00:00+00:00,2160476.414731265,2370132.5435254034,2133206.385977281
2023-07-10 00:00:00+00:00,2169686.955801634,2380450.5546687236,2142287.6595161315
2023-07-11 00:00:00+00:00,2192227.4810253107,2405701.3394659786,2164321.22515852
2023-07-12 00:00:00+00:00,2206490.105804776,2421678.8939096513,2178352.2188816764
2023-07-13 00:00:00+00:00,2214549.8606886407,2430707.74900826,2186366.77352685
2023-07-14 00:00:00+00:00,2189433.0066056754,2402570.8590760394,2161808.419733383
2023-07-17 00:00:00+00:00,2189433.0066056754,2402570.8590760394,2160609.9341481263
2023-07-18 00:00:00+00:00,2206244.070474153,2421869.567226616,2177395.756239621
2023-07-19 00:00:00+00:00,2221840.206383312,2439773.566494145,2192843.182114088
2023-07-20 00:00:00+00:00,2235354.4958248185,2455287.6547062,2205836.9948456353
2023-07-21 00:00:00+00:00,2237756.2115909224,2458044.7682353207,2207883.404983402
2023-07-24 00:00:00+00:00,2249154.440308286,2471129.6682256414,2219281.429680581
2023-07-25 00:00:00+00:00,2250087.898959132,2472201.2569254553,2220367.7807970103
2023-07-26 00:00:00+00:00,2258590.207131223,2481961.707858434,2228939.800003401
2023-07-27 00:00:00+00:00,2237916.004834627,2458228.2071419125,2208473.808431709
2023-07-28 00:00:00+00:00,2246692.9582756707,2468303.944420356,2217390.1053669476
2023-07-31 00:00:00+00:00,2260676.2947467407,2484356.487652466,2231102.6008576234
2023-08-01 00:00:00+00:00,2246606.593019507,2468204.7991261557,2217162.4479397414
2023-08-02 00:00:00+00:00,2232264.281006743,2451740.1603677575,2203063.245644074
2023-08-03 00:00:00+00:00,2220851.1074923025,2438638.104099915,2192086.1078508515
2023-08-04 00:00:00+00:00,2210131.5759702995,2426332.3326167692,2181469.274532983
2023-08-07 00:00:00+00:00,2222299.272311937,2440300.563443756,2193512.7277391097
2023-08-08 00:00:00+00:00,2219604.647163188,2437207.1967938067,2190599.5653617354
2023-08-09 00:00:00+00:00,2225884.7775568436,2444416.639608547,2196445.1011188715
2023-08-10 00:00:00+00:00,2221161.3570758915,2438994.263365882,2191866.5430922187
2023-08-11 00:00:00+00:00,2231146.529801193,2450457.0081253047,2201750.3108160305
2023-08-14 00:00:00+00:00,2224837.744529981,2443214.670181298,2195511.625238098
2023-08-15 00:00:00+00:00,2193397.750966918,2407122.2928768913,2164427.8051287597
2023-08-16 00:00:00+00:00,2185665.3968671933,2398245.7312116106,2156675.2979943017
2023-08-17 00:00:00+00:00,2182092.0881183106,2394143.6563390084,2152835.274910505
2023-08-18 00:00:00+00:00,2195163.08825075,2409148.8587917285,2165714.916000964
2023-08-21 00:00:00+00:00,2190214.7965400936,2403468.3356365613,2160738.4349216023
2023-08-22 00:00:00+00:00,2171012.7380994195,2381424.8216367266,2141654.5664506005
2023-08-23 00:00:00+00:00,2173246.5991045097,2383989.241825923,2144004.68176945
2023-08-24 00:00:00+00:00,2159463.2195025124,2368166.2444029967,2130329.258773596
2023-08-25 00:00:00+00:00,2170210.740488541,2380504.147136237,2140735.344101947
2023-08-28 00:00:00+00:00,2180050.822881226,2391800.3315871297,2150495.29120266
2023-08-29 00:00:00+00:00,2197201.8964006044,2411489.3628649316,2167452.3288162556
2023-08-30 00:00:00+00:00,2199095.518704972,2413663.196983065,2169312.414488053
2023-08-31 00:00:00+00:00,2192476.5897756596,2406064.8213730757,2162854.642676832
2023-09-01 00:00:00+00:00,2210151.0132215433,2426354.6461266065,2180428.9061346333
2023-09-05 00:00:00+00:00,2184015.112148659,2396351.2429509317,2154531.1467670673
2023-09-06 00:00:00+00:00,2169171.5531030246,2379311.1843217635,2139822.959318085
2023-09-07 00:00:00+00:00,2170620.258350472,2380974.2640640945,2141182.9209171403
2023-09-08 00:00:00+00:00,2183386.5952901514,2395629.7202968667,2153606.1500435593
2023-09-11 00:00:00+00:00,2180713.2586983014,2392560.7924123486,2150947.8237754125
2023-09-12 00:00:00+00:00,2195993.273983605,2410101.892596994,2165933.297533816
2023-09-13 00:00:00+00:00,2196166.3287208863,2410300.555388058,2166039.1440095888
2023-09-14 00:00:00+00:00,2227726.707239085,2446531.1318054455,2197333.4025031216
2023-09-15 00:00:00+00:00,2208458.911269866,2424412.1526602847,2178162.500317607
2023-09-18 00:00:00+00:00,2207679.80859928,2423517.761015794,2177430.053460048
2023-09-19 00:00:00+00:00,2200987.660257994,2415835.3312332854,2170838.1610878957
2023-09-20 00:00:00+00:00,2195443.7356367656,2409471.0354272053,2165320.021567724
2023-09-21 00:00:00+00:00,2168646.8986727395,2378708.8933062037,2138904.151334258
2023-09-22 00:00:00+00:00,2166148.6701798197,2375840.9854239,2136414.1435930673
2023-09-25 00:00:00+00:00,2172843.191240662,2383526.139032967,2143078.5798577545
2023-09-26 00:00:00+00:00,2139636.245258024,2345405.3416756648,2110219.810421808
2023-09-27 00:00:00+00:00,2147857.8350514267,2354843.534475238,2118364.630219072
2023-09-28 00:00:00+00:00,2153314.5408511646,2361107.705114085,2123873.6846923395
2023-09-29 00:00:00+00:00,2143844.2458219016,2350236.0279079624,2114519.668758937
2023-10-02 00:00:00+00:00,2101752.808897405,2301916.042736325,2114519.668758937
2023-10-03 00:00:00+00:00,2087239.7777102645,2285255.4223584537,2097985.250228515
2023-10-04 00:00:00+00:00,2079821.5833425166,2276739.508718041,2090256.2176856545
2023-10-05 00:00:00+00:00,2081292.8798024778,2278428.5226439834,2090431.6030808399
2023-10-06 00:00:00+00:00,2096030.952960867,2295347.4859416564,2104636.975491135
2023-10-09 00:00:00+00:00,2124965.340572793,2328563.4862142676,2133096.755704916
2023-10-10 00:00:00+00:00,2142333.8936150665,2348502.1788980286,2151584.785670399
2023-10-11 00:00:00+00:00,2150483.8694697185,2357858.1605707947,2159680.350268731
2023-10-12 00:00:00+00:00,2126179.465493325,2329957.27322757,2133032.196204204
2023-10-13 00:00:00+00:00,2129512.271120454,2333783.25614119,2135257.740304939
2023-10-16 00:00:00+00:00,2151738.0156844775,2359297.8910938688,2158807.1491912305
2023-10-17 00:00:00+00:00,2161464.0352221373,2370463.1340548485,2169374.948233231
2023-10-18 00:00:00+00:00,2161464.0352221373,2370463.1340548485,2152904.7230816605
2023-10-19 00:00:00+00:00,2142694.627368753,2348629.792688306,2134405.482130512
2023-10-20 00:00:00+00:00,2117854.614883258,2319734.8762167026,2109664.484208147
2023-10-23 00:00:00+00:00,2099395.880195192,2298262.9225574764,2091114.144614067
2023-10-24 00:00:00+00:00,2105409.5058153723,2305258.2173500243,2097227.074324005
2023-10-25 00:00:00+00:00,2101109.26294009,2300255.999305188,2093077.0844570731
2023-10-26 00:00:00+00:00,2105285.980026649,2305114.527110362,2097078.694494328
2023-10-27 00:00:00+00:00,2079217.8225865448,2274790.982295711,2070875.9739709932
2023-10-30 00:00:00+00:00,2089509.4465918422,2286762.6194341327,2080902.1875414227
2023-10-31 00:00:00+00:00,2103896.6169525627,2303498.363269949,2095298.8520416883
2023-11-01 00:00:00+00:00,2119497.0401159357,2321645.412289774,2110697.1102882633
2023-11-02 00:00:00+00:00,2165245.2439451907,2374861.590387273,2156485.209269667
2023-11-03 00:00:00+00:00,2183693.066758208,2396320.8509080294,2174239.990495136
2023-11-06 00:00:00+00:00,2169542.4053617185,2379860.2239535036,2159865.3484495115
2023-11-07 00:00:00+00:00,2149936.0934110684,2357053.3615792976,2140077.881806451
2023-11-08 00:00:00+00:00,2135036.59538057,2339721.6572852083,2124796.846667574
2023-11-09 00:00:00+00:00,2120210.3673259737,2322475.183617909,2110395.13941047
2023-11-10 00:00:00+00:00,2137742.0024967883,2342868.6972752432,2127641.2599953623
2023-11-13 00:00:00+00:00,2137253.823668088,2342300.8277346487,2127241.6415301207
2023-11-14 00:00:00+00:00,2192456.110664144,2406514.381279517,2181613.298102239
2023-11-15 00:00:00+00:00,2200373.296267605,2415723.974746338,2189423.5584325334
2023-11-16 00:00:00+00:00,2178206.839257489,2389939.047135988,2167920.852613561
2023-11-17 00:00:00+00:00,2197498.299412959,2412379.661050054,2187013.385321568
2023-11-20 00:00:00+00:00,2197982.716691938,2412943.155002469,2187422.1861121166
2023-11-21 00:00:00+00:00,2192097.40787136,2406097.123549003,2181862.9896028517
2023-11-22 00:00:00+00:00,2199581.0585678457,2414802.4115155,2189326.327946757
2023-11-24 00:00:00+00:00,2208431.4292062973,2425097.523906853,2198196.823790526
2023-11-27 00:00:00+00:00,2200574.7255769204,2415958.2855411093,2190361.8958835835
2023-11-28 00:00:00+00:00,2200151.608367433,2415466.0983317443,2190013.796151327
2023-11-29 00:00:00+00:00,2202462.3801549682,2418154.082398771,2191929.9822555073
2023-11-30 00:00:00+00:00,2217169.4652180267,2435261.9640749977,2206671.637988593
2023-12-01 00:00:00+00:00,2250481.726925621,2474012.1466718544,2239350.3033266263
2023-12-04 00:00:00+00:00,2247978.417462348,2471100.194921183,2236669.357933789
2023-12-05 00:00:00+00:00,2222299.0875453125,2441228.9501529774,2211092.8778238986
2023-12-06 00:00:00+00:00,2215322.402637937,2433113.3854862917,2204214.2967506805
2023-12-07 00:00:00+00:00,2221164.327045174,2439908.950419245,2209650.588230499
2023-12-08 00:00:00+00:00,2227097.655679146,2446810.840479779,2215669.3511843383
2023-12-11 00:00:00+00:00,2235139.17871565,2456165.0683240662,2223300.8652190566
2023-12-12 00:00:00+00:00,2223057.6580318613,2442111.350307143,2211073.5672214366
2023-12-13 00:00:00+00:00,2272920.393332515,2500113.719363896,2260680.5430991347
2023-12-14 00:00:00+00:00,2305829.179199095,2538394.5623929393,2292426.5674621374
2023-12-15 00:00:00+00:00,2285418.6168529172,2514652.1631298293,2271774.8959536674
2023-12-18 00:00:00+00:00,2290147.921212564,2520153.483007208,2276681.38970707
2023-12-19 00:00:00+00:00,2313286.9935280797,2547069.7964421404,2299242.1356645576
2023-12-20 00:00:00+00:00,2283298.992664528,2512186.5297526135,2269433.350764189
2023-12-21 00:00:00+00:00,2302399.966402298,2534405.562090115,2288183.2605119403
2023-12-22 00:00:00+00:00,2309670.0902312803,2542862.466888344,2295374.3064268203
2023-12-26 00:00:00+00:00,2325561.753526206,2561348.298317368,2311210.126503394
2023-12-27 00:00:00+00:00,2323405.3474912224,2558839.87879479,2309089.4818885745
2023-12-28 00:00:00+00:00,2319249.1624418674,2554005.2346933926,2305077.6873493106
2023-12-29 00:00:00+00:00,2311415.338701371,2544892.6111483327,2297567.9417660204
2024-01-02 00:00:00+00:00,2325268.7838917836,2561007.5040798336,2297567.9417660204
2024-01-03 00:00:00+00:00,2310810.2536042505,2544188.7514642957,2285397.405128489
2024-01-04 00:00:00+00:00,2305659.399918974,2538197.068204055,2279851.9107295987
2024-01-05 00:00:00+00:00,2312997.9306959077,2546733.546756455,2289159.038058837
2024-01-08 00:00:00+00:00,2326654.396178256,2562619.3048509895,2306788.8035649015
2024-01-09 00:00:00+00:00,2309966.972314219,2543207.812245696,2287883.9683842617
2024-01-10 00:00:00+00:00,2305522.8720316594,2538038.2533925767,2287600.6218195967
2024-01-11 00:00:00+00:00,2290656.682302846,2520745.2946746247,2270717.5869368375
2024-01-12 00:00:00+00:00,2291976.8396736337,2522280.9556160416,2272130.8822022057
2024-01-16 00:00:00+00:00,2273707.582278166,2501029.409677869,2250840.5370167596
2024-01-17 00:00:00+00:00,2256282.121123829,2480759.4019704354,2231876.6004991215
2024-01-18 00:00:00+00:00,2256282.121123829,2480759.4019704354,2226583.531279945
2024-01-19 00:00:00+00:00,2271001.149614207,2497119.369832193,2241348.9978008256
2024-01-22 00:00:00+00:00,2282914.995951468,2510361.422003973,2253165.686673713
2024-01-23 00:00:00+00:00,2276819.2790470785,2503586.128871319,2246747.8618457005
2024-01-24 00:00:00+00:00,2269429.5913286232,2495372.607601123,2239200.6000021864
2024-01-25 00:00:00+00:00,2306700.0495059635,2536798.1336385803,2275283.1087868116
2024-01-26 00:00:00+00:00,2316374.351125853,2547550.9672029554,2284749.2490396006
2024-01-29 00:00:00+00:00,2325860.5800446435,2558094.760928345,2294182.6098636496
2024-01-30 00:00:00+00:00,2336053.3714088784,2569423.8876604172,2304121.8662409647
2024-01-31 00:00:00+00:00,2299512.462396219,2528809.2440052824,2268449.2640703833
2024-02-01 00:00:00+00:00,2323974.2543654256,2555998.139707115,2292632.10537077
2024-02-02 00:00:00+00:00,2310925.542119201,2541494.701988716,2279891.4723725067
2024-02-05 00:00:00+00:00,2287403.496047281,2515350.319020035,2256608.048201673
2024-02-06 00:00:00+00:00,2285805.4715357376,2513574.1399965184,2254776.7611415116
2024-02-07 00:00:00+00:00,2289252.3238218217,2517405.2619120325,2258148.2655132175
2024-02-08 00:00:00+00:00,2296920.66325125,2525928.5001611128,2265948.7691744696
2024-02-09 00:00:00+00:00,2304130.1310543697,2533941.709839761,2273386.7261444167
2024-02-12 00:00:00+00:00,2329123.340394564,2561721.2675622716,2297952.9296818404
2024-02-13 00:00:00+00:00,2286446.92203301,2514287.1021004473,2256528.450818878
2024-02-14 00:00:00+00:00,2300068.2054461264,2529426.9436341557,2270134.939881583
2024-02-15 00:00:00+00:00,2337625.561609896,2571171.3522555176,2306791.034385404
2024-02-16 00:00:00+00:00,2334262.2975139003,2567433.1372940443,2303901.728828602
2024-02-20 00:00:00+00:00,2322016.6792045133,2553822.3258114876,2291939.787324233
2024-02-21 00:00:00+00:00,2341213.8535366044,2575159.6820992935,2310586.856686677
2024-02-22 00:00:00+00:00,2347086.7006479474,2581687.258974451,2317176.2643255643
2024-02-23 00:00:00+00:00,2358282.571749865,2594131.2930036993,2328527.820625082
2024-02-26 00:00:00+00:00,2348966.7693408295,2583776.9256541203,2320123.7228784044
2024-02-27 00:00:00+00:00,2358036.111730175,2593857.356581606,2328781.5901753693
2024-02-28 00:00:00+00:00,2349066.7951749237,2583888.102790043,2319907.8918125015
2024-02-29 00:00:00+00:00,2361270.041216675,2597451.8181658695,2332005.003847799
2024-03-01 00:00:00+00:00,2375887.1709395726,2613698.5271558035,2347244.5114666964
2024-03-04 00:00:00+00:00,2387049.798339733,2626105.611335223,2358479.414748633
2024-03-05 00:00:00+00:00,2391817.95199936,2631405.3388737906,2362761.5172676034
2024-03-06 00:00:00+00:00,2395322.4742354937,2635300.5600286,2366329.282484139
2024-03-07 00:00:00+00:00,2405759.6909948294,2646901.361729645,2376011.8680178993
2024-03-08 00:00:00+00:00,2402783.7660202733,2643593.6680884133,2371784.9695105967
2024-03-11 00:00:00+00:00,2408051.7739085564,2649448.9757131073,2376491.467584685
2024-03-12 00:00:00+00:00,2412595.1476800935,2654498.863953685,2381038.5509562795
2024-03-13 00:00:00+00:00,2424694.7718377067,2667947.4052407197,2392904.227364309
2024-03-14 00:00:00+00:00,2409995.4831585363,2651609.3778675734,2378402.492359114
2024-03-15 00:00:00+00:00,2413517.004354311,2655523.493097735,2381773.489857095
2024-03-18 00:00:00+00:00,2422993.788460415,2666056.789062888,2390987.8849546113
2024-03-19 00:00:00+00:00,2437455.710074315,2682130.9866892667,2404954.025022643
2024-03-20 00:00:00+00:00,2467261.8076984305,2715259.9937792174,2433937.593276036
2024-03-21 00:00:00+00:00,2484752.886673074,2734701.052003928,2450779.38646053
2024-03-22 00:00:00+00:00,2471360.4115195097,2719815.5272395113,2437541.0772059974
2024-03-25 00:00:00+00:00,2464147.730531162,2711798.746156194,2429675.6839506426
2024-03-26 00:00:00+00:00,2451322.4198296797,2697543.6157289064,2417303.633557731
2024-03-27 00:00:00+00:00,2485766.5275440966,2735827.6978341285,2450897.014349647
2024-03-28 00:00:00+00:00,2506905.8487268602,2759323.719694229,2471784.715138298
2024-04-01 00:00:00+00:00,2501459.521092182,2753270.212485776,2471784.715138298
2024-04-02 00:00:00+00:00,2494304.6393086854,2745317.6743064257,2459617.851064066
2024-04-03 00:00:00+00:00,2496385.820945983,2747630.8748497176,2473297.5230200747
2024-04-04 00:00:00+00:00,2471881.8928387114,2720395.145495445,2453212.846935027
2024-04-05 00:00:00+00:00,2477798.1463355627,2726970.967883028,2471196.3753257017
2024-04-08 00:00:00+00:00,2478135.6280649193,2727346.073498851,2469444.907824286
2024-04-09 00:00:00+00:00,2479423.1926286663,2728777.181190273,2455838.716810432
2024-04-10 00:00:00+00:00,2444168.1756401006,2689591.786225132,2424230.7373894355
2024-04-11 00:00:00+00:00,2445055.047727824,2690577.530553444,2428679.0639724643
2024-04-12 00:00:00+00:00,2411268.6933907876,2653024.5309460876,2397781.31495088
2024-04-15 00:00:00+00:00,2392766.0252099577,2632459.1072842604,2373465.6420610184
2024-04-16 00:00:00+00:00,2392766.0252099577,2632459.1072842604,2359108.9096445744
2024-04-17 00:00:00+00:00,2386952.4636263475,2625822.190745034,2353067.5068044565
2024-04-18 00:00:00+00:00,2382580.231628594,2620830.7343990584,2349058.543387188
2024-04-19 00:00:00+00:00,2399426.5598914903,2640062.950840779,2365710.4281337983
2024-04-22 00:00:00+00:00,2420727.9647240704,2664381.2011953807,2386559.8053938365
2024-04-23 00:00:00+00:00,2450362.949616223,2698213.288211535,2415411.05059763
2024-04-24 00:00:00+00:00,2448544.0387224266,2696136.771153825,2414332.780128771
2024-04-25 00:00:00+00:00,2452481.17311495,2700631.508500474,2418513.1802460914
2024-04-26 00:00:00+00:00,2459245.1150026545,2708353.404474095,2424248.165825876
2024-04-29 00:00:00+00:00,2473535.485358173,2724667.6713826307,2438196.10603143
2024-04-30 00:00:00+00:00,2429867.5631253207,2674815.209835138,2395492.491326908
2024-05-01 00:00:00+00:00,2419242.475494804,2662685.3271786063,2386086.1630714275
2024-05-02 00:00:00+00:00,2451070.8837741255,2699021.4846765934,2416929.26249694
2024-05-03 00:00:00+00:00,2472125.250171636,2723057.7093827245,2437228.722693844
2024-05-06 00:00:00+00:00,2497172.2877299413,2751652.07368739,2461385.561703287
2024-05-07 00:00:00+00:00,2517037.818297512,2774331.0917881248,2481136.82700205
2024-05-08 00:00:00+00:00,2530306.886071641,2789479.4125040392,2493579.2814193685
2024-05-09 00:00:00+00:00,2552434.313643351,2814740.672389074,2515033.442893178
2024-05-10 00:00:00+00:00,2548878.8435323955,2810681.653138181,2511486.2693193224
2024-05-13 00:00:00+00:00,2540425.9511124333,2801031.6063124076,2503107.548358894
2024-05-14 00:00:00+00:00,2559946.448265562,2823316.725089645,2522956.6187491426
2024-05-15 00:00:00+00:00,2582335.8362267646,2848877.0459232293,2544900.734674472
2024-05-16 00:00:00+00:00,2562741.7143411604,2826507.8751930483,2525876.8112194343
2024-05-17 00:00:00+00:00,2570320.746866176,2835160.300318883,2533538.98578613
2024-05-20 00:00:00+00:00,2574267.2819284596,2839665.76972018,2537605.994805436
2024-05-21 00:00:00+00:00,2576563.3822363056,2842287.0589057677,2540086.6966725313
2024-05-22 00:00:00+00:00,2547212.539452087,2808779.356077948,2511496.8903323915
2024-05-23 00:00:00+00:00,2522484.738241516,2780549.4404792483,2487142.0842587273
2024-05-24 00:00:00+00:00,2549046.016871134,2810872.5026683407,2513327.89682511
2024-05-28 00:00:00+00:00,2533366.2433110606,2792972.056104642,2498654.423881551
2024-05-29 00:00:00+00:00,2523401.023010929,2781595.49554434,2486760.005693444
2024-05-30 00:00:00+00:00,2538852.1399390353,2799234.90161493,2501870.54660001
2024-05-31 00:00:00+00:00,2580572.5145607777,2846863.9910066086,2539541.501765879
2024-06-03 00:00:00+00:00,2552463.971915448,2814774.5310613834,2511156.402343541
2024-06-04 00:00:00+00:00,2515725.937893727,2772833.414224356,2476051.732298579
2024-06-05 00:00:00+00:00,2533883.3371608118,2793562.3841977376,2494171.194396278
2024-06-06 00:00:00+00:00,2522183.262240663,2780205.267457691,2483029.2180855856
2024-06-07 00:00:00+00:00,2510242.949166759,2766573.8884512037,2471466.3714321493
2024-06-10 00:00:00+00:00,2521331.084588131,2779232.3987824204,2481877.363532609
2024-06-11 00:00:00+00:00,2512684.920580753,2769361.707971608,2472978.7037315196
2024-06-12 00:00:00+00:00,2533847.781068946,2793521.7924175044,2493695.060200029
2024-06-13 00:00:00+00:00,2519836.815638847,2777526.5016037417,2480124.100195418
2024-06-14 00:00:00+00:00,2484904.2411580393,2737646.545402179,2445935.948288783
2024-06-17 00:00:00+00:00,2504960.076598934,2760542.8206082354,2465359.60981726
2024-06-18 00:00:00+00:00,2515615.4635333,2772707.2937559756,2476178.7664987487
2024-06-20 00:00:00+00:00,2503894.8940783157,2759326.7799098245,2465361.7399434033
2024-06-21 00:00:00+00:00,2497614.5932810213,2752157.021469423,2459489.3723760773
2024-06-24 00:00:00+00:00,2524532.575548307,2782887.3060192657,2486475.2675365615
2024-06-25 00:00:00+00:00,2523153.696914127,2781313.1414935845,2485405.008579196
2024-06-26 00:00:00+00:00,2517055.295384931,2774351.0440959972,2479663.97243458
2024-06-27 00:00:00+00:00,2519634.314758884,2777295.321212839,2482460.2672246327
2024-06-28 00:00:00+00:00,2536624.2527332557,2796691.486321067,2499325.861289988
2024-07-01 00:00:00+00:00,2524841.4802509663,2783239.959844401,2499325.861289988
2024-07-02 00:00:00+00:00,2530325.140727802,2789500.252505069,2504233.6390740024
2024-07-03 00:00:00+00:00,2543801.9179099863,2804885.6998060974,2518431.5113219316
2024-07-05 00:00:00+00:00,2516472.7932917587,2773686.0442124135,2489721.112314493
2024-07-08 00:00:00+00:00,2521620.0307800993,2779562.267440874,2496419.5064887125
2024-07-09 00:00:00+00:00,2510160.622217433,2766479.9018160324,2482942.1336271097
2024-07-10 00:00:00+00:00,2524448.560992511,2782791.392767659,2499143.079068123
2024-07-11 00:00:00+00:00,2573051.7642769716,2838278.1024375916,2551025.804562539
2024-07-12 00:00:00+00:00,2586949.3549665497,2854143.9616319123,2565166.960847562
2024-07-15 00:00:00+00:00,2602639.0140898977,2872055.693817593,2582004.554718876
2024-07-16 00:00:00+00:00,2652805.0995946685,2929326.6314014583,2637164.261004529
2024-07-17 00:00:00+00:00,2615100.6159874713,2886282.190010984,2597690.899190918
2024-07-18 00:00:00+00:00,2608724.857692638,2879003.45475231,2589818.372718917
2024-07-19 00:00:00+00:00,2600588.9809322795,2869715.321435864,2581613.2334969966
2024-07-22 00:00:00+00:00,2626740.044940071,2899570.0717013497,2610523.1075531314
2024-07-23 00:00:00+00:00,2626740.044940071,2899570.0717013497,2619249.7918762113
2024-07-24 00:00:00+00:00,2574332.045211848,2840520.5230947053,2565098.1209048736
2024-07-25 00:00:00+00:00,2593101.763903952,2861668.886359667,2585386.819769363
2024-07-26 00:00:00+00:00,2638578.83512163,2912909.1653491734,2632114.649953877
2024-07-29 00:00:00+00:00,2632327.583994498,2905865.707113824,2625398.596486788
2024-07-30 00:00:00+00:00,2646456.5145812556,2921785.165550879,2638556.5937300804
2024-07-31 00:00:00+00:00,2692970.0118388366,2974193.214539963,2685516.321044593
2024-08-01 00:00:00+00:00,2643629.365531782,2918599.7382099996,2635163.1426366777
2024-08-02 00:00:00+00:00,2569776.4349328475,2835387.590489039,2561260.525701531
2024-08-05 00:00:00+00:00,2511518.5005851574,2769746.758100352,2502418.6724844375
2024-08-06 00:00:00+00:00,2540976.037933033,2802937.38343381,2531948.942515561
2024-08-07 00:00:00+00:00,2517264.6024487354,2776221.050633012,2507590.2205525604
2024-08-08 00:00:00+00:00,2574362.954406177,2840555.3493422708,2564183.1520088217
2024-08-09 00:00:00+00:00,2577933.3729057703,2844578.23901238,2566655.1456936463
2024-08-12 00:00:00+00:00,2577946.8365154797,2844593.4088353096,2565977.850329163
2024-08-13 00:00:00+00:00,2603471.891568255,2873353.1971661444,2592468.7248000265
2024-08-14 00:00:00+00:00,2609136.1519127367,2879735.2765865885,2598159.911334397
2024-08-15 00:00:00+00:00,2657027.9953288753,2933696.3464676854,2645597.0115512214
2024-08-16 00:00:00+00:00,2661863.133091692,2939144.23045154,2650162.403340095
2024-08-19 00:00:00+00:00,2673541.0205809907,2952302.0305679017,2662128.5641644006
2024-08-20 00:00:00+00:00,2644773.653916368,2919889.0397085496,2633292.386037107
2024-08-21 00:00:00+00:00,2675554.4508115896,2954570.618319473,2663979.719119798
2024-08-22 00:00:00+00:00,2665746.994181,2943520.28459144,2654701.7186824633
2024-08-23 00:00:00+00:00,2716685.159243807,3000913.7296648594,2707077.618219583
2024-08-26 00:00:00+00:00,2711737.527642704,2995339.0957495756,2702674.4813349214
2024-08-27 00:00:00+00:00,2701393.7285751123,2983684.450104129,2692016.8286309233
2024-08-28 00:00:00+00:00,2670879.320786453,2949303.019496903,2664014.319540694
2024-08-29 00:00:00+00:00,2692599.9360233285,2973776.239842029,2685604.0361641995
2024-08-30 00:00:00+00:00,2715051.4432121725,2999072.976445508,2708041.712944448
2024-09-03 00:00:00+00:00,2642872.765987032,2917747.2564929873,2633754.232114677
2024-09-04 00:00:00+00:00,2633457.7756054993,2907139.125386125,2624641.6304379776
2024-09-05 00:00:00+00:00,2613443.994127135,2884589.04203362,2604655.220883695
2024-09-06 00:00:00+00:00,2569178.670229516,2834714.072398523,2560694.972716317
2024-09-09 00:00:00+00:00,2586603.4817758473,2854347.0914357402,2578220.6176379607
2024-09-10 00:00:00+00:00,2573663.6668096185,2839767.4425887764,2565527.8332353844
2024-09-11 00:00:00+00:00,2588937.960062139,2856977.4129468156,2581627.995602785
2024-09-12 00:00:00+00:00,2615652.7463619886,2887077.7045112643,2608211.894324509
2024-09-13 00:00:00+00:00,2659597.6885582223,2936591.6911867624,2652548.8130845265
2024-09-16 00:00:00+00:00,2673913.568057606,2952721.7901550396,2667890.496395262
2024-09-17 00:00:00+00:00,2689042.4695077315,2969767.94353195,2683758.4700693865
2024-09-18 00:00:00+00:00,2691273.2531455006,2972281.429403047,2686157.5175617565
2024-09-19 00:00:00+00:00,2738790.047171534,3025819.920721599,2734936.696554346
2024-09-20 00:00:00+00:00,2729386.7579073156,3015224.973588543,2725223.3003900894
2024-09-23 00:00:00+00:00,2743747.3759306855,3031405.4806941347,2739369.3564377427
2024-09-24 00:00:00+00:00,2747417.1524364613,3035540.319788874,2743257.394807788
2024-09-25 00:00:00+00:00,2725767.7608838035,3011147.3491465608,2721805.8536692862
2024-09-26 00:00:00+00:00,2722224.6464071693,3007155.223677321,2718020.7707142406
2024-09-27 00:00:00+00:00,2739193.317171802,3026274.296229269,2734536.100444573
2024-09-30 00:00:00+00:00,2747572.4729106734,3035715.323680249,2734536.100444573
2024-10-01 00:00:00+00:00,2734340.119150324,3020806.063250466,2719518.8654121095
2024-10-02 00:00:00+00:00,2734295.657229813,3020755.966769967,2720239.2607615963
2024-10-03 00:00:00+00:00,2731352.2353932974,3017439.531651159,2716160.1965898164
2024-10-04 00:00:00+00:00,2765319.6784931784,3055711.5930305542,2750468.558048403
2024-10-07 00:00:00+00:00,2747347.1359517155,3035461.43027123,2733299.4356239876
2024-10-08 00:00:00+00:00,2742721.2260751296,3030249.2891568206,2729000.719727775
2024-10-09 00:00:00+00:00,2753830.187907432,3042766.0649370016,2740143.679913232
2024-10-10 00:00:00+00:00,2748509.2712997976,3036770.8404391427,2734049.891214552
2024-10-11 00:00:00+00:00,2794534.5750778248,3088628.828278213,2780908.699698866
2024-10-14 00:00:00+00:00,2804185.522922718,3099502.8192113247,2789989.4936787924
2024-10-15 00:00:00+00:00,2790996.6034986004,3084642.4974542987,2776710.5445401175
2024-10-16 00:00:00+00:00,2790996.6034986004,3084642.4974542987,2818130.675665783
2024-10-17 00:00:00+00:00,2788548.2584176227,3081881.8034517197,2815307.860503454
2024-10-18 00:00:00+00:00,2775349.4721900546,3066999.1750743426,2801864.9678935604
2024-10-21 00:00:00+00:00,2753044.743650055,3041848.9089668607,2779758.2157455375
2024-10-22 00:00:00+00:00,2735016.7343903766,3021520.9668690255,2761201.54888557
2024-10-23 00:00:00+00:00,2721922.7850561403,3006756.5500072213,2746073.8111257753
2024-10-24 00:00:00+00:00,2723691.2411017437,3008750.6177703207,2747548.561243533
2024-10-25 00:00:00+00:00,2707497.408434246,2990490.8483157326,2731272.768382404
2024-10-28 00:00:00+00:00,2731830.5738184163,3017928.3301730766,2755794.786801957
2024-10-29 00:00:00+00:00,2721358.2824238013,3006120.0306523116,2745594.1987399133
2024-10-30 00:00:00+00:00,2722420.3703184915,3007317.614973192,2746510.346116566
2024-10-31 00:00:00+00:00,2696220.423390803,2977775.195927313,2720255.1708542053
2024-11-01 00:00:00+00:00,2694660.7850139574,2976016.585857759,2718670.1179179978
2024-11-04 00:00:00+00:00,2712003.068227729,2995571.32004587,2736405.133167647
2024-11-05 00:00:00+00:00,2756987.0249768733,3046294.1289237957,2782310.108989145
2024-11-06 00:00:00+00:00,2873436.5239022844,3177599.734405827,2901865.8466846966
2024-11-07 00:00:00+00:00,2876444.3218773864,3180991.2538020704,2905783.5659414036
2024-11-08 00:00:00+00:00,2899267.341834665,3206725.9326291424,2929481.3980709054
2024-11-11 00:00:00+00:00,2935331.4089841316,3247390.892263177,2965768.1712585157
2024-11-12 00:00:00+00:00,2906565.772555088,3214955.4645177056,2936766.7769265017
2024-11-13 00:00:00+00:00,2895627.1114776595,3202621.2979546143,2925109.145687848
2024-11-14 00:00:00+00:00,2869451.569925194,3173106.39781264,2898475.94187533
2024-11-15 00:00:00+00:00,2860074.8526871162,3162533.440902209,2889052.531648144
2024-11-18 00:00:00+00:00,2878140.904124539,3182904.278428782,2907477.130419939
2024-11-19 00:00:00+00:00,2899563.5680934615,3207059.950109938,2929311.1957467897
2024-11-20 00:00:00+00:00,2897019.6268601925,3204191.4642252624,2926052.580293289
2024-11-21 00:00:00+00:00,2958848.4994247346,3273908.1879834174,2989644.8247347428
2024-11-22 00:00:00+00:00,2999304.444359873,3319525.3215398155,3030779.735265919
2024-11-25 00:00:00+00:00,3016636.425167003,3339068.4389862968,3047908.5420730393
2024-11-26 00:00:00+00:00,3014757.463653343,3336949.767961472,3046059.9422717104
2024-11-27 00:00:00+00:00,3002404.6780490507,3323021.0691853594,3033259.728108362
2024-11-29 00:00:00+00:00,3018067.22385623,3340681.772576784,3049321.67030624
2024-12-02 00:00:00+00:00,3017534.7373868073,3340081.353863748,3048444.256787814
2024-12-03 00:00:00+00:00,3012175.915194792,3334038.8770898134,3043003.7113484107
2024-12-04 00:00:00+00:00,3017662.6086935615,3340225.538420247,3049789.4502672255
2024-12-05 00:00:00+00:00,2997111.5836265082,3317052.7054359317,3028343.568367551
2024-12-06 00:00:00+00:00,2981151.929237965,3299056.9896783745,3012710.9072398953
2024-12-09 00:00:00+00:00,2926522.2539745374,3237457.9046333996,2955767.742074862
2024-12-10 00:00:00+00:00,2919603.1420153473,3229656.0832981155,2949195.8861541557
2024-12-11 00:00:00+00:00,2935304.148111439,3247360.153570199,2965586.8036805997
2024-12-12 00:00:00+00:00,2913018.424368677,3222231.3168070377,2942960.8417175305
2024-12-13 00:00:00+00:00,2903911.556553841,3211962.6355030695,2933825.116154951
2024-12-16 00:00:00+00:00,2895444.1244723415,3202414.9662850895,2925371.3936597044
2024-12-17 00:00:00+00:00,2869733.266033228,3173424.031450986,2899520.126907756
2024-12-18 00:00:00+00:00,2771940.0389172086,3063154.7815443333,2799686.8963803784
2024-12-19 00:00:00+00:00,2777904.464949113,3069880.122389068,2806560.8043555524
2024-12-20 00:00:00+00:00,2789313.6097241854,3082744.794856939,2817879.1606350667
2024-12-23 00:00:00+00:00,2786924.221280866,3080050.5789163206,2815407.0953184776
2024-12-24 00:00:00+00:00,2807932.192302408,3103738.652977502,2836603.248813318
2024-12-26 00:00:00+00:00,2817014.6486859354,3113979.8085488714,2845885.4576122602
2024-12-27 00:00:00+00:00,2792622.363074678,3086475.6641701283,2820915.096036167
2024-12-30 00:00:00+00:00,2780784.317195871,3073127.3733128486,2808956.335590908
2024-12-31 00:00:00+00:00,2786236.0943866516,3079274.663868793,2808956.335590908
2025-01-02 00:00:00+00:00,2801719.3866620166,3096733.245364058,2815918.3438333296
2025-01-03 00:00:00+00:00,2850351.1603534813,3151569.2433644696,2847845.6613079295
2025-01-06 00:00:00+00:00,2859765.6350828153,3162184.7746981196,2845316.628786098
2025-01-07 00:00:00+00:00,2839111.647432794,3138895.8436247315,2824973.1943391208
2025-01-08 00:00:00+00:00,2845952.6174771152,3146609.5540489336,2827822.406719745
2025-01-10 00:00:00+00:00,2813731.5377593986,3110277.853005467,2789784.042156994
2025-01-13 00:00:00+00:00,2813168.9198656674,3109643.458835692,2800140.507508277
2025-01-14 00:00:00+00:00,2852566.4250761033,3154067.1216584174,2843695.8776887623
2025-01-15 00:00:00+00:00,2852566.4250761033,3154067.1216584174,2883096.9854342733
2025-01-16 00:00:00+00:00,2858710.0397128537,3160911.7666153805,2889327.0305822827
2025-01-17 00:00:00+00:00,2871751.2958245636,3175441.1232165433,2903047.757818085
2025-01-21 00:00:00+00:00,2916866.2781841224,3225704.047366057,2948839.6676409394
2025-01-22 00:00:00+00:00,2899317.631270796,3206152.974471883,2932253.8734268965
2025-01-23 00:00:00+00:00,2913066.296274099,3221470.46037292,2945862.531840049
2025-01-24 00:00:00+00:00,2903697.158672321,3211032.237237391,2935952.45615129
2025-01-27 00:00:00+00:00,2869821.068914065,3173290.6436259607,2898108.3414314264
2025-01-28 00:00:00+00:00,2866610.645529902,3169713.8879983085,2895415.100807763
2025-01-29 00:00:00+00:00,2874645.9092167276,3178666.032675955,2904957.079116294
2025-01-30 00:00:00+00:00,2918594.635194551,3227629.6222588075,2950359.059389526
2025-01-31 00:00:00+00:00,2878433.5483700847,3182885.868515713,2909595.144021429
2025-02-03 00:00:00+00:00,2853982.817178186,3155645.1342180935,2885286.7299906625
2025-02-04 00:00:00+00:00,2863050.8640648695,3165747.9100369345,2894485.536620155
2025-02-05 00:00:00+00:00,2897043.768130915,3203619.6473031975,2928977.0297610513
2025-02-06 00:00:00+00:00,2906732.6665008496,3214414.1181949098,2938016.236140768
2025-02-07 00:00:00+00:00,2868989.3991914247,3172364.074446495,2899442.8012576113
2025-02-10 00:00:00+00:00,2875200.6462289565,3179284.069144336,2905971.69802244
2025-02-11 00:00:00+00:00,2874558.103614591,3178568.2078273287,2904334.3227964966
2025-02-12 00:00:00+00:00,2858275.7225649445,3160427.8907781206,2886735.8903804542
2025-02-13 00:00:00+00:00,2861757.717910306,3164307.206667862,2889380.7027150597
2025-02-14 00:00:00+00:00,2856669.767835806,3158638.6851414004,2884928.2517346945
2025-02-18 00:00:00+00:00,2871750.04958697,3175439.7347743376,2901012.1207591216
2025-02-19 00:00:00+00:00,2857767.0482058823,3159861.173040705,2887216.7797480994
2025-02-20 00:00:00+00:00,2831484.1452022297,3130579.203038522,2860095.668456811
2025-02-21 00:00:00+00:00,2776688.509469548,3069530.9938071473,2803049.263583051
2025-02-24 00:00:00+00:00,2772842.429485171,3065246.048620048,2798805.354074413
2025-02-25 00:00:00+00:00,2778871.7174450345,3071963.3214095375,2805086.8698883085
2025-02-26 00:00:00+00:00,2772600.4895700812,3064976.50163222,2799404.408779731
2025-02-27 00:00:00+00:00,2736387.5350505747,3024631.3902956513,2762309.0073642973
2025-02-28 00:00:00+00:00,2770696.768498999,3062855.55238669,2797609.521503388
2025-03-03 00:00:00+00:00,2722571.6763152475,3009239.043377733,2748103.530350009
2025-03-04 00:00:00+00:00,2679239.0529270703,2960961.858091459,2704241.1549911536
2025-03-05 00:00:00+00:00,2700772.9579352476,2984952.9354999047,2726290.228205776
2025-03-06 00:00:00+00:00,2658464.353568715,2937816.6171212676,2682064.6720727845
2025-03-07 00:00:00+00:00,2680580.3925683973,2962456.2541684303,2704338.237359352
2025-03-10 00:00:00+00:00,2654369.0495138816,2933254.009616808,2676451.827043133
2025-03-11 00:00:00+00:00,2643226.6906620422,2920840.2280186424,2665844.976788307
2025-03-12 00:00:00+00:00,2648068.2129120035,2926234.2025452983,2670861.373524322
2025-03-13 00:00:00+00:00,2612439.3688057605,2886539.852793048,2633625.0479774512
2025-03-14 00:00:00+00:00,2673618.3669712124,2954699.8117136965,2696116.207644219
2025-03-17 00:00:00+00:00,2705186.7906591985,2989870.4180702064,2727822.160978982
2025-03-18 00:00:00+00:00,2680488.946672417,2962354.3736424274,2702373.895762684
2025-03-19 00:00:00+00:00,2715895.6543485485,3001801.239610941,2738909.4701318475
2025-03-20 00:00:00+00:00,2717727.787499332,3003842.43224304,2741054.675996417
2025-03-21 00:00:00+00:00,2700378.382148984,2984513.335797568,2723569.77432591
2025-03-24 00:00:00+00:00,2753454.0363566615,3043645.301324338,2778266.7112329435
2025-03-25 00:00:00+00:00,2739916.761945203,3028563.3271918553,2764919.886912583
2025-03-26 00:00:00+00:00,2728838.271170613,3016220.7014748286,2752489.4149138206
2025-03-27 00:00:00+00:00,2715717.6262028427,3001602.897181972,2738448.2781127263
2025-03-28 00:00:00+00:00,2678390.898333746,2960016.9229997965,2700651.937540313
2025-03-31 00:00:00+00:00,2679478.6019256245,2961228.7413420933,2700651.937540313
2025-04-01 00:00:00+00:00,2693158.739943837,2976469.880839482,2713944.6555180177
2025-04-02 00:00:00+00:00,2730606.1961758686,3018190.3593532913,2751771.3526454684
2025-04-03 00:00:00+00:00,2590764.419013641,2862391.6363831847,2611271.7168100886
2025-04-04 00:00:00+00:00,2475835.529476216,2734348.5394942546,2493748.180493255
2025-04-07 00:00:00+00:00,2444100.116693276,2698991.8893940817,2461234.5662886747
2025-04-08 00:00:00+00:00,2389996.075593145,2638714.1906836038,2406902.924182588
2025-04-09 00:00:00+00:00,2555655.426789182,2823276.457326266,2573768.3149576765
2025-04-10 00:00:00+00:00,2472754.6727856966,2730916.1350456183,2489887.0886712368
2025-04-11 00:00:00+00:00,2503984.1966370093,2765709.1706729806,2522373.8329187534
2025-04-14 00:00:00+00:00,2534542.697271308,2799754.6145404577,2553473.565960525
2025-04-15 00:00:00+00:00,2536490.340672452,2801924.497967693,2555130.1951256194
2025-04-16 00:00:00+00:00,2536490.340672452,2801924.497967693,2536158.6090545543
2025-04-17 00:00:00+00:00,2559787.6980967894,2827818.4699505134,2558926.11224185
2025-04-21 00:00:00+00:00,2506040.2816217714,2768080.6176694985,2505882.2466749484
2025-04-22 00:00:00+00:00,2567902.461068354,2836837.666471635,2567386.35431216
2025-04-23 00:00:00+00:00,2592140.114735715,2863776.735721451,2590478.9378557173
2025-04-24 00:00:00+00:00,2627869.1122803325,2903487.920322504,2624445.6388990004
2025-04-25 00:00:00+00:00,2624283.7688196823,2899502.9712388846,2621373.6437057843
2025-04-28 00:00:00+00:00,2641700.3657569345,2918860.7406594693,2638008.8550311085
2025-04-29 00:00:00+00:00,2644807.5624812115,2922314.2510065055,2640154.0383041524
2025-04-30 00:00:00+00:00,2631275.746657794,2907274.2422438706,2627897.563801523
2025-05-01 00:00:00+00:00,2629070.7334830146,2904823.4686076376,2625115.813579288
2025-05-02 00:00:00+00:00,2677887.4882202675,2959081.110641241,2673196.291725926
2025-05-05 00:00:00+00:00,2670280.0449113906,2950625.7772610197,2665912.098978149
2025-05-06 00:00:00+00:00,2670119.797205359,2950447.669094728,2667006.62030222
2025-05-07 00:00:00+00:00,2702859.1274216967,2986835.9720218466,2698814.1692647124
2025-05-08 00:00:00+00:00,2726462.6753472607,3013070.261067917,2721169.0244929534
2025-05-09 00:00:00+00:00,2727111.2432914968,3013791.1153635844,2721995.2775712786
2025-05-12 00:00:00+00:00,2786985.051347722,3080338.178194541,2776229.694972488
2025-05-13 00:00:00+00:00,2814234.9253586973,3110625.1957872943,2802763.3711497826
2025-05-14 00:00:00+00:00,2794741.489164839,3088959.112314438,2785207.3643535813
2025-05-15 00:00:00+00:00,2815197.2895222562,3111694.820562095,2806464.819835972
2025-05-16 00:00:00+00:00,2839531.0621762183,3138740.7217714647,2831245.6442698846
2025-05-19 00:00:00+00:00,2824697.3382556983,3122253.700320801,2817189.8434137055
2025-05-20 00:00:00+00:00,2822744.546748853,3120083.259800636,2815667.0245763175
2025-05-21 00:00:00+00:00,2760499.786169693,3050900.989161203,2756237.839800703
2025-05-22 00:00:00+00:00,2767790.7024803776,3059004.5169235724,2762577.946676631
2025-05-23 00:00:00+00:00,2775677.7345921523,3067770.6007677666,2771998.551398712
2025-05-27 00:00:00+00:00,2835192.288175337,3133918.3683013995,2830977.362594909
2025-05-28 00:00:00+00:00,2795478.627793255,3089778.4089687318,2792235.5447932985
2025-05-29 00:00:00+00:00,2806471.25385455,3101996.2217474226,2802637.030522262
2025-05-30 00:00:00+00:00,2803462.7232044064,3098652.3743339432,2801606.9049221054
2025-06-02 00:00:00+00:00,2799873.5157637508,3094663.130609169,2799558.802098989
2025-06-03 00:00:00+00:00,2823555.620867041,3120984.7324487916,2821198.9377981843
2025-06-04 00:00:00+00:00,2813699.0049800742,3110029.54422835,2811169.0032757577
2025-06-05 00:00:00+00:00,2813560.706668479,3109875.8318333994,2810752.465869579
2025-06-06 00:00:00+00:00,2843873.7928659064,3143567.4729243764,2840133.074381523
2025-06-09 00:00:00+00:00,2842570.6492163553,3142119.0869749975,2837033.9070537784
2025-06-10 00:00:00+00:00,2852094.801120779,3152704.7563314554,2845040.111009788
2025-06-11 00:00:00+00:00,2855080.9953844273,3156023.777849209,2849296.711878934
2025-06-12 00:00:00+00:00,2863817.0399075234,3165733.5010595084,2858734.9816714763
2025-06-13 00:00:00+00:00,2824738.3117641797,3122299.240545013,2821254.189856507
2025-06-16 00:00:00+00:00,2853670.869221629,3154456.4856157303,2848674.2850058163
2025-06-17 00:00:00+00:00,2826305.448594407,3124041.04312099,2823553.971348985
2025-06-18 00:00:00+00:00,2841169.5601017536,3140561.839016865,2838743.7688342747
2025-06-20 00:00:00+00:00,2854412.5421698093,3155280.821963875,2851504.6459597293
2025-06-23 00:00:00+00:00,2872465.9738879506,3175346.404793238,2870127.807392747
2025-06-24 00:00:00+00:00,2894037.4791051312,3199322.169149131,2890798.5920196073
2025-06-25 00:00:00+00:00,2857842.0237323046,3159092.537510725,2854521.8571166964
2025-06-26 00:00:00+00:00,2895143.4608564638,3200551.4184567197,2890983.6117095267
2025-06-27 00:00:00+00:00,2913263.3044957346,3220690.815169508,2908438.003958058
2025-06-30 00:00:00+00:00,2925967.337459848,3234810.7802646877,2908438.003958058
2025-07-01 00:00:00+00:00,2943253.4185884367,3254023.487194653,2922793.181282358
2025-07-02 00:00:00+00:00,2950440.789535095,3262011.928910728,2922808.5157999704
2025-07-03 00:00:00+00:00,2957836.497530364,3270231.9279490123,2930939.5349758775
2025-07-07 00:00:00+00:00,2922010.522454211,3230412.957154067,2897755.4964380865
2025-07-08 00:00:00+00:00,2927088.6428060043,3236057.0610633516,2899065.8365069157
2025-07-09 00:00:00+00:00,2934189.5873914515,3243949.4437399833,2902355.8516425914
2025-07-10 00:00:00+00:00,2952764.6799551877,3264594.829294365,2918325.897789878
2025-07-11 00:00:00+00:00,2927010.4052051366,3235970.103465202,2894369.268051948
2025-07-14 00:00:00+00:00,2936199.3117134734,3246183.16254078,2910038.6283987146
2025-07-15 00:00:00+00:00,2889545.431087501,3194329.458456866,2866056.7825601627
2025-07-16 00:00:00+00:00,2903593.2652688427,3209942.998571547,2880991.762413695
2025-07-17 00:00:00+00:00,2915158.984174035,3222797.7784436787,2892404.897869627
2025-07-18 00:00:00+00:00,2911915.6285811504,3219192.933596995,2893406.321642594
2025-07-21 00:00:00+00:00,2911915.6285811504,3219192.933596995,2883553.204279342
2025-07-22 00:00:00+00:00,2954526.2665346265,3266640.7421425986,2924415.7963780495
2025-07-23 00:00:00+00:00,2981895.7563368403,3297117.223474424,2950074.531235001
2025-07-24 00:00:00+00:00,2931276.6399443643,3240751.8119553537,2902132.3527286407
2025-07-25 00:00:00+00:00,2940013.2691843603,3250480.225596235,2910902.5682254424
2025-07-28 00:00:00+00:00,2929752.944348176,3239055.1460427553,2900204.203344271
2025-07-29 00:00:00+00:00,2917208.009623307,3225086.1070977724,2888960.446598506
2025-07-30 00:00:00+00:00,2919666.8958080607,3227824.1266753483,2889519.8820171445
2025-07-31 00:00:00+00:00,2911989.338026901,3219275.010558007,2882200.0672959858
2025-08-01 00:00:00+00:00,2853076.6204827153,3153674.5061489968,2823863.7001011143
2025-08-04 00:00:00+00:00,2890600.2823505076,3195457.8637738437,2860889.585831893
2025-08-05 00:00:00+00:00,2889716.762581491,3194474.0466131545,2860136.188770043
2025-08-06 00:00:00+00:00,2907809.2526987754,3214620.4008671185,2877526.492303045
2025-08-07 00:00:00+00:00,2910379.12727075,3217482.008262211,2878885.098753758
2025-08-08 00:00:00+00:00,2917569.4612536845,3225488.5908102994,2884952.785151067
2025-08-11 00:00:00+00:00,2913984.517852645,3221496.6837113006,2880774.5568837146
2025-08-12 00:00:00+00:00,2961474.8441563365,3274378.1240850883,2929988.6537009096
2025-08-13 00:00:00+00:00,3011364.891660601,3329931.7026280323,2979314.4416634063
2025-08-14 00:00:00+00:00,2991710.422920687,3308046.0535360104,2959526.791006653
2025-08-15 00:00:00+00:00,2986936.5456364285,3302730.2444732348,2953169.603727122
2025-08-18 00:00:00+00:00,2987639.3734252434,3303512.857453605,2952805.243888335
2025-08-19 00:00:00+00:00,2986948.7198574757,3302743.8007149906,2952493.0166816656
2025-08-20 00:00:00+00:00,2977409.9407645166,3292122.1769632944,2944815.4041576074
2025-08-21 00:00:00+00:00,2974191.198567766,3288538.042323588,2941426.03902693
2025-08-22 00:00:00+00:00,3033697.5129083893,3354799.52879021,2999483.9651507554
2025-08-25 00:00:00+00:00,3012450.710781616,3331140.7842152487,2978710.7779488075
2025-08-26 00:00:00+00:00,3021949.629386588,3341718.022506097,2986917.7667935104
2025-08-27 00:00:00+00:00,3035390.241754448,3356684.416650727,3000692.3437177036
2025-08-28 00:00:00+00:00,3030193.899152589,3350898.1838987195,2995258.1524241604
2025-08-29 00:00:00+00:00,3028412.109287749,3348914.124789636,2994356.1500253854
